model,reference,sd_arrange,sd_null,sd_full,var_arrange,var_null,var_full,sf_gsi,gsi_naive,arrangement_share,spacer_share,p_perm,p_gpd,z_submitted
billboard,0.6246132254600525,0.09404825337314146,0.2566198019764103,0.2795481196725759,0.008845073962538615,0.06585372276641205,0.07814715121247283,0.15057038426279107,0.7093419198491588,0.11318485479387352,0.8426887192261634,1.0,,0.8246101011114269
billboard,-0.6835747957229614,0.15379492576120474,0.21112427847771195,0.23750469722894843,0.023652879189894473,0.04457346096273447,0.056408481205814466,0.22498624396844294,0.2544426036192783,0.41931423580779525,0.7901907658194479,0.9598080383923215,,1.0520066951735711
billboard,-1.2254098653793335,0.04445830241547139,0.2862916169942741,0.25700585290510497,0.0019765406536655095,0.08196288996119613,0.06605200842748046,0.03628035294273483,0.19967764487061937,0.02992400535156451,1.240884144366094,1.0,,0.2400487031242757
billboard,-0.20490528643131256,0.061662469954880623,0.3096115838691241,0.33105010593726647,0.0038022602009365556,0.09585933286594764,0.10959417264107536,0.30093157199021725,1.2767807543592549,0.03469399977487021,0.8746754554175997,1.0,,0.16426431797791735
billboard,1.7076048851013184,0.03961164567591076,0.1951618873939389,0.21099735576122866,0.0015690824731538994,0.03808816229116448,0.04451988413823049,0.02319719627269657,0.12748094640991922,0.03524453182047892,0.8555314783143627,1.0,,0.24870606065877499
billboard,-0.07055599987506866,0.12689961140139022,0.2227319857047457,0.26374089095407127,0.016103511373823844,0.04960953745597905,0.06955925756124733,1.7985658431045901,8.332573369596075,0.2315078098647705,0.7131982024433997,0.9998000399920016,,0.14750919477832805
billboard,-0.4981323480606079,0.029954972303790496,0.23808854857316125,0.25534028367388034,0.0008973003657208558,0.05668615696167457,0.06519866046665769,0.06013456548327969,0.38160960511356484,0.013762558299487323,0.8694374478853537,1.0,,0.6696222385092135
billboard,-0.0257350355386734,0.16845980706097768,0.23149807403439887,0.2752688853079633,0.028378706595021824,0.05359135828163602,0.07577295921868864,6.5459325598297395,2.0879358356641013,0.3745228758074226,0.7072623114397022,0.9656068786242752,,0.3854513853098167
billboard,1.609416127204895,0.06384608584672191,0.1565727254900983,0.23931236358175736,0.0040763226779469836,0.024515018367397674,0.05727040736308723,0.03967034054617352,0.13664550178865012,0.07117677113947535,0.428057342284568,1.0,,0.5930373443378952
billboard,-0.8801485896110535,0.053368226840865535,0.32373413672237744,0.29108668225018874,0.0028481676361380806,0.10480379127938295,0.08473145658342233,0.060635473908388006,0.5621367623469616,0.033614052572481366,1.2368935399593703,1.0,,1.2447383894026367
billboard,-0.4323570132255554,0.07350179430435856,0.2700457299609319,0.24749856356436103,0.005402513765960237,0.07292469627013255,0.06125553896642206,0.17000254894908703,0.3874973408510085,0.08819633060320779,1.190499626655919,1.0,,0.8337557088256636
billboard,1.6016030311584473,0.04021620192108871,0.17078128444266805,0.18793464405369345,0.0016173428969577797,0.029166247115887493,0.03531943043558846,0.025109968661835097,0.16264864762449255,0.045791873680049985,0.8257847523639307,1.0,,2.3739056355002175
billboard,-0.28155672550201416,0.04026465028303654,0.2884571282097807,0.2118808699982886,0.0016212420624152346,0.08320751481503387,0.044893503071231675,0.14300724023283365,0.50176953127369,0.036113066513050684,1.8534422382457005,1.0,,0.6641023518328736
billboard,0.4935508966445923,0.01531875920767147,0.1642627635405167,0.2531372207877696,0.00023466438366261943,0.026982255485967697,0.06407845254815603,0.031037851033836866,4.787926751761108,0.0036621418640886377,0.42108157130807866,1.0,,1.7408779029887718
billboard,-0.19973959028720856,0.052936237716206695,0.267799607424974,0.31913970026420896,0.0028022452635467444,0.07171662973697018,0.10185014828472913,0.26502626564963355,8.932372818499738,0.027513413684120264,0.7041386875204284,1.0,,0.737821164017121
billboard,0.004929438233375549,0.10480705361110138,0.24428428249127845,0.3178146894934377,0.010984518486640279,0.05967481067227873,0.10100617685781023,21.26145995734128,6.639278768582896,0.1087509578954122,0.5908035778473721,0.9996000799840032,,0.13510835313435288
billboard,0.9562628865242004,0.018972487648069334,0.1746331213952171,0.3135756385421215,0.0003599552875561434,0.030496727088236638,0.09832968108709923,0.019840242589597972,0.4176712132712219,0.0036606982101091063,0.3101477270247934,1.0,,0.6553168443114453
billboard,-1.0606896877288818,0.05587849467719674,0.29779511623902877,0.23674350384186374,0.003122406167389504,0.08868193125581667,0.056047486611322556,0.052681284001961176,0.2866178740145922,0.055710012280171084,1.5822641944822087,1.0,,0.9913668704373937
billboard,-0.5980755090713501,0.07205263393988434,0.23992257322420182,0.2653729456026326,0.005191582057674973,0.05756284114252249,0.07042280025781779,0.12047414222288193,0.4485537764195606,0.07372018776118809,0.8173892678476998,1.0,,0.024329869426935935
billboard,1.1861743927001953,0.07761099103215417,0.20798920919515246,0.24031048447045036,0.006023465928993115,0.04325951114162489,0.05774912894642256,0.06542966321797025,0.26542827214707637,0.1043040135649744,0.7490937427257027,1.0,,1.1685114875878488
billboard,-1.1888610124588013,0.027129914724342737,0.25587592402069037,0.25705262979953347,0.0007360322729501088,0.06547248849344212,0.066076054486856,0.022820089514276082,0.22543943723484394,0.011139168018824763,0.9908655866622009,1.0,,0.18919008799784673
billboard,-0.7226195931434631,0.0,0.23693291512628492,0.2186259557818391,0.0,0.05613720627023934,0.047797308541522664,0.0,0.3006884395194518,0.0,1.1744846725307054,1.0,,0.020423375791069558
billboard,0.8504432439804077,0.017446185805312424,0.1955608924423635,0.2157729729668498,0.0003043693991534847,0.03824406265285366,0.04655797586295289,0.02051422705606718,0.2846887065074364,0.006537427658999185,0.8214288087916044,1.0,,0.4287712279649873
billboard,-0.20520474016666412,0.020939933058368977,0.26691372180777156,0.30746098737175803,0.00043848079648897394,0.07124293488927647,0.09453225875561636,0.10204410015753967,11.414391555077144,0.00463842504411673,0.7536362277500724,1.0,,0.7550258633106997
billboard,-0.4755963683128357,0.07742455686903758,0.3743141343546603,0.3184218393020944,0.005994562006366835,0.1401110711776787,0.10139246774452883,0.16279467638430242,0.9001938471498363,0.05912236026714424,1.381868636738444,1.0,,0.38273289423203155
billboard,0.47136372327804565,0.10429542073449513,0.204686058367992,0.228026218872121,0.010877534786185358,0.04189638249022503,0.051995956493116426,0.2212631468734684,0.43900560567255836,0.20919962858314567,0.8057623191482506,0.9918016396720656,,0.21072820187028427
billboard,-0.5321589112281799,0.00028823795782473733,0.24362763435872428,0.30903853900574746,8.308112033097505e-08,0.05935442422322826,0.09550481859080688,0.0005416388821893583,0.6890670630663183,8.699154823479482e-07,0.6214809378104155,1.0,,0.27074479990771355
billboard,-0.2613861560821533,0.034231929200408885,0.28195749119170344,0.24756464085632732,0.0011718249767818066,0.07950002683911951,0.06128825140232232,0.13096305371907238,0.6696867972574931,0.01911989573808275,1.2971495355161513,1.0,,0.4374054267816112
billboard,-1.6466063261032104,0.006835834959100972,0.24940019478933056,0.25230936244775765,4.672863958806699e-05,0.062200457160956034,0.06366001437879394,0.004151468903486101,0.1887202018614345,0.0007340343863263871,0.9770726219263295,1.0,,1.22729063065529
billboard,0.39156603813171387,0.0720740846499255,0.26031926892471874,0.30380723842724305,0.005194673678124627,0.06776612177350004,0.0922988381207877,0.18406623054903812,0.5830648157553128,0.05628103000957142,0.7342034109337032,1.0,,0.42621176467927624
billboard,0.45406991243362427,0.032162258055969985,0.286224718268644,0.30625739581193906,0.001034410843258806,0.08192458934796461,0.09379359248951072,0.07083107066837742,0.705566405419463,0.01102858751651386,0.8734561410165256,1.0,,0.06534042017538558
billboard,1.363251805305481,0.0942803859129291,0.2247991688185826,0.23024049853025932,0.00888879116789084,0.05053466630152561,0.05301068716346235,0.069158453006268,0.16704145951083826,0.1676792292935498,0.9532920436533534,1.0,,0.06554722754011051
billboard,-0.37915414571762085,0.013080920601967229,0.2505452716694577,0.2754463551740716,0.0001711104837949707,0.06277293315592239,0.0758706945786808,0.034500270535639574,0.7658637468300459,0.0022552908569661587,0.8273673188904903,1.0,,0.0707928399474505
billboard,-0.7544260621070862,0.0606954091861555,0.24585527381641498,0.2903666279428859,0.003683932696274849,0.06044481566334438,0.08431277862292233,0.08045242898506885,0.99369077511244,0.043693645927039684,0.7169116787583976,1.0,,1.5918351818492167
billboard,-0.6257941722869873,0.04153814437656964,0.21543819964393565,0.2678245157892006,0.001725417438248744,0.046413617865820274,0.07172997125771974,0.06637668776103652,0.3228006727352764,0.02405434448104635,0.647060315959978,1.0,,0.7613041192408908
billboard,0.8320727348327637,0.06488691395376497,0.15101483650710584,0.2329837417048394,0.0042103116024433,0.022805480845267907,0.05428142389878732,0.07798226193147219,0.2063769340420829,0.07756450181361879,0.42013416758909666,1.0,,1.2741259218705094
billboard,0.02595597505569458,0.07920139255470897,0.19055421911479842,0.24863708832356057,0.00627286058260511,0.036310910422450604,0.06182040169001807,3.051374197454111,0.4883750074063131,0.10146910099450175,0.5873612825183827,1.0,,1.9432138143766267
billboard,0.5436224341392517,0.038329440901428286,0.2868478142243331,0.31774345198398934,0.0014691460398160835,0.0822816685252775,0.10096090127870173,0.07050746712121524,1.8570150788674247,0.01455163356516121,0.8149854793603678,1.0,,1.172386185170101
billboard,0.413854718208313,0.08989546757647035,0.22963829426263566,0.2130680535006577,0.008081195090792232,0.052733746191852844,0.04539799542255913,0.21721503615000864,0.656522947431015,0.1780077515664168,1.1615875481067703,1.0,,0.4191833092790221
billboard,0.9540963768959045,0.012037033482801291,0.29103838052229014,0.24216282707375686,0.00014489017506607937,0.08470333893703735,0.058642834816354274,0.012616160981517464,0.2697633876165072,0.002470722561755703,1.444393662112244,1.0,,0.23294383337506475
billboard,-0.8420554995536804,0.10343421643305149,0.18468793396605088,0.2602350983652814,0.010698637129119339,0.03410963295264837,0.0677223064211877,0.12283539088323196,0.4884787905202742,0.1579780384705289,0.5036690974537863,0.9996000799840032,,1.1885773646118591
billboard,-0.4298417568206787,0.05267485796708677,0.17527532323790854,0.3552122781054165,0.002774640661852765,0.03072143893615332,0.12617576251683976,0.12254476707124956,0.6892508472349239,0.021990282495677044,0.2434813019818537,1.0,,0.2407523403768445
billboard,0.7612254023551941,0.056357048781728036,0.2970455763879715,0.2558493953015751,0.0031761169473860738,0.08823607445166222,0.06545891307618162,0.07403464020953858,0.3742002283315679,0.04852077124607435,1.3479611913044194,1.0,,0.3029210010055825
billboard,-1.9139528274536133,0.12507891282403208,0.20633187120860524,0.27951878349744147,0.015644734433241818,0.04257284107644446,0.07813075032788955,0.06535109488066183,0.15073078080593713,0.2002378623984272,0.5448922594212904,1.0,,0.21296882695772731
billboard,-0.8684951663017273,0.004163476898399552,0.17910505453681685,0.2769849015691315,1.733453988350675e-05,0.032078620560636144,0.0767206356972615,0.0047938976058193765,0.44588127851183684,0.0002259436424889464,0.4181224551790461,1.0,,0.8927830519658712
billboard,0.8451259136199951,0.001604490283906432,0.14690103285647804,0.21688403784831564,2.574389071150143e-06,0.021579913454300038,0.04703868587338961,0.0018985221705411814,0.25415573713683726,5.472918776003707e-05,0.4587694799209532,1.0,,0.03792362519388974
billboard,0.42850562930107117,0.117471702776806,0.30966274702500524,0.2782301745129834,0.01379960095328225,0.09589101689507237,0.07741203000952519,0.2741427293928723,1.3830419153157567,0.17826171141080105,1.2387094988114047,1.0,,0.8170681102721647
billboard,-1.0362329483032227,0.04164254107998559,0.14460865982880639,0.31736550698389576,0.0017341012275982877,0.02091166449748344,0.10072086502314519,0.040186466902228,0.33293835074258776,0.017216901653890674,0.2076199851210376,1.0,,0.2615498611146713
billboard,-0.9764321446418762,0.10525798377093225,0.22410311798943577,0.1971173389065164,0.011079243147521838,0.05022220749258697,0.038855245297586445,0.10779856475284054,0.158561374499025,0.28514150567491187,1.2925464015975883,1.0,,1.3531483112035856
billboard,-0.5841622948646545,0.020624301224259966,0.23648751164707488,0.25869781703547756,0.0004253618009890112,0.05592634316502538,0.06692456053892142,0.03530577273741785,0.4870275071441633,0.006355840031876382,0.8356624640441264,1.0,,0.2048153376760642
billboard,0.5351466536521912,0.031034850148195375,0.20921129980892966,0.26443789652896177,0.0009631619237209424,0.04376936796774185,0.0699274011206619,0.05799316866954738,0.6490289317201645,0.013773741169916736,0.6259258497568992,1.0,,0.4829505618254664
billboard,1.3085702657699585,0.061811733441870347,0.16945757676314752,0.2354432067812618,0.0038206903910888326,0.02871587032243803,0.055433503619444005,0.04723608281401727,0.15539224531840537,0.06892384824380245,0.5180237301898697,1.0,,0.8774255843831985
billboard,0.5113272070884705,0.048972859630243046,0.22384774943769964,0.2589374215604122,0.0023983409803634893,0.050107814928323155,0.06704858828435463,0.0957759707508967,0.34355611309197054,0.03577019355265273,0.7473358680695071,1.0,,0.9360192207732665
billboard,0.6846662759780884,0.07810479600182398,0.17546713340364514,0.2344660072650848,0.006100359158486538,0.030788714904892604,0.054974308562830795,0.1140771770746944,0.31216148104583336,0.11096745585284377,0.5600564283533246,1.0,,0.28336128717582154
billboard,-0.48637741804122925,0.08239621681347592,0.2928277378200547,0.34742490284457017,0.006789136545173333,0.08574808403681071,0.12070406311655901,0.16940798186171413,2.3469445087397864,0.05624613099077982,0.7103993173287569,1.0,,0.973863869345033
billboard,-0.5531015992164612,0.022218688956731753,0.3640736385023165,0.26924639467216893,0.0004936701389559936,0.13254961425231543,0.07249362104396137,0.04017108066258958,0.5344904829822084,0.006809842464023471,1.8284314170475093,1.0,,0.18331744176958165
billboard,0.4801391065120697,0.03235081356100346,0.24448387320746315,0.3572751404260916,0.0010465751380588054,0.05977236425852291,0.1276455259664835,0.06737800175456074,1.1253199200240376,0.008199074194998497,0.46826838470012366,1.0,,0.45525554544882796
billboard,0.48834705352783203,0.12852193419630167,0.1520022723195234,0.2432404355405392,0.016517887569558496,0.02310469079029855,0.059165909481951204,0.263177453959957,0.3830977533658875,0.2791791373476198,0.39050681368038004,0.8604279144171165,,0.6026276567852952
billboard,-0.39091747999191284,0.14781923530903207,0.1957023121838985,0.285255998229509,0.021850526327346992,0.03829939499412407,0.08137098452591364,0.37813411493415466,0.4435107661165318,0.26852970324315556,0.47067631315099956,0.9070185962807439,,0.8843273722550716
billboard,-0.38631778955459595,0.05369530082742849,0.18616549893153933,0.2668975376513025,0.0028831853309480423,0.03465759299242897,0.07123429560432842,0.13899256591143871,0.7653032901632006,0.04047468015915708,0.48652959502730125,1.0,,0.14076706498611868
billboard,0.04696778953075409,0.02139065223953242,0.28497918645599074,0.22544353219922114,0.0004575600032326134,0.08121313671311833,0.050824786210461256,0.455432381494684,1.3663701172813338,0.009002694105547146,1.5979041481221665,1.0,,0.9402011726692145
billboard,0.49335795640945435,0.060281803947251196,0.2617788829751715,0.23947135817233337,0.0036338958871348303,0.06852818357172853,0.05734653138490197,0.12218674729798276,1.139546845743733,0.06336731794194535,1.1949839321889735,1.0,,1.1826542840536922
billboard,-0.47834116220474243,0.11643144871535761,0.19208170913015735,0.191377828957786,0.013556282249956949,0.036895382982362376,0.03662547341659559,0.24340671034603945,0.3717150077170982,0.3701326149633981,1.0073694491999245,0.9998000399920016,,0.19077339856197037
billboard,0.6327512264251709,0.07623539396723929,0.3474160597099922,0.30803332937187805,0.005811835293340184,0.12069791854441683,0.09488453200392392,0.1204824120182956,4.7269214115376235,0.061251662105471914,1.2720505228336416,1.0,,1.8426106294278999
billboard,-1.3805090188980103,0.048826232088182236,0.1523314843723093,0.25028852435584487,0.0023840009399290368,0.02320488113107112,0.06264434542422634,0.03536828185820743,0.19000934529337102,0.03805612340243364,0.3704225971861961,1.0,,0.25277141945575426
billboard,0.027576908469200134,0.2378639336723814,0.18645702136289397,0.23708369388428002,0.05657925094209906,0.0347662208155227,0.056208677905815,8.625474967146694,0.29694165563630665,1.0065928082653894,0.6185205222897798,0.044191161767646474,,3.2513477427168773
billboard,0.5871656537055969,0.07301480640620522,0.1738575299113024,0.303991466202847,0.005331161954535628,0.03022644070685941,0.09241081152415666,0.12435128987094096,0.781022467436997,0.05768980778988219,0.32708770985046554,1.0,,0.6511472892396626
billboard,-0.8975512385368347,0.052661959169340834,0.24685779439286884,0.28177066852155547,0.002773281943553321,0.0609387706525119,0.07939470963908428,0.0586729279714315,0.48177505602106185,0.03493031155552076,0.7675419549933473,1.0,,1.1097387945318977
billboard,-0.004046425223350525,0.07443626503270787,0.1851218335391318,0.2681010333442381,0.005540757552019527,0.03427009325289002,0.07187816408024829,18.395561742538042,3.6002265704983616,0.07708540727102538,0.4767803086154123,1.0,,0.2928532082879569
billboard,0.9447645545005798,0.02524670001873777,0.23503395332442195,0.24869123653386319,0.0006373958618361337,0.055240959215306557,0.06184733112874189,0.02672274261187079,0.27359338821978635,0.010305955814153491,0.8931825869788389,1.0,,0.14388681654818009
billboard,0.9045817852020264,0.03737072752898627,0.17155089343598998,0.16749090672838374,0.0013965712760457322,0.029429709038686393,0.028053203836696145,0.041312712836286014,0.16247113220062964,0.0497829511443855,1.0490676647844996,1.0,,0.7541580980197952
billboard,1.2450300455093384,0.04369059116395062,0.2069000100721788,0.24894048106242156,0.00190886775625548,0.0428076141678677,0.06197136311158987,0.03509199743535259,0.2058307110481133,0.030802416800454143,0.6907644437445306,1.0,,0.14295464875952907
billboard,-0.890131413936615,0.0,0.15699479513170836,0.30965442291303447,0.0,0.02464736569844708,0.0958858616296044,0.0,0.41871007996437204,0.0,0.25704900888993315,1.0,,0.48630877612004064
billboard,-1.0201470851898193,0.0596268292329881,0.2717282980593638,0.3431828842607408,0.0035553587643799246,0.07383626796623846,0.11777449204952099,0.05844924726897916,0.44523744984521735,0.030187850548189944,0.6269291990254757,1.0,,0.7266122283250049
billboard,-0.6253593564033508,0.07283682247365554,0.252820330101504,0.2549916748176841,0.005305202708058813,0.06391811931263344,0.06502075422632754,0.11647194805329895,0.4806077119237442,0.08159245107480904,0.9830418006248284,1.0,,0.3717706706516603
billboard,-1.1289782524108887,0.07496900736200356,0.26823660861090914,0.26021670605619435,0.0056203520648441425,0.07195087819908205,0.06771273411073586,0.06640429716153538,0.2262487434068136,0.0830028817866481,1.062590059964426,1.0,,0.08130616710539873
billboard,-1.6157193183898926,0.0,0.20730677741725306,0.214056718343556,0.0,0.042976099963126506,0.04582027866801246,0.0,0.12048939711829952,0.0,0.9379275118448483,1.0,,0.7513957296385836
billboard,-0.46271610260009766,0.03675027789421299,0.20922206483092468,0.24417991168896397,0.0013505829253018804,0.043773872412115646,0.05962382927243025,0.07942295002855004,1.8462536278053983,0.022651730722139024,0.7341674116921648,1.0,,1.3533428272610968
billboard,-0.06369121372699738,0.06202719950410153,0.19612821902342314,0.20697176874077733,0.003847373478321613,0.03846627829729984,0.04283731305568581,0.9738737240896619,0.910291308021807,0.08981360416607526,0.8979619764502058,1.0,,0.7908204408725698
billboard,-0.7839593291282654,0.053277958697105506,0.20625566190834005,0.22199872328879525,0.00283854088293048,0.04254139806924748,0.049283433141855085,0.06796010547683473,0.327816968138099,0.05759624892121779,0.8631987537637312,1.0,,0.4808859078498782
billboard,-0.880959689617157,0.0710059308712871,0.2387207591256094,0.24183023602884107,0.005041842218898004,0.05698760083750722,0.05848186305776499,0.08060065824594598,0.31349277351807875,0.08621206567783186,0.9744491344473445,1.0,,0.453018601225366
billboard,-0.9159727692604065,0.04741156344574881,0.24254655676919382,0.23779210109263055,0.002247856348370265,0.05882883220059176,0.056545083342047824,0.051760887481437715,0.23177467486354872,0.039753347515162706,1.0403881066852316,1.0,,0.4625453397752552
billboard,-1.069069266319275,0.001110515960230721,0.2507744697767519,0.22044164704490105,1.2332456979271601e-06,0.06288783469181106,0.04859451975186873,0.0010387689509157288,0.1963045086442126,2.5378287597537887e-05,1.2941342977135333,1.0,,0.24445639387600435
billboard,0.8254481554031372,0.05596457220356926,0.17435652672843782,0.22197830804178545,0.0031320333419285174,0.030400198412804454,0.049274369241093796,0.06779901540422846,0.3109410776930789,0.06356313414391648,0.6169576370234147,1.0,,0.5025548864151271
billboard,0.02741430699825287,0.0700562648969054,0.18525779426266167,0.23411808981269497,0.00490788025130538,0.034320450335066685,0.05481127997754511,2.555463645364814,1.6419968213395943,0.08954142748200777,0.6261567025825152,1.0,,0.7261106419797453
billboard,0.1436796635389328,0.0,0.21159105769325348,0.2895925467345422,0.0,0.04477077569574973,0.08386384312419802,0.0,0.6548780701026504,0.0,0.5338507517410873,1.0,,1.0308576086351917
billboard,-0.21176035702228546,0.020009503095396633,0.24423474469439152,0.2339217254481476,0.00040038021412468737,0.0596506105159346,0.05471937363663855,0.09449126067203811,0.22887212776391513,0.0073169736332033605,1.090118664589286,1.0,,3.4639903846585898
billboard,0.2447240948677063,0.20963882334552505,0.328438730411999,0.20104504942044887,0.043948436253696266,0.10787199963464576,0.040419111896470725,0.8566333587170983,1.6191111618199858,1.0873182064530644,2.668836463080843,0.9964007198560288,,1.834882809079332
billboard,0.7772653102874756,0.06172324520089706,0.1965283327092697,0.23564977621356953,0.0038097589981300616,0.03862338555748541,0.055530817029505394,0.07941078082858014,0.2495133391620242,0.0686062118644105,0.6955306552929611,1.0,,0.709409872586826
billboard,-0.32956963777542114,0.06271371658534322,0.2710165017205724,0.23964227666970256,0.003933010247946754,0.07344994420485704,0.05742842076743827,0.19028972756306595,0.36268222185555227,0.06848543274198406,1.2789824832951513,1.0,,1.3819780170175786
billboard,0.508967936038971,0.014764061312040154,0.2604292892353698,0.32839341968841407,0.00021797750642568085,0.06782341469163988,0.10784223809465086,0.02900784168633698,0.5957476336732671,0.002021262821292401,0.628913270810577,1.0,,0.12869059142952186
billboard,-0.0549500435590744,0.010813468293706066,0.2967965021380418,0.2589997221479017,0.0001169310965389864,0.08808816368137666,0.06708085607269026,0.19678725608435554,1.6563692327267516,0.0017431366172828405,1.313163976111492,1.0,,0.8158926805825795
billboard,1.0418305397033691,0.006293931660423443,0.2090780530819244,0.2756428928400418,3.961357574608061e-05,0.043713632280528,0.07597900437322676,0.006041224000033112,0.3886140740865435,0.0005213752940416196,0.5753383140662958,1.0,,1.2063916809850919
billboard,0.5516200661659241,0.07036294979311553,0.1773909878591117,0.27676466850313364,0.004950944703588495,0.031467562573631515,0.07659868173164945,0.12755690756896934,0.5263962392825268,0.06463485521765627,0.41081075890930874,1.0,,0.09339184410644244
billboard,0.654506266117096,0.09670906684518076,0.28157979552251083,0.2344654774942395,0.00935264361006564,0.07928718124649901,0.05497406013660173,0.14775880973441866,0.3454171384900139,0.17012830390962244,1.4422653347684904,1.0,,0.10356787536871583
billboard,0.3900931477546692,0.06740027140460396,0.2252454877415305,0.2274225153732291,0.004542796585414274,0.05073552974791997,0.05172100049868663,0.17277994189990797,0.6299475913081097,0.08783272832337478,0.9809464097510704,1.0,,0.12784572162752128
billboard,0.4958406090736389,0.04756089294988735,0.17173404403062156,0.29533449187803323,0.002262038538190644,0.029492581879111468,0.08722246209285607,0.09591972113527297,0.6617787212854181,0.025934128479227093,0.3381305820937959,1.0,,0.16783284656087955
billboard,0.6180256009101868,0.015666528168633682,0.2579385045825421,0.32671065794518017,0.00024544010485859266,0.06653227214627809,0.1067398540149725,0.025349319098692785,0.6803267815848713,0.0022994232765595176,0.6233123771833672,1.0,,0.42177849309506593
billboard,-0.14662308990955353,0.05060667279534387,0.3809914537737547,0.26158554276278456,0.0025610353314149976,0.14515448784863907,0.06842699618250059,0.34514804473539124,2.1742898845368988,0.03742726517739431,2.1213043966083176,1.0,,0.10059652021956533
billboard,0.8631619811058044,0.07495514414253918,0.21085437381142727,0.2367136291400155,0.005618273633428825,0.044459566955409105,0.0560333422206368,0.08683786564198932,0.19862705544332795,0.10026661646036247,0.7934484218404317,1.0,,1.3881211381479999
billboard,-0.3713676333427429,0.06757935905236591,0.2688305869675648,0.2964543770433268,0.004566969769928589,0.07226988448932542,0.08788519766814694,0.18197428366083673,12.79442564828233,0.05196517606040316,0.8223214648980516,1.0,,1.1745383822795583
billboard,0.7564324140548706,0.10279825563514713,0.15535074376732533,0.2230452104160156,0.01056748136162906,0.02413385358906117,0.04974916588952468,0.1358987977314392,0.3126283594968313,0.21241524702335116,0.4851107180903079,0.9866026794641072,,0.1926999067842147
billboard,-1.1307379007339478,0.09305742792319965,0.19063559527720686,0.27528461095444945,0.008659684891681499,0.036341930186695015,0.0757816170283426,0.08229796477397393,0.26859365026287274,0.11427157708237796,0.47956129219442495,0.9998000399920016,,0.3844269027895894
billboard,0.7397485375404358,0.062446174909695194,0.24011069834123713,0.2705359233918788,0.0038995247608522455,0.057653147457916575,0.07318968584549652,0.08441540839988723,0.4447572444942318,0.05327970349653016,0.7877222970955553,1.0,,0.4859643561899325
billboard,0.6637058854103088,0.0,0.21254047421272598,0.23573558319132884,0.0,0.04517345317857044,0.055571265182555916,0.0,0.6106471908862653,0.0,0.8128922929894099,1.0,,1.1778607395739913
billboard,-0.3612810969352722,0.027564988404296692,0.21314954226124766,0.2599850763371174,0.0007598285857290111,0.045432727366179405,0.06759223991801679,0.07629789833492254,0.3960405299374048,0.011241358277971167,0.672158925658998,1.0,,1.1353716532849203
billboard,0.8626163601875305,0.023830518506817232,0.1958537449923941,0.1783282561893046,0.0005678936123037587,0.03835868942754574,0.03180096695551825,0.02762585965983365,0.2519653687162829,0.017857746687328802,1.2062114174452663,1.0,,0.8684394177877935
billboard,0.41631919145584106,0.0825203917221325,0.20413158559885605,0.24700677520577735,0.006809615049974194,0.04166970423910309,0.06101234699755743,0.19821423901589566,0.3606521232712716,0.11161044255922183,0.682971665403583,1.0,,1.0872984934598455
billboard,0.7091162204742432,0.04924727995561805,0.23129900616270205,0.27730813884328326,0.002425294583027019,0.053499230251853686,0.07689980386872568,0.06944881323217007,0.7485315285210048,0.03153837150439548,0.6957004772493477,1.0,,1.221192682879571
billboard,0.7544544339179993,0.010771626398757199,0.21432071102674394,0.2654135801631884,0.00011602793527440296,0.04593336717500908,0.07044436853504123,0.014277371719877722,0.328555931788309,0.001647086029548083,0.6520516562251586,1.0,,0.20106027532213944
billboard,-1.576751470565796,0.01713863073442902,0.22771875697795155,0.27845678358369214,0.000293732663451115,0.05185583227958336,0.07753818032377517,0.010869582844453638,0.17234000254545856,0.0037882326129473165,0.6687780402254687,1.0,,0.14001952816812543
billboard,1.0516374111175537,0.12824863549616936,0.19503284690311026,0.24219726544059128,0.01644771250662931,0.038037811371132046,0.058659515386900236,0.12195138185497047,0.1973467771906627,0.28039291491150625,0.6484508288254048,0.9332133573285343,,0.7251526354477745
billboard,-0.6401618123054504,0.074904674613533,0.261951836344346,0.2721370351873415,0.005610710278959256,0.06861876456417502,0.07405856592055635,0.11700897050352727,0.4314761940854886,0.07576044997924944,0.926547303627015,1.0,,0.03472597969997084
billboard,0.25738921761512756,0.04597845056133471,0.25542351738884395,0.25328067788140796,0.0021140179160211003,0.06524117323528905,0.06415110178806553,0.17863394196289137,0.858525590991348,0.032953727326541185,1.0169922482520217,1.0,,2.1810089350868074
billboard,-0.8206316828727722,0.028803784865435507,0.2557842964458723,0.27932736867653624,0.0008296580225742917,0.06542560630830987,0.07802377889175759,0.0350995281642095,0.3267548254866106,0.010633399642502275,0.8385341909557449,1.0,,0.12251358105313086
billboard,1.3059319257736206,0.0364151199316742,0.18257215206910873,0.22521262247621276,0.0013260609596382157,0.03333259071114577,0.05072072532261313,0.027884393675499018,0.23041953810281307,0.026144361130557608,0.657178904661383,1.0,,1.4587524715830034
billboard,-0.5886097550392151,0.10734276633106758,0.237769568226788,0.2240722680677719,0.011522469483606175,0.05653436757475319,0.05020838131703542,0.18236661117503236,0.26932591665270217,0.2294929488136409,1.1259946266296261,0.9988002399520096,,1.086098907460995
billboard,-0.27933913469314575,0.1555410578832563,0.1477386925382265,0.22416992334845057,0.024193020687442494,0.02182672127290462,0.0502521545340502,0.5568179985024951,0.32884709075762264,0.481432505964488,0.43434398933313634,0.3567286542691462,,1.7948225780413165
billboard,-0.9691751599311829,0.06961136827973614,0.2394357110142523,0.22455767457227938,0.004845742593777056,0.057329459708900535,0.05042614920930973,0.07182537394445701,0.22206670151297117,0.0960958286476182,1.136899418413578,1.0,,0.1872216980211208
billboard,-1.2799345254898071,0.07196199731282797,0.2120677223836325,0.25141724135861093,0.00517852905725146,0.04497271887698142,0.06321062925237401,0.056223186326886096,0.22555859189030308,0.08192497240575988,0.7114739943091513,1.0,,0.6574402341800426
billboard,1.5920120477676392,0.03617600462135295,0.22738920176885566,0.2189895434492579,0.0013087033103641504,0.05170584908107735,0.047956420140114406,0.022723449029220532,0.14600590958434742,0.027289428746776936,1.078184087344473,1.0,,0.4207706727831592
billboard,0.4326397776603699,0.039532736572441246,0.2180548375988043,0.27645740131343677,0.0015628372609060336,0.04754791220024092,0.07642869474097864,0.09137563999830632,0.43437641212684586,0.0204483050011855,0.6221212119529661,1.0,,0.7372088647042975
billboard,0.6206544637680054,0.04030331022006553,0.28209190057722466,0.2203795608735354,0.0016243568146948385,0.07957584037127081,0.048567150850812306,0.06493679264849454,0.3797462496994937,0.033445585879322184,1.6384704265586927,1.0,,0.1829603654446073
billboard,-1.542763113975525,0.09847096888581902,0.18848762349773351,0.3307239469248164,0.009696531713311939,0.035527584211823345,0.10937832906952877,0.06382766608417967,0.24702802647094904,0.08865130593783456,0.3248137406564279,0.9994001199760048,,0.6166825220139868
billboard,-0.5789887309074402,0.02748896373169149,0.31827922256629704,0.3214011386572894,0.00075564312704225,0.10130166351740644,0.10329869193020216,0.047477545354999325,1.8869976242764295,0.0073151277419159395,0.9806674375494987,1.0,,1.2715096477711394
billboard,0.24327000975608826,0.08809210996363935,0.2451808948428646,0.2756518498171227,0.007760219837845928,0.06011367119594782,0.07598394230760158,0.36211660472231594,0.5863429686265481,0.10212973428557655,0.7911365134569219,1.0,,0.8229601607791673
billboard,-1.1765294075012207,0.08428442893653702,0.28399303871470394,0.3251744873428698,0.00710386496115816,0.08065204603841133,0.10573844721869818,0.07163818294652323,0.39179463363370254,0.06718336752633863,0.7627504295726908,1.0,,1.065790385944036
billboard,0.46128159761428833,0.044136929130054126,0.29123050131519823,0.2782834440058178,0.0019480685130314206,0.08481520489630168,0.07744167520773913,0.09568326453586444,2.3876112929521836,0.025155299233980678,1.0952139745012344,1.0,,1.2387676218813972
billboard,0.32209956645965576,0.042600277907736545,0.2044193778678341,0.2347305521286094,0.0018147836778163863,0.04178728204787234,0.055098432102601826,0.13225810384029932,0.3502939743664323,0.03293712014231145,0.7584114547952643,1.0,,1.4825352698333571
billboard,0.6577638387680054,0.05279455392565744,0.17240415973853865,0.3063130823898233,0.0027872649242091517,0.029723194295151547,0.09382770444315468,0.08026369163823581,0.8038135429293659,0.029706203948512994,0.3167848395263606,1.0,,0.9032883610202826
billboard,-0.030515268445014954,0.06318337741483716,0.3340230819626789,0.28988521790513844,0.003992139181545755,0.1115714192838465,0.0840334395599096,2.0705496177654945,3.9686976005172068,0.04750655456271852,1.327702636809295,1.0,,0.14670510251698995
billboard,-0.5273770689964294,0.05651468442842692,0.1752495778223029,0.2942001200173128,0.0031939095560446803,0.030712414526895406,0.08655371061820129,0.10716181599623087,0.4809698952008181,0.03690089694864031,0.35483648601007434,1.0,,0.286552826720814
billboard,1.3455294370651245,0.05505103732403269,0.23085573066275164,0.28371259949418565,0.00303061671045204,0.053294368379832924,0.0804928391117482,0.04091403413968429,0.21941906097279695,0.0376507617807422,0.6621007404875402,1.0,,0.18508987584773925
billboard,0.2822939157485962,0.011577614000617546,0.22477990704683917,0.25735672891825223,0.0001340411459472954,0.05052600661198566,0.06623248591950276,0.0410126232083878,0.7329911734009719,0.0020237975985108805,0.7628583754714213,1.0,,0.26737555147573505
billboard,-0.04638253152370453,0.02453713689018988,0.23720786687688925,0.27992276721524584,0.0006020710867679171,0.056267572108284016,0.07835675560544073,0.5290167673933405,1.3903466078237523,0.007683716383046775,0.7180947152995326,1.0,,0.5535475079074443
billboard,0.4755021333694458,0.032033306291215514,0.2732876307010918,0.21011808789454336,0.0010261327119468274,0.07468612909421632,0.04414961086045905,0.06736732402066205,0.41920086019189173,0.02324216888774086,1.6916599634427618,1.0,,0.12246796578645887
billboard,-0.8706732392311096,0.02232167285767023,0.2098279958825594,0.29264874354101805,0.0004982570791648519,0.04402778785609136,0.08564328709613654,0.025637256150634044,0.31547573153190506,0.005817818255919427,0.5140833490740397,1.0,,0.1946682219245189
billboard,-0.09256146848201752,0.03531061688284427,0.22000444984755124,0.2090466061392136,0.001246839664647007,0.04840195795272369,0.0437004835383235,0.3814828941451408,1.0911697924240826,0.028531484406884893,1.107584036462141,1.0,,0.47366855560422566
billboard,0.5864002108573914,0.08052294014543614,0.20355499346011488,0.2574081892392059,0.00648394388966549,0.041434635362547406,0.06625897588740684,0.13731737924804188,0.3661299487876857,0.09785759291969115,0.6253437335487472,1.0,,0.45317607660595105
billboard,-0.6179937720298767,0.034528770762204536,0.20957550541095013,0.2784972219598102,0.001192236010348871,0.04392189246825519,0.07756070263933179,0.055872360410349334,0.7580912375153207,0.015371650459291694,0.5662905437112681,1.0,,0.8999278544608622
billboard,-2.3333992958068848,0.05534746635689535,0.17861571999088227,0.22594068120950017,0.003063342032127663,0.031903575427861264,0.05104919142541298,0.023719672177991428,0.08939348199577814,0.06000765039742999,0.624957507397056,1.0,,0.8590115888740267
billboard,-0.4774296283721924,0.05006434197631415,0.2178675676249918,0.22369460564076984,0.0025064383375213314,0.04746627702283038,0.050039276592779534,0.10486224356667957,0.30511681136833946,0.05008941991545498,0.9485804003345558,1.0,,1.1431412122889122
billboard,-0.4036734700202942,0.04188956542586932,0.21762364986871402,0.28132022062429357,0.0017547356915681867,0.047360052982180635,0.07914106653210122,0.10377091519976127,0.867493452073257,0.02217225226370219,0.5984257612066731,1.0,,0.28217873326983894
billboard,1.0021568536758423,0.04475211710781492,0.22694443183758395,0.170334967640738,0.0020027519856315804,0.051503775142083784,0.029014001201171258,0.044655801079109755,0.20477656135870764,0.0690270870172409,1.775135210927221,1.0,,1.0000761983384254
billboard,0.45474642515182495,0.03739517028203739,0.3129038015606979,0.26019328869277336,0.0013983987604225727,0.09790878903113663,0.06770054748076089,0.08223301649826575,0.49886713936433813,0.020655649214948654,1.446203800035152,1.0,,0.25681631134421845
billboard,1.1215541362762451,0.05665011921780665,0.2300056699146342,0.23808788842019635,0.003209236007391707,0.05290260819287967,0.05668584261238786,0.050510374297129255,0.19649191963604312,0.056614418336093944,0.9332596245348671,1.0,,0.3785950178195779
billboard,-1.8681914806365967,0.012113592670213395,0.2502678148914492,0.21331429217225087,0.0001467391273798477,0.06263397917054069,0.045502987244948404,0.006484127989966864,0.11494933144273428,0.003224824044846379,1.3764805996884109,1.0,,0.05844412476496618
billboard,0.27916812896728516,0.12393645398833435,0.28754357579597634,0.31392409451069786,0.015360244627202518,0.08268130798153638,0.09854833711436155,0.4439491515267421,1.017325936947111,0.15586508181642422,0.8389924214102964,1.0,,1.872254586498576
billboard,0.40201711654663086,0.13606601183929987,0.19550176509718126,0.3154744390690765,0.018513959577852488,0.03822094015611344,0.09952412170594849,0.3384582552308249,0.608454721889455,0.1860248476500338,0.3840369500475481,0.9954009198160368,,0.36918218451387064
billboard,0.6598214507102966,0.02994321959221968,0.20079795524363842,0.2761415959966769,0.0008965963995478885,0.04031981883002622,0.07625418103959195,0.04538079136406653,0.451854907984755,0.01175799657572044,0.5287555158331811,1.0,,0.17633179684103606
billboard,-0.04103906452655792,0.10223108856864284,0.27743446860302934,0.2501128331469255,0.010451195469929698,0.07696988436904527,0.06255642930478181,2.491067711898873,0.5314655231496723,0.16706828676250562,1.2304072534901171,1.0,,1.7175073954370979
billboard,0.48190388083457947,0.025714817795526843,0.21836408788821607,0.2374788030101263,0.000661251854257144,0.04768287487925255,0.056396181879122376,0.053360885475736246,0.6996799772270199,0.011725117414410223,0.8454982818066368,1.0,,0.6000252484938042
billboard,1.6651920080184937,0.05530157582598678,0.20129320314194707,0.23171950155124046,0.003058264288837365,0.04051895363114517,0.05369392739915533,0.03321032983565256,0.15109738762399652,0.05695735881084897,0.7546282343984877,1.0,,0.5679921372639725
billboard,-0.8830227255821228,0.060358455704756606,0.238266461973568,0.23733827258627332,0.003643143175063065,0.05677090690140173,0.05632945563423618,0.06835436275432885,0.24774296783067146,0.06467563256281175,1.0078369524824102,1.0,,0.3159175710780182
billboard,-0.4770224690437317,0.08799048389937028,0.27901069763679276,0.2615585874593103,0.00774232525684534,0.0778469693957698,0.06841289467370967,0.18445773440349963,0.4148387272105289,0.11317055496294663,1.137899072492916,1.0,,0.5868062281100747
billboard,0.8791385293006897,0.007373218507197018,0.1936219932550452,0.21748212319539037,5.436435115487262e-05,0.037489476272056774,0.04729847390957495,0.00838686766812739,0.2655862610177169,0.0011493891168414057,0.7926149233425378,1.0,,0.27709346576859195
billboard,-0.7169930338859558,0.05203669045045263,0.20679023588826048,0.2174625492144525,0.002707817153036228,0.04276220165872241,0.04728996031084817,0.0725762845538741,0.2612842053274184,0.05725987366530023,0.9042553932724045,1.0,,0.5301626829645419
billboard,-0.207416370511055,0.10882273160048533,0.23844191159095374,0.18750269154131258,0.01184238691299127,0.05685454520314819,0.03515725933523661,0.5246583542675829,0.3784919653103762,0.33684044595370816,1.6171495241145069,1.0,,1.5358592477208488
billboard,0.10742639005184174,0.04145952271513112,0.24516169109736974,0.31589936697854476,0.0017188920237664735,0.06010425478172214,0.09979241005744528,0.3859342447896054,1.7283005593525154,0.017224676934618544,0.6022928471927199,1.0,,0.23853783713755813
billboard,-0.8844727873802185,0.007903803942316651,0.19318210444332615,0.24026056640940446,6.247011675858024e-05,0.03731932547715217,0.05772513977136785,0.008936175374855203,0.23341934760181102,0.0010821994889229517,0.6465003917697375,1.0,,0.6028285033044195
billboard,-0.9348798394203186,0.008360275607380199,0.2986990966303391,0.3020182095487414,6.989420823135636e-05,0.08922115032778065,0.0912149988990275,0.008942620489670703,0.34918148120696696,0.0007662578421858814,0.9781412202454337,1.0,,0.2316016569462175
billboard,0.46986985206604004,0.0,0.3292936993068107,0.37400017550448295,0.0,0.10843434040316424,0.13987613127738405,0.0,1.354734821930188,0.0,0.7752168966421543,1.0,,0.5181840744198816
billboard,-0.49978065490722656,0.019953372102456447,0.20672948141826644,0.2709165796948929,0.00039813705825908713,0.04273707848746537,0.07339579315357928,0.039924258585319505,0.7273602204616729,0.005424521503923162,0.5822823986388275,1.0,,0.4699423222306316
billboard,-0.8308781981468201,0.06478238336157337,0.217850321760956,0.2717279671241992,0.004196757194005858,0.04745876269135206,0.0738360881174499,0.07796856808382162,0.45255481358516275,0.056838834518564176,0.6427583570768288,1.0,,0.8480803026999993
billboard,1.4053550958633423,0.0372094419252167,0.24973035894701603,0.1927235765214694,0.001384542568386074,0.06236525217980547,0.03714237694722668,0.02647689686026155,0.16540802883295672,0.03727662799699883,1.6790861895676852,1.0,,1.2464209224027327
billboard,1.2827973365783691,0.058688616825219336,0.22962934816903335,0.1961540868195561,0.003444353744857418,0.05272963754053514,0.03847642577601395,0.04575049787814547,0.1626804451355548,0.08951854740636056,1.370440119555143,1.0,,0.3927227956626495
billboard,1.0816150903701782,0.17238249315239076,0.23549563606278226,0.31602007584595093,0.029715723945434053,0.055458194604614396,0.09986868833768058,0.15937508147505003,0.6940942044689778,0.2975479546197492,0.5553111343276744,0.9506098780243951,,1.9818884976775062
billboard,-0.005151316523551941,0.08265158721033368,0.2454410072877501,0.31819090936848,0.006831284868387395,0.06024128805842539,0.10124545480474025,16.044750275477863,0.5550102403042096,0.06747250907768709,0.5950023946714982,1.0,,1.785579168009657
billboard,-0.187466099858284,0.07680932928125839,0.21343171826555626,0.32119368343570115,0.005899673064636777,0.04555309836178779,0.1031653822789934,0.4097238345456742,3.8461805340419275,0.05718655748962481,0.4415541081270567,1.0,,0.3236561831319835
billboard,0.9546822309494019,0.06319576104093222,0.2782513893157659,0.2243029823931209,0.003993704213542606,0.07742383565615392,0.05031182791044871,0.06619559785677166,1.4624080010821368,0.07937903231524604,1.5388794021549475,1.0,,3.57241358734108
billboard,0.4853326082229614,0.12288005242470626,0.26245630605800024,0.24622062332424338,0.015099507283898559,0.06888331258961071,0.06062459535017894,0.25318729947824825,0.45953282437237447,0.2490657000954975,1.1362271730100282,1.0,,0.20499412376019494
billboard,0.3646751642227173,0.0208744740575602,0.28595565457480915,0.27374615569313693,0.00043574366717975376,0.08177063638330756,0.07493695775677116,0.057241282394573975,0.8689807661406735,0.00581480327229298,1.0911923679730504,1.0,,0.1813919697603764
billboard,-0.5193819403648376,0.012730234276285756,0.29236575821533983,0.2815051732012387,0.00016205886472912075,0.08547773657683054,0.07924516253905939,0.024510352183873502,0.449410240823,0.002045031640249877,1.078649268145537,1.0,,0.38012104359800575
billboard,0.1599688082933426,0.1408750398036706,0.1882013399343738,0.29878094685502693,0.019845776839685775,0.035419744353093724,0.08927005420358644,0.8806406780585699,1.9300534275856933,0.22231169250134125,0.3967707275310552,0.9878024395120976,,0.017284612684228488
billboard,-0.6577888131141663,0.05822108224554417,0.20411992275413696,0.22888441260933742,0.003389694417842418,0.04166494286515483,0.052388074335521416,0.08851029553073181,0.3840868932181389,0.06470355058544415,0.7953135020445707,1.0,,0.2703133061909827
billboard,-0.7908563017845154,0.031688275628910884,0.24278517921343618,0.25895071149924015,0.0010041468123338276,0.05894464324570032,0.06705547098596269,0.04006831020680795,0.3163394217433176,0.014974867785866935,0.879043012881674,1.0,,0.10708106136706293
billboard,0.45156383514404297,0.06629716697841338,0.2517588978959654,0.3094592251454504,0.004395314349363626,0.06338254266979114,0.09576501202762255,0.14681682149604708,0.7191235967919278,0.045896870436311715,0.6618549022007016,1.0,,0.06862147572069176
billboard,0.3185108006000519,0.07875553019394761,0.2818576842608307,0.21765264524009137,0.0062024335361297945,0.07944375417687813,0.04737267398000907,0.24726172564816562,1.8577196715676783,0.13092850825239835,1.6769953541234093,1.0,,2.001684789784568
billboard,-0.9362935423851013,0.028298565321303294,0.23327501320505717,0.20499382088140794,0.0008008087992440693,0.0544172317858196,0.04202246659955876,0.030224031289605945,0.1935406511873645,0.019056682390283058,1.2949556794077144,1.0,,0.5994499366516582
billboard,-0.13604016602039337,0.09209625428137187,0.34904129696303937,0.2551742216758178,0.008481720052659106,0.12182982698564064,0.06511388340785942,0.6769784025959362,1.0366812230850233,0.13025977884825926,1.8710268933358603,1.0,,0.4314900771791986
billboard,-1.1295950412750244,0.0026070382001013217,0.25719098562610965,0.23233498964701188,6.796648176787539e-06,0.06614720308732973,0.05397954741427712,0.0023079405493482345,0.15921259482406314,0.0001259115443229871,1.2254123321870307,1.0,,1.4189862222563563
billboard,1.193530559539795,0.06009365722960568,0.2072154382171666,0.23308196157644911,0.0036112476392293393,0.042938237835532383,0.0543272008123253,0.05034949189133186,0.23235674558173539,0.06647218309120115,0.790363523124698,1.0,,0.816920479789201
billboard,0.37547722458839417,0.0,0.19210510887725915,0.24881829383734308,0.0,0.0369043728567436,0.06191054334812641,0.0,0.7241324000133541,0.0,0.5960918909922703,1.0,,0.12807894583238544
billboard,-1.1363093852996826,0.02645559689162768,0.18788367438013495,0.17331842560777608,0.0006998986068923002,0.03530027509858058,0.03003927665515821,0.023282036770866286,0.13135146254669847,0.02329944941507494,1.1751373211751082,1.0,,1.056967337512064
billboard,0.7294808030128479,0.021021785207032524,0.2234696949040504,0.2012024221111909,0.0004419154532906115,0.04993870454050936,0.04048241466340984,0.028817461844382875,0.1939000177637492,0.010916232565792034,1.233590065111571,1.0,,1.5316906354496194
billboard,-1.2778611183166504,0.16497922139373958,0.225616112823662,0.22688475636919947,0.027218143491684537,0.05090263036565939,0.051476692672710996,0.12910575259623652,0.34199252563113214,0.5287469353312497,0.9888481120824623,0.9600079984003199,,2.708162984603149
billboard,0.5809382200241089,0.014077449590326752,0.26617929980990435,0.25753081347729523,0.0001981745869681908,0.07085141964729094,0.06632211989027742,0.024232266194747075,0.8758977468973114,0.002988061709970198,1.0682924454843534,1.0,,1.1141150419516674
billboard,-0.4032198190689087,0.03344898210389958,0.28885518573159724,0.2736361679950984,0.0011188344037869945,0.08343731832403554,0.07487675243504172,0.08295470738798998,0.5895416732318857,0.014942346821967522,1.1143287550621326,1.0,,0.22267107630181213
billboard,0.6995014548301697,0.0063624360655738675,0.25723170543189744,0.25230117827467574,4.048059268851508e-05,0.06616815027940244,0.06365588455878972,0.00909567238443927,0.42427862909564573,0.0006359285236407173,1.039466354729428,1.0,,0.41554416649425613
billboard,-0.8331517577171326,0.051362264713604014,0.23558675239965665,0.3052070394277257,0.002638082236510332,0.05550111790621713,0.09315133691623731,0.06164815021736084,0.31435957922691987,0.028320390494046523,0.5958166543130169,1.0,,0.4512784754776331
billboard,-0.17639024555683136,0.1499969557846391,0.2948483041797072,0.35006237351944225,0.02249908674465897,0.08693552247764913,0.1225436653540655,0.8503699017546377,6.788758464830476,0.18360056947580558,0.7094248586939705,0.9994001199760048,,0.6511846721495296
billboard,-0.27982693910598755,0.025110591567736727,0.12394068209351132,0.31747954180830534,0.0006305418088816909,0.015361292677804839,0.1007932594668115,0.089736147806076,155.0489671502863,0.006255793415325667,0.15240396787508292,1.0,,0.8878510587941196
billboard,0.9851701259613037,0.0025616905412173705,0.19412673414422948,0.1879683695458768,6.562258428962546e-06,0.037685188909504355,0.035332107949735306,0.0026002519501063218,0.20529686849312268,0.0001857307364253003,1.0665989406326004,1.0,,0.37015353261500944
billboard,-1.0018328428268433,0.03982409141923952,0.3012003483832544,0.24441281034847517,0.0015859582573679466,0.09072164986619381,0.05973762186243969,0.03975123365577536,0.3021165688853563,0.02654873441430258,1.5186685883663453,1.0,,0.7889568771119867
billboard,-0.01545463502407074,0.07423738510997885,0.19660110913635584,0.3207834001915196,0.005511189347967309,0.0386519961136453,0.10290198983843259,4.803567667198444,1.1868409686052444,0.05355765575204601,0.3756195208113388,1.0,,0.7943950798586735
billboard,-0.12266071140766144,0.08378977389239359,0.33435177386617,0.21719536132510397,0.007020726208938441,0.11179110868745447,0.047173824981142476,0.6831019723497221,0.5455874753152258,0.14882673202236504,2.3697698614039133,1.0,,1.2681383486344886
billboard,1.3510334491729736,0.15457041679973296,0.309848853581144,0.2542946441469069,0.02389201374964317,0.09600631206554922,0.064665766041802,0.1144090228812264,0.4330916258740652,0.36946927581741806,1.48465436879674,0.9996000799840032,,3.003886090223668
billboard,-1.685713291168213,0.0,0.19859550354487415,0.2872045630443553,0.0,0.03944017402824212,0.08248646103349908,0.0,0.1764433305049819,0.0,0.4781411826145,1.0,,0.2018399169494584
billboard,0.8093441724777222,0.06989690048029819,0.26296168030432676,0.23679278602986076,0.0048855766967527085,0.06914884530847495,0.05607082351578342,0.08636239421643845,0.4123538933440553,0.08713224437264531,1.233241122078583,1.0,,0.9928413015905001
billboard,-0.7036299109458923,0.07076236219008726,0.2212349162796836,0.29285259949682646,0.005007311902721091,0.048944888181278616,0.08576264503204865,0.10056758686531837,0.8854415764418231,0.058385698118917716,0.5707017100858818,1.0,,1.2732960037954613
billboard,0.8006578087806702,0.0425784480957778,0.1972875613240408,0.29797370442244586,0.0018129242422448445,0.03892238185318716,0.08878832852723513,0.05317933282961537,0.3623168598714535,0.020418497254273055,0.43837272869989913,1.0,,0.07300681579184347
billboard,6.406009197235107e-05,0.11276323749887984,0.2846613682805663,0.33542883019112346,0.012715547731228781,0.08103209459136419,0.11251250012338555,1760.2728005378058,5.9848895424419375,0.11301453364990041,0.7202052616598269,1.0,,0.16727844101609163
billboard,-2.0139999389648438,0.011135382081959416,0.24266760631219694,0.25408395153794705,0.00012399673411122282,0.0588875671532914,0.06455865442913783,0.005528988291669355,0.13054608477469792,0.0019206833724721851,0.9121560490070121,1.0,,0.26638361315333237
billboard,-0.6440234780311584,0.03689921885497994,0.28144776066017735,0.3571743586271415,0.0013615523521077072,0.07921284198062847,0.12757352246070988,0.05729483491469036,1.6410572006331297,0.010672687606686085,0.6209191409998455,1.0,,1.1937434160355627
billboard,-1.343852162361145,0.16696980687164614,0.3014050617586868,0.27897015737158887,0.027878916406754807,0.0908450112537578,0.07782434870392906,0.12424715422437584,0.2940844169947208,0.35822871467663575,1.1673083394422468,0.9802039592081584,,1.4168054943386874
billboard,-0.7425146698951721,0.06657647094581208,0.3114912980568357,0.3323619322803462,0.004432426483598559,0.09702682876513243,0.11046445402912543,0.08966350921418335,0.37511324612972896,0.040125364512550714,0.8783533999050048,1.0,,0.4318071056139502
billboard,0.7668478488922119,0.05828239332998214,0.15226403649036105,0.27639718644171807,0.0033968373722707466,0.023184336808338,0.07639540467289786,0.07600255176326942,0.34758894233495474,0.044463896576174736,0.30347815955169494,1.0,,0.10251989775558326
billboard,-0.22967590391635895,0.054507565861499935,0.19752547675995857,0.27131443631476804,0.002971074736145753,0.039016313969248935,0.07361152335280031,0.2373238329840206,1.1028820678127556,0.04036154396515051,0.5300299761798732,1.0,,0.06018491222675106
billboard,-0.04350291192531586,0.041741524465091794,0.2443786246367308,0.36979262984212913,0.0017423548646698565,0.05972091217934016,0.13674658908555792,0.9595110446112677,0.9337716431090555,0.012741486835768322,0.4367268871472525,1.0,,1.1885670167842668
billboard,0.47555848956108093,0.06728071223766581,0.19965978250242902,0.27402408734072103,0.004526694239207593,0.03986402874891726,0.07508920044291512,0.1414772603465935,0.3330269738648785,0.06028422479540065,0.5308889762279863,1.0,,1.2672974107579416
billboard,1.1947792768478394,0.04966499015027459,0.23882937988286906,0.22836136664105772,0.002466611246626872,0.05703947269523578,0.052148913774171586,0.04156833911725074,0.21574409838685593,0.04729937918378158,1.093780647900789,1.0,,0.5968466289498116
billboard,0.2679325342178345,0.0011178551964758183,0.20277715533154822,0.2640143692349978,1.2496002402879905e-06,0.04111857472435484,0.06970358716255376,0.004172151768500722,226.69633675852612,1.792734479179433e-05,0.5899061497145531,1.0,,1.0104295389685352
billboard,-0.6639555096626282,0.04109637770146677,0.20563299052803238,0.25514174988744964,0.0016889122601816153,0.042284926793501855,0.06509731253562992,0.061896282361372124,0.32915568583330196,0.025944423731121272,0.6495648613813038,1.0,,0.43577550729684134
billboard,0.49625706672668457,0.043391731632395056,0.2367517397361609,0.30702327836989546,0.0018828423740577939,0.056051386268098864,0.09426329346099831,0.08743801255790119,0.5389476716633129,0.01997429014971586,0.5946257998219665,1.0,,0.2391177361907023
billboard,0.30523326992988586,0.112968445453342,0.20360135850159058,0.24920840601943547,0.012761869668144707,0.04145351318369322,0.0621048296307478,0.3701052820332843,1.5162600237670965,0.2054891663663202,0.667476481783468,0.9996000799840032,,0.5652938060446976
billboard,0.1821904480457306,0.15544817050231635,0.19120182826161358,0.24766432087352996,0.02416413371251722,0.036558139130583575,0.06133761583374681,0.8532180043999792,0.6607367763164005,0.39395293384100794,0.5960150004798519,0.8634273145370925,,0.7778273776545404
billboard,-1.4809343814849854,0.03954948519338155,0.1851389789387096,0.224236482062524,0.0015641617790615066,0.034276441522467956,0.050281999887776645,0.026705764744096142,0.1252654556056856,0.031107787728263135,0.6816841334666249,1.0,,1.3787049995045535
billboard,0.972446620464325,0.10576459730376504,0.17201643336774414,0.27956218916252173,0.011186150042827584,0.029589653348559557,0.07815501760934157,0.10876133977746197,0.4839762383327105,0.14312772724000444,0.37860209432059316,0.9834033193361328,,1.4122454618181606
billboard,1.5283236503601074,0.05221726535028877,0.23433508038857698,0.2535275864837468,0.0027266428006624682,0.05491292990072083,0.06427623710827371,0.034166366095286956,0.19048622495067608,0.04242069734215184,0.8543270790450858,1.0,,0.7785106930879219
billboard,-0.5620014071464539,0.07840131522039308,0.24672049178640473,0.2869366067996336,0.00614676622828744,0.06087100106732541,0.08233261632168756,0.139503770317006,0.43567933794548075,0.07465772986335059,0.739330338167465,1.0,,0.3366403840297077
billboard,1.7685872316360474,0.026898270066812596,0.2479175026959167,0.24872346331526057,0.0007235169325871865,0.06146308814297986,0.061863361203537776,0.015208902103138057,0.14487028985390188,0.011695402876780817,0.9935297233649985,1.0,,0.2079304074638409
billboard,-0.02548976242542267,0.0812097100468987,0.35359069199341275,0.25255895336061335,0.006595017005901358,0.12502637746438047,0.06378602492260846,3.185973595654338,2.950758642996466,0.10339282019694891,1.960090436989527,1.0,,0.2379699078706859
billboard,-0.8949894309043884,0.12127897395888275,0.24642939782430406,0.2836351136786406,0.014708589524519361,0.060727448112049116,0.08044887771149538,0.13550883370357808,0.5108204847827724,0.18283150670251855,0.7548576169058445,1.0,,1.1977904776877542
billboard,-0.5499880313873291,0.11381068734533153,0.2424310585348602,0.28192853060420486,0.012952872554016809,0.0587728181423328,0.07948369636864608,0.2069330255392055,0.5929642688755332,0.16296263442431355,0.7394323720143055,1.0,,0.26436431859538717
billboard,0.7754614949226379,0.04484778136578756,0.19286861698501978,0.2215591629383793,0.002011323493433482,0.03719830341771426,0.049088462681955304,0.05783366635149524,0.2533502700163556,0.040973446377102284,0.7577809812200167,1.0,,0.44708456562573756
billboard,-0.4133065342903137,0.04920087617441548,0.2964716328439448,0.24477170089490957,0.002420726216330165,0.0878954290811548,0.05991318555898708,0.11904209610162109,0.5214164254817684,0.04040389763530195,1.4670464983808615,1.0,,0.2293140103958748
billboard,0.6278253197669983,0.06864524562210723,0.24242139037133106,0.24881190754347368,0.004712169746519433,0.05876813050956929,0.06190736533542209,0.10933812871322744,0.3937789535562502,0.07611646402634467,0.9492914161530858,1.0,,0.016202903231829408
billboard,1.2336862087249756,0.08285762102036837,0.25390495108604505,0.28023630914108894,0.0068653853611549895,0.06446772418600692,0.07853238896101998,0.0671626386307766,0.3746258188046383,0.08742106858054025,0.8209061896487813,1.0,,1.7329766294012976
billboard,1.0683848857879639,0.10648547861472278,0.20237339870174845,0.2772794272897495,0.011339157155806582,0.04095499250209684,0.07688388079813148,0.09966958540057103,0.6792039263659557,0.14748419354089315,0.5326863326479245,0.9998000399920016,,2.380786419443002
billboard,0.007004037499427795,0.0,0.32054073546617584,0.29306684074353284,0.0,0.10274636309319693,0.08588817314339524,0.0,0.7989506476120058,0.0,1.1962806907262538,1.0,,1.2277426537461869
billboard,-0.6311466097831726,0.053519070378203006,0.20074312844601575,0.2738072752749047,0.0028642908941470466,0.040297803618293576,0.07497042399346746,0.08479657428024405,0.5452058785953503,0.03820561151417026,0.5375160159398982,1.0,,0.47090660145061364
billboard,-0.00015847384929656982,0.07310587238566406,0.18425169728029112,0.23636772328260297,0.005344468577269,0.033948687950668036,0.055869700609801176,461.31189915664174,0.5311004587705913,0.09565951703581214,0.6076404129631661,1.0,,1.8835534074110523
billboard,1.4558947086334229,0.055303916534950176,0.2064875391938703,0.19193892400636817,0.003058523184104736,0.04263710384234013,0.03684055054872237,0.03798620615007335,0.13589016713315122,0.08302056127146572,1.1573416576918876,1.0,,0.22631365192295191
billboard,-1.7440845966339111,0.0628309680940332,0.1758548939347222,0.23658134913174592,0.003947730551633418,0.030924943720792398,0.055970734756997056,0.03602518376419193,0.14949417987159774,0.07053204802068283,0.5525198812389431,1.0,,0.6828055003456498
billboard,-0.6586368083953857,0.014270040522688876,0.20028422563039994,0.2332474116046454,0.00020363405651918263,0.040113771036368956,0.05440435502026687,0.021666023430203494,0.25057820878723114,0.0037429734520944926,0.7373264699384021,1.0,,1.1670010146771137
billboard,0.7003250122070312,0.005059705175885513,0.234156722053974,0.3203792547629378,2.560061646688265e-05,0.05482937048306203,0.10264286688245541,0.007224795755816521,0.4772341196615727,0.0002494144721834394,0.5341761405188686,1.0,,0.09051737073554676
billboard,0.60458904504776,0.09352578169280455,0.2519495971573191,0.3373930748537505,0.008747071841250134,0.06347859950773538,0.11383408695926847,0.15469314645854426,0.6175281077503322,0.07684053234757324,0.5576413990165262,1.0,,0.17258317568420936
billboard,-1.0230886936187744,0.07465814466413118,0.2462799237411599,0.16829711523543325,0.005573838564690338,0.06065380083795153,0.028323918996568703,0.07297328680278668,0.23317420753126938,0.19678910130217434,2.141433918282969,1.0,,1.790423569439038
billboard,0.7109038829803467,0.018084609235575273,0.2461265841677381,0.28157648822389586,0.0003270530912034544,0.060578295434078666,0.07928531872050175,0.025438895001893287,0.6643952158913327,0.004125014523261094,0.764054384994409,1.0,,1.0195991912381053
billboard,-2.082106590270996,0.0784644765436489,0.19598690632229113,0.19730665463939848,0.006156674079268827,0.03841086744978252,0.03892991596499087,0.037685139132783964,0.09486518320328362,0.15814763342426524,0.9866671041449172,1.0,,0.011367337109957696
billboard,-0.8258184790611267,0.007906107284618685,0.20261229070530345,0.21032705142610902,6.250653239590064e-05,0.0410517403448504,0.044237468561601115,0.009573662354476665,0.34590492340041323,0.0014129771532667985,0.9279857478211133,1.0,,1.0353862789072417
billboard,0.41196081042289734,0.04837421574990621,0.25396942363227304,0.26777316152105135,0.002340064749418474,0.06450046814010896,0.07170246603097905,0.1174243144639117,1.6148697163123866,0.032635763857932716,0.8995571799753935,1.0,,0.9192243808169306
billboard,-1.1435896158218384,0.03672864290048694,0.2253153050439978,0.22367577090066915,0.0013489932093114895,0.05076698668706978,0.05003085048800863,0.03211697832188864,0.1723586404813993,0.02696322761162766,1.0147136455183305,1.0,,0.6891447423330437
billboard,0.4321061968803406,0.04153032552953061,0.25944991824052516,0.25474819554432154,0.0017247679385887817,0.06731426007501518,0.06489664313308789,0.09611138611148232,0.46902025489082905,0.026577151842071163,1.0372533435507492,1.0,,0.43589502366503535
billboard,0.8008826971054077,0.02170262803303642,0.18927022132590712,0.20641370384261198,0.00047100406354033816,0.03582321668075787,0.04260661713402553,0.027098385458288955,0.23131749668872073,0.011054716267633357,0.8407899779527331,1.0,,0.44307450401734244
billboard,-0.8363195061683655,0.09868732573287076,0.22482914253041528,0.20069311932089193,0.009739188260305735,0.05054814333096179,0.04027772814274977,0.11800194184757339,0.33734089890514174,0.24180083409344047,1.2549899326946214,0.9998000399920016,,1.2027954556515357
billboard,-2.363889217376709,0.06533156804388339,0.21628667343978814,0.2785009322497585,0.004268213783072566,0.04677992510764955,0.07756276926398457,0.027637322241515248,0.13521779823116717,0.055029156689154785,0.6031234515162069,1.0,,1.0924280093899783
billboard,0.1433297097682953,0.03246210879365884,0.23271876357002902,0.33174350898891347,0.0010537885073313427,0.05415802291756306,0.11005375575627731,0.22648555450322624,10.686165934060933,0.009575216221289533,0.4921051766511291,1.0,,0.5256287115165099
billboard,0.8239237070083618,0.10164957638183199,0.27028860438837976,0.2677861162204672,0.010332636378605896,0.07305592966221806,0.07170940404044157,0.12337255927605002,0.5767897077097729,0.14409039535147516,1.0187775318982863,1.0,,1.3430635755986042
billboard,0.4993480443954468,0.04560425705305544,0.24516894768075978,0.29096101306137634,0.0020797482613611564,0.06010781290689112,0.0846583111217024,0.09132759718377956,0.6945440061155433,0.0245663802384549,0.7100048667458275,1.0,,0.2764090121414772
billboard,-0.049067988991737366,0.08536075664748871,0.23003521405567676,0.21123011192970673,0.007286458775431787,0.05291619970564102,0.04461816018583643,1.739642451249892,19.118434668886316,0.1633070199462146,1.1859789710118689,1.0,,0.2846019109987306
billboard,-0.9777550101280212,0.07346123488182564,0.18884685061973303,0.2530021320590412,0.005396553030362757,0.03566313298899176,0.06401007882642051,0.07513255787071557,0.20533461455031785,0.08430786415678182,0.5571487122473532,1.0,,1.0054877409087728
billboard,-0.6480249762535095,0.1140409568409957,0.24021720171187116,0.28035980198439,0.013005339837209844,0.0577043039982818,0.07860161856872636,0.175982347934044,15.917873672178978,0.16545893168648246,0.734136332673955,1.0,,2.3742272048415765
billboard,-1.3040132522583008,0.045503953828684086,0.19326522872165985,0.26086176320071675,0.002070609814043013,0.037351448632835495,0.06804885950018681,0.03489531548078976,0.2291900800163947,0.03042828093301591,0.5488916185690512,1.0,,0.6356763837153296
billboard,-0.3535766005516052,0.0829242243520434,0.2369811830485614,0.19638556672181562,0.006876426984388028,0.05616008111909576,0.0385672908166487,0.23452972912425646,0.3486828923579363,0.17829686345040388,1.4561583126511086,1.0,,1.067514868628822
billboard,-1.1266725063323975,0.13496310353352198,0.25422395482910265,0.22965953099722292,0.01821503931540017,0.06462981920894963,0.05274350017786439,0.11978911598088147,0.2795923847500492,0.34535135616662643,1.2253608310218618,0.9984003199360127,,1.3292029015104077
billboard,0.4481993317604065,0.11519186087371608,0.18478907977028997,0.22728568087660966,0.01326916481154956,0.03414700400235059,0.05165878073154404,0.2570103360513132,0.39765079109560647,0.2568617498060132,0.6610106456016226,0.9914017196560688,,0.5428046301274637
billboard,0.4007142186164856,0.07191660353870785,0.22460730968469858,0.24747758991326874,0.005171997864543687,0.05044844356379809,0.06124515750928001,0.17947105492539955,0.4974983438203548,0.08444745796857513,0.8237131818324416,1.0,,0.3908629835786718
billboard,-1.750070571899414,0.002925222053388051,0.26383336524151213,0.245571993667136,8.556924061627805e-06,0.06960804461466115,0.06030560407365188,0.0016714880533150174,0.12271901993406616,0.00014189268465294107,1.1542549931122172,1.0,,1.0221889440752117
billboard,0.7542732357978821,0.049631334211719086,0.212769189580788,0.21323370268495895,0.0024632693356353573,0.04527072803486531,0.04546861196073747,0.0658002058885442,0.3710916345965718,0.05417516016900651,0.9956479004451899,1.0,,0.8425555781373463
billboard,-1.022976279258728,0.046153005265148095,0.19282487863827463,0.22042803322220592,0.002130099895004788,0.03718143382186534,0.04858851783020992,0.0451163982986894,0.19490926066696354,0.04383957342449327,0.7652308710422893,1.0,,0.48972965656032913
billboard,-0.27476638555526733,0.004273950035324359,0.27443312380440466,0.22752397769818886,1.8266648904449093e-05,0.0753135394410437,0.051767160427605936,0.015554850447543862,0.5789748508377036,0.0003528617129771718,1.4548516630802326,1.0,,0.5195536867474921
billboard,0.17535845935344696,0.04098618203209697,0.2799560768021007,0.3056687417890178,0.0016798671175681883,0.07837540493842372,0.09343337970688126,0.23372800025282223,1.9317138764456183,0.017979303786700845,0.83883731043769,1.0,,0.0560128927130785
billboard,-1.3212450742721558,0.059875341571836806,0.22099858852267726,0.1622450943908372,0.0035850565283441285,0.048840376129015615,0.02632347065389167,0.045317362189464194,0.09663704586079297,0.13619239558041,1.8553927318772852,1.0,,2.2044852020799888
billboard,-1.6371026039123535,0.17564581656979547,0.15782727604991692,0.19717334718645016,0.030851452878470235,0.024909449065336677,0.03887732884070841,0.10729065860016133,0.11766876953595118,0.7935589660719106,0.6407191493890398,0.21135772845430914,,0.19557216468831415
billboard,0.6380489468574524,0.07527131872344071,0.32670775652104284,0.20094050295836605,0.005665771422365796,0.106737958171013,0.040377085729161113,0.11797107274319694,2.4840653443377603,0.140321455103776,2.643528036842064,1.0,,2.7727468793788703
billboard,-0.3615249991416931,0.04892666019710203,0.23907559030944311,0.2095935107152434,0.002393818078042688,0.05715713788180869,0.043929439733940846,0.13533409947655134,0.45541764068754176,0.05449234255071029,1.3011123799434172,1.0,,0.47090028936412626
billboard,0.9954962134361267,0.07037162857197418,0.22429449762757958,0.21863729625023962,0.004952166107871894,0.050308021666008305,0.04780226731161504,0.07069000124980324,0.23395791301467206,0.10359688747794212,1.0524191527999847,1.0,,0.27891267257809993
billboard,1.3879457712173462,0.04246400538628792,0.2198687656197991,0.2738039126189882,0.0018031917534466891,0.04834227409517415,0.07496858256546651,0.030594859155803605,0.19077860866149632,0.024052632339314234,0.644833774907764,1.0,,0.17255459174527846
billboard,1.0599194765090942,0.06145460553609067,0.1941052023602074,0.23087443200465047,0.0037766685415965054,0.037676829583297065,0.05330300335346997,0.057980447475590266,0.2616055889236494,0.07085282824594626,0.7068425269294764,1.0,,0.7683432361882586
billboard,0.4600946307182312,0.04460503340820581,0.2566143377676048,0.3563148883425137,0.0019896090053471566,0.06585091834790636,0.12696029965453798,0.09694751998860555,1.2856856439304603,0.015671111447916636,0.518673305963268,1.0,,0.5134634022554424
billboard,-0.4820188283920288,0.08557956678063808,0.26329065147420677,0.3492851663634422,0.007323862250361692,0.06932196715371222,0.1220001274415375,0.1775440330124111,0.7752914705242125,0.060031595080679644,0.568212251966141,1.0,,0.0901776860652108
billboard,0.3772667646408081,0.010464169693479684,0.24201131983609944,0.31252529160302384,0.00010949884737393872,0.058569478928810814,0.09767205789155509,0.027736791772374952,0.8348662861304713,0.0011210867236514548,0.5996543964891196,1.0,,0.00935934672200228
billboard,-1.2113707065582275,0.03869585924662778,0.18497252688984742,0.14741903027412875,0.0014973695228348287,0.034214835704015324,0.021732370486964487,0.03194386246681768,0.11255369781209791,0.06890042316060188,1.574372005324411,1.0,,0.6674545604759364
billboard,-0.786638081073761,0.09040787851847579,0.2668326435699225,0.22097201532941654,0.008173584498211475,0.07119965967451328,0.0488286315587439,0.11492944556544864,0.3174229206334342,0.16739327393146664,1.4581539027743513,1.0,,0.40952799793190303
billboard,0.4410286843776703,0.0,0.2513894691575618,0.3273083692516021,0.0,0.06319666520332069,0.10713076858214311,0.0,1.114583092747981,0.0,0.5899020985261045,1.0,,0.45024444690376597
billboard,0.7485275268554688,0.07764613964188932,0.25477297161608026,0.3018815496134378,0.006028923001287776,0.06490926706608804,0.09113246999701052,0.10373184265925041,0.36677267117050655,0.06615559746691324,0.7122518139606806,1.0,,0.24694399724822497
billboard,0.8570004105567932,0.02112009625157128,0.208490471861028,0.2326046335689869,0.00044605846567563525,0.04346827685683412,0.05410491555776266,0.02464420785732127,0.381770012623919,0.00824432421855314,0.8034071656655148,1.0,,1.0649870980841756
billboard,-0.07612757384777069,0.11248039958589619,0.2067148880483173,0.28563309150574295,0.012651840291002876,0.04273104494082836,0.08158626296312811,1.4775250792941177,0.9095302236351209,0.155073168343557,0.5237529381648491,1.0,,0.8329464374689506
billboard,0.702483057975769,0.04448762967244332,0.2409782292433054,0.25268785610513367,0.0019791491938724592,0.05807050696923905,0.06385115262300875,0.0633291140154128,0.3859811873813983,0.030996295486751688,0.9094668550793452,1.0,,0.18924296786856037
billboard,-0.47200024127960205,0.0,0.24635630194574085,0.27647569764060204,0.0,0.06069142750838104,0.07643881138585759,0.0,0.34860349947390046,0.0,0.7939870650527924,1.0,,1.1613851649528106
billboard,-0.25169670581817627,0.03631365957700186,0.19774823807046085,0.21656241443272056,0.0013186818718743788,0.03910436565997166,0.046899279344929413,0.1442754662162109,0.45040934586380876,0.028117316306203545,0.8337945956988247,1.0,,1.0579662680924504
billboard,0.6092159748077393,0.06607056397561364,0.23505721172662591,0.26406168433585087,0.004365319424055656,0.05525189278469585,0.06972857313428656,0.10845179165970602,1.259648241689644,0.0626044565066421,0.7923852489895234,1.0,,3.1009696301222527
billboard,1.5398292541503906,0.08757096271423884,0.17265076439281352,0.2517658851790944,0.0076686735106986075,0.0298082864454228,0.06338606094001292,0.05687056696591766,0.1720779278806777,0.12098359476787901,0.47026563890178724,1.0,,0.30479502639033357
billboard,-0.4435919523239136,0.04475713956931968,0.23451045976148877,0.33211655627871484,0.0020032015424275617,0.05499515573754484,0.11030140695443276,0.10089709548345852,0.8104261970287904,0.018161160385335027,0.4985897936937849,1.0,,0.10173277571945089
billboard,-0.4461846947669983,0.003960107628109324,0.23925821774806091,0.22109728383435873,1.568245242620966e-05,0.057244494759978524,0.048884008918930986,0.008875489622469744,0.3625421997252711,0.0003208094584103641,1.1710270091577908,1.0,,0.7402526581087404
billboard,-0.31089335680007935,0.07308785628281322,0.2308325554006714,0.3182416288849141,0.0053418347360171614,0.05328366863280403,0.10127773435532338,0.2350897974632907,4.793402445838429,0.052744413863720904,0.5261143426240491,1.0,,0.768289691370298
billboard,-1.36189603805542,0.030423629918410317,0.18558518770375096,0.2604577704775689,0.0009255972574123914,0.03444186189503647,0.06783825020214596,0.0223391720573992,0.23047124290357873,0.013644179421702,0.5077056349832997,1.0,,0.8899193527055931
billboard,-0.9783740639686584,0.1298237541261594,0.2829571247500131,0.23005636897672202,0.01685420713540949,0.08006473444679447,0.05292593290675367,0.1326933725118844,0.27146004078095826,0.3184489381623879,1.5127694506179925,1.0,,0.5689745720309131
billboard,0.8259773850440979,0.01419948362626213,0.193845127721954,0.15618189100569868,0.00020162533525248632,0.037575933541540665,0.024392783078115945,0.01719112881704871,0.13886210229748647,0.008265778226567965,1.5404529045007587,1.0,,1.9128283498294434
billboard,1.2751761674880981,0.06583132905483079,0.22698507523468195,0.23157099300434572,0.004333763885125408,0.051522224379294226,0.053625124801018734,0.05162528184988622,0.19891315622410655,0.08081592166370265,0.9607851649851161,1.0,,0.4793121305223693
billboard,0.8870353698730469,0.00855721679846886,0.16333241964643794,0.2772519933911131,7.322595933599765e-05,0.026677479307560103,0.07686866783934583,0.009646984876931768,0.33181515795341204,0.0009526112705509431,0.3470527076560708,1.0,,0.18565710590951748
billboard,0.5536910891532898,0.09132654070623403,0.3037299257939541,0.2963580219690435,0.00834053703736742,0.09225186782280084,0.08782807718540407,0.1649413228699265,1.3914373404079945,0.09496435883209241,1.0503687519887086,1.0,,1.1496369077065902
billboard,-1.1312286853790283,0.032943103556605936,0.2003585722935047,0.2372265479481276,0.0010852480719412629,0.04014355749149155,0.05627643505138527,0.02912152421733193,0.23013214880492905,0.01928423630513086,0.7133280111797593,1.0,,0.42322912351604075
billboard,-1.1237276792526245,0.04032285458365324,0.2192520617264445,0.1952969822605456,0.0016259326017744452,0.048071466571296635,0.038140911280075865,0.03588311948538227,0.14336805803066816,0.04262962124409973,1.26036491939846,1.0,,1.2211114989080547
billboard,0.40411365032196045,0.060969775733722135,0.2870792983072266,0.2678547297378549,0.0037173135530203724,0.0824145235165696,0.0717461562429393,0.15087284402580078,0.7142944208392277,0.051812023774948944,1.148696011497901,1.0,,0.1087216177260138
billboard,-0.19709409773349762,0.07699663795792808,0.2975329015281368,0.2582666855970252,0.005928482256824251,0.08852582749175195,0.06670168088927267,0.39065927819938934,2.8632771447028356,0.08888055260055226,1.3271903542986898,1.0,,1.1123919380254463
billboard,0.3510327935218811,0.0,0.23269517064582732,0.31610385437457894,0.0,0.05414704244189069,0.09992164675046501,0.0,0.9898413778717772,0.0,0.5418950167736172,1.0,,0.10023542311076164
billboard,-0.020521417260169983,0.02066044513510552,0.20168609550199276,0.1985691454764173,0.0004268539931807054,0.04067728111883895,0.03942970553523458,1.0067747696551825,1.314743958468742,0.01082569568771612,1.0316404996352186,1.0,,0.6572579148014956
billboard,-0.3845720887184143,0.06284918483386681,0.218559413661023,0.290996431509448,0.0039500200342815536,0.04776821729985016,0.08467892315123286,0.16342627735494686,1.1902793642381244,0.04664702723282144,0.5641098814463926,1.0,,0.4814308721374037
billboard,1.1140192747116089,0.034019923549848265,0.20297997556941166,0.3009104570598166,0.0011573551983375203,0.04120087048215895,0.09054710316794774,0.03053800263793026,0.3553878000363596,0.012781802596057055,0.4550214091967043,1.0,,0.8883344517077724
billboard,1.4935216903686523,0.07307162203681264,0.1938775538736271,0.23386155635218606,0.005339461947090803,0.037588505896021175,0.054691227539466696,0.04892571866082243,0.23941666206369622,0.09762922112577743,0.6872858333431312,1.0,,2.2095310065028397
billboard,-1.0636276006698608,0.05586964572704642,0.27065015470801046,0.224452318779906,0.0031214173136656764,0.07325150624346999,0.050378843405676554,0.05252745010740633,0.16722349846317208,0.06195889192076933,1.454013258176868,1.0,,1.2412522045675958
billboard,0.2551530599594116,0.08187105291286358,0.24597924980669084,0.3400041847948502,0.006702869305060907,0.06050579133546241,0.11560284567801063,0.3208703549386677,2.2167150472213346,0.05798187117063237,0.5233936152747449,1.0,,0.2993229662270878
billboard,-1.1406084299087524,0.0,0.2664512099911388,0.23242044041815568,0.0,0.07099624730574196,0.05401926112416945,0.0,0.17733570666118648,0.0,1.314276534485523,1.0,,0.731500252080277
billboard,-0.12904401123523712,0.047052466271444736,0.2581969912219628,0.21163836086482418,0.0022139345822254444,0.06666568627607436,0.04479079578954954,0.36462340112530894,0.33848186178650036,0.049428337746613406,1.4883791435478047,1.0,,3.5641063412027343
billboard,1.3576966524124146,0.08486773425699365,0.1896713596228835,0.23817545617887995,0.007202532317915693,0.035975224661193204,0.056727547926017564,0.0625086127348086,0.1888383523548933,0.12696710119233479,0.6341755633102819,1.0,,0.40487093462405277
billboard,-0.9859690070152283,0.06993043964815489,0.17815975921353044,0.20494746707574937,0.004890266389384233,0.031740899803023144,0.04200346426076537,0.07092559619074802,0.3189527832405617,0.11642531099398239,0.7556733798424267,1.0,,1.6755774251807583
billboard,-0.5221665501594543,0.12837086392338076,0.25597539518684187,0.27879781974237505,0.01647907870443514,0.06552340294105988,0.07772822429310186,0.24584275627035104,0.3383529583750142,0.2120089433960941,0.8429808288682966,0.9998000399920016,,1.082571662772873
billboard,0.6694340109825134,0.061955295346079645,0.255034592675121,0.3024693891434473,0.003838458621419958,0.0650426434609649,0.09148773136881015,0.09254877154381391,0.731565039993495,0.0419559930494523,0.7109438881893527,1.0,,0.8462964977549179
billboard,-1.9737286567687988,0.0,0.3032235603700302,0.23976229951748523,0.0,0.09194452756347732,0.057485960269912297,0.0,0.13144572687819106,0.0,1.5994257925199933,1.0,,0.6243199378639832
billboard,1.473270297050476,0.026768176949112613,0.1932830125479685,0.23327770222600352,0.0007165352971790038,0.03735832293961815,0.054418486355843974,0.018169223259780078,0.23179785082084947,0.013167130237573309,0.6865005890706156,1.0,,2.001417452054129
billboard,-0.5952935218811035,0.04811516013606946,0.21357666316068813,0.28781908745649737,0.0023150686349196073,0.04561499104685404,0.08283982710429089,0.08082594277866068,0.5668175406021397,0.027946323837748484,0.550640828709447,1.0,,0.3040544727646083
billboard,0.9544723629951477,0.05478029554601818,0.26375885366459456,0.25066905296164405,0.0030008807801090998,0.069568732886461,0.06283497411268751,0.057393275771879707,0.4622000512727311,0.04775812869322354,1.1071657762076457,1.0,,1.6441339261326173
billboard,-0.5054884552955627,0.07749583029435055,0.3149037075527144,0.29140981822250966,0.00600560371301078,0.09916434503044547,0.08491968215647613,0.15330880355919935,0.7625764806062427,0.07072098670770614,1.1677427719020614,1.0,,0.42328695266445404
billboard,0.9249507784843445,0.03103827850428521,0.20182332989377322,0.23773533279691741,0.0009633747325095734,0.040732656489410816,0.056518088460061074,0.03355668131351333,0.31006905491241704,0.017045423133699035,0.720701240952175,1.0,,0.6655863837010068
billboard,0.7370205521583557,0.008020988247851142,0.23941843196612694,0.26213146712409224,6.433625247216613e-05,0.05732118556511896,0.06871290605662904,0.010882991287504501,0.3564650477236655,0.0009363052178166364,0.8342127971982191,1.0,,0.006320576973685446
billboard,1.0297224521636963,0.033688616732356874,0.2184769198553651,0.19347824052741025,0.0011349228973396353,0.047732164509487626,0.03743382955758241,0.032716210724131466,0.19340877300695267,0.03031810826604971,1.2751077053461455,1.0,,0.15176527073261317
billboard,-0.5641195774078369,0.015681121405399207,0.24519383279617063,0.3676925164162126,0.00024589756853086916,0.060120015641276475,0.13519778662848675,0.027797513210682908,0.57403662483118,0.001818798773729758,0.44468195183166503,1.0,,0.20783357199007563
billboard,0.7222618460655212,0.12289744751417632,0.21885560484226663,0.24883855295157206,0.015103782605499725,0.04789777577087436,0.061920625435032337,0.17015636113641183,0.4070143169003026,0.24392167390729516,0.7735350771146381,0.9998000399920016,,0.4456159019430743
billboard,0.3941297233104706,0.09984589384144306,0.23139207592775224,0.2126925521734684,0.009969202516996716,0.053542292802154653,0.04523812175006359,0.253332565234596,0.36384443728612975,0.22037171596282518,1.1835657788351788,1.0,,0.895378332567967
billboard,0.42496457695961,0.042885358910227024,0.2907558200643544,0.29385954657747004,0.0018391540088589886,0.08453894690129522,0.08635343311471629,0.10091513795584658,0.8384506348859565,0.02129798367617606,0.9789876771776913,1.0,,0.2534725569534435
billboard,-0.19126783311367035,0.013938598121018265,0.22659202497880326,0.2548230802976608,0.00019428451757925392,0.0513439457839946,0.06493480225238808,0.07287476359255121,0.40830878411562693,0.0029919936742720857,0.7906999637025358,1.0,,1.6985361389767202
billboard,0.08326762914657593,0.06089580957721199,0.2672678142435824,0.23103593328188282,0.0037082996240640634,0.07143208453054208,0.05337760246743061,0.7313263293472323,0.49639615270184234,0.06947295218676701,1.3382407831848153,1.0,,2.374929908609481
billboard,0.898015022277832,0.058798244649851145,0.2275776993550329,0.3003064026856474,0.003457233573903749,0.05179160924372974,0.09018393549399423,0.06547579181995006,0.5086599394637241,0.038335359340511174,0.5742886353321628,1.0,,1.024379273579566
billboard,-0.2781085968017578,0.04805072613070488,0.226139378195234,0.2728699310976008,0.002308872281688005,0.05113901837052707,0.07445799929720942,0.1727768457476219,0.7963131542190397,0.031009056158920162,0.6868169821001849,1.0,,0.23658896934550241
billboard,-1.0001368522644043,0.07469492774651514,0.22724475943267372,0.2783706514897262,0.005579332231057117,0.051640180689613756,0.07749021961081459,0.0746847069752492,0.5599791361253521,0.07200046998290428,0.666409011988486,1.0,,1.807043521775651
billboard,-0.6143115162849426,0.07538863493356665,0.3066177591956906,0.23069802864549552,0.005683446277146586,0.09401445025418652,0.053221580420917874,0.12272053011390778,0.44372178580538846,0.10678837855241143,1.7664723503256898,1.0,,0.409173751773216
billboard,-0.18175460398197174,0.07085241211859643,0.2861776708758524,0.2795806633210198,0.0050200643030234296,0.0818976593079277,0.07816534730302142,0.3898245797703385,2.0806884711258653,0.06422365506241898,1.0477489339417545,1.0,,0.16948704049453997
billboard,-0.09681542217731476,0.06710619999208513,0.22438218169120328,0.26474070211939527,0.004503242077377725,0.05034736346050416,0.07008763935867038,0.6931354373395385,1.24620819262999,0.06425158727821584,0.7183486834654791,1.0,,0.43673509464534827
billboard,0.627371609210968,0.013817557236130894,0.2054673116438434,0.17297546275336728,0.00019092488797375323,0.04221681615414827,0.029920510714741548,0.02202451789858477,0.21923508201898131,0.006381070490206786,1.410965760465728,1.0,,0.9343738675097758
billboard,-0.1862470656633377,0.02815441828778035,0.2624377905670293,0.22499413875720506,0.0007926712691233006,0.06887359391770395,0.050622362475096445,0.1511670435585417,1.7919903485313817,0.015658519878704858,1.3605369356593375,1.0,,0.2697475802816417
billboard,-1.1629667282104492,0.07254874662464746,0.2720296080434362,0.27649401498230436,0.005263320636807296,0.07400010765226551,0.07644894032103475,0.06238247824706393,0.20685244927716837,0.06884752901354613,0.9679677356090776,1.0,,0.6282448409219994
billboard,-0.5384945869445801,0.09503665545218763,0.26253291113619764,0.23687324844421745,0.009031965879537824,0.06892352942964666,0.05610893582851597,0.1764858138898404,0.44317126088533476,0.16097196901295627,1.2283877498638638,1.0,,0.01688087264974437
billboard,1.6345250606536865,0.08851303362462336,0.23439616816556585,0.25834704344425824,0.007834557121433704,0.05494156365070023,0.06674319485638947,0.05415214226769018,0.18154692870094938,0.1173836094944395,0.823178509343422,1.0,,0.8186403413130096
billboard,-0.46746402978897095,0.008666828838919647,0.26212721803746136,0.26402235180788947,7.511392212312929e-05,0.06871067843605881,0.06970780225416896,0.018540097818504124,0.5921953731757349,0.001077554013957412,0.9856956641026433,1.0,,0.08191527441623847
billboard,0.7577142715454102,0.07107905840570428,0.13719684684991126,0.2017630764144822,0.005052232543841519,0.018822974785558007,0.04070833900423619,0.09380720553241484,0.2467284863698809,0.12410804929466107,0.4623862148637224,1.0,,0.29757278537142046
billboard,0.7622514367103577,0.17712929870711489,0.2941326794803975,0.3243660499397579,0.03137478846047433,0.08651403313831825,0.10521333435352148,0.23237647077655946,1.0432086987360445,0.2982016362588952,0.8222725158355618,0.9932013597280543,,1.3913919659017495
billboard,0.45211589336395264,0.0037806596867990304,0.24401747825340978,0.27065103523117867,1.4293387667387343e-05,0.05954452969315332,0.07325198287170871,0.008362147277480478,0.47375267885346933,0.00019512629019777315,0.8128725989225137,1.0,,0.44033061723733324
billboard,-0.4930989146232605,0.04818740082637267,0.3169418662460779,0.1694871146944046,0.0023220255984015012,0.10045214657954674,0.02872588204743426,0.09772359945912477,0.26433605459196957,0.08083391815670635,3.4969212229470577,1.0,,0.8737038904651491
billboard,-0.7779436707496643,0.14605247846115224,0.28589832801818826,0.31251193403550076,0.021331326464645337,0.08173785396359558,0.09766370891460917,0.18774171441025927,0.6035170737219773,0.21841610053224653,0.8369317003418524,0.9996000799840032,,0.8323707304616518
billboard,-1.612804889678955,0.03893970713509628,0.1915355597004064,0.15675543732631783,0.0015163007917670679,0.03668587062974794,0.024572267131365157,0.024144090450300915,0.10379502483038554,0.061707810014469226,1.4929786671137246,1.0,,0.6542963704015607
billboard,0.5993578433990479,0.06981977371556339,0.25596592277695235,0.2306283389774973,0.004874800801692476,0.06551855362305672,0.05318943073951939,0.11649096526309728,0.43560971165825324,0.09164980211135314,1.2317964812204105,1.0,,0.30317103907690035
billboard,-0.26784026622772217,0.0374351599542387,0.2256768341355339,0.23656136841921707,0.0014013912007994369,0.05093003346543728,0.055961281028372556,0.13976673665045836,0.6095574173001305,0.02504215727457931,0.910094131683933,1.0,,0.5083113586387694
billboard,0.07730960845947266,0.03330860682792369,0.2490496007457744,0.30088776084542684,0.001109463288817205,0.062025703631629625,0.09053344462657477,0.43084692176891276,1.3952695242025246,0.01225473407527386,0.6851137045261932,1.0,,0.45976904288422177
billboard,-0.4832471013069153,0.1328282073570494,0.37230298793233335,0.24227243910652727,0.017643332669687314,0.13860951482334313,0.058695934750625955,0.27486601988469833,2.182641641886427,0.30058866503525883,2.361484068909303,1.0,,2.4528037307642925
billboard,-2.383335590362549,0.0,0.20624627071769094,0.16658491088791927,0.0,0.04253752418495506,0.027750532535536002,0.0,0.07156291877147553,0.0,1.5328543382179618,1.0,,0.3333142824133168
billboard,0.3953710198402405,0.0,0.28073403628229965,0.2648661575765599,0.0,0.07881159912735154,0.07015408142937106,0.0,1.0271713085073133,0.0,1.1234071848933922,1.0,,0.5191725922625486
billboard,1.2091569900512695,0.0224883582753006,0.18912743950335856,0.1804845263756948,0.0005057262579182811,0.035769188373096554,0.03257466426105887,0.01859837759722753,0.16342708380891294,0.015525141068693918,1.098067752485067,1.0,,0.5805682006711033
billboard,0.603726327419281,0.06911810497873944,0.1630398347334107,0.2625689375199685,0.004777312435852045,0.026581987709897874,0.06894244695036512,0.11448582220059074,0.6728747804034882,0.06929421056510301,0.38556780163366533,0.9998000399920016,,0.8131453582481144
billboard,-0.3099762797355652,0.04705418392708299,0.2833879133681127,0.27670041165805215,0.0022140962250437554,0.08030870944313295,0.07656311781173553,0.15179930531208394,8.022509667096555,0.02891857448240412,1.048921618377763,1.0,,0.9956102806330659
billboard,-0.017954453825950623,0.13502168182580596,0.1774948481995917,0.31144226434460787,0.018230854563069176,0.03150442113739609,0.09699628402009662,7.520233315627302,20.0539404158556,0.18795415460753045,0.32480028957468826,0.9622075584883023,,0.007783869544177123
billboard,0.06799076497554779,0.08516700099340326,0.17725538646658132,0.2426806660786076,0.00725341805821035,0.0314194720314171,0.05889390568835665,1.252626015077676,1.2831281903596667,0.12316075786504262,0.5334927555607633,1.0,,1.0595109199576922
billboard,0.6926418542861938,0.06793243953040715,0.21537027257951596,0.19328469309427637,0.004614816340552423,0.046384354310975005,0.03735897258454861,0.0980772950840739,0.3720895242516465,0.12352631834583899,1.2415853836986734,1.0,,0.8960065800657714
billboard,-0.8743320107460022,0.07537904953633214,0.28343537219815795,0.2694895644707998,0.0056820011090008135,0.08033561021310832,0.07262462535866138,0.08621330182343069,0.2777406294676257,0.07823794038096425,1.1061758985518446,1.0,,0.3560812549921559
billboard,0.08057467639446259,0.013969468956880548,0.20752895721242132,0.26819873927543275,0.00019514606293724932,0.043068268081675,0.07193056374893156,0.173372945222782,13.16282125898636,0.002712978360886932,0.5987478178539193,1.0,,0.3764005451876006
billboard,-0.11706216633319855,0.03602741797205119,0.3020811277191085,0.28272345382666425,0.001297974845732877,0.09125300772404835,0.07993255134367795,0.30776312365094083,1.188869531327076,0.016238376279922622,1.1416251100468064,1.0,,0.42708335051156493
billboard,1.5294888019561768,0.01925940529259775,0.1625091299649488,0.2035938071627166,0.00037092469222454213,0.02640921732196462,0.041450438315009434,0.012592053807759473,0.16852290761980965,0.00894863136079862,0.6371275768247231,1.0,,1.5785410980229786
billboard,0.5604758858680725,0.097882714718858,0.21830002787522443,0.381910057138138,0.009581025840733339,0.04765490217032377,0.14585529174325587,0.17464215176225814,0.5163253773933338,0.06568857205125264,0.3267272760607759,0.9998000399920016,,0.4692033174695298
billboard,0.23652274906635284,0.09489869155565141,0.23094767552352666,0.30960144560908004,0.009005761658974664,0.05333682882972015,0.09585305512323214,0.40122437241345027,0.8600481048458367,0.09395383013505967,0.5564437018846025,1.0,,0.398766858958424
billboard,-1.760937213897705,0.024996464923340473,0.1762120458239646,0.2576945814012367,0.0006248232586637906,0.031050685093467003,0.0664064972835586,0.014194977950413482,0.15990684927940121,0.00940906815180702,0.4675850460969089,1.0,,0.5797865823343775
billboard,1.029122233390808,0.004011876993005924,0.17095713921399344,0.2410415297605026,1.6095157007010255e-05,0.029226343448232734,0.05810101906928327,0.0038983483815983383,0.25804956577303756,0.00027702021866118025,0.5030263481847267,1.0,,0.3942565058020237
billboard,0.3883732259273529,0.09553210420136804,0.21625809251444103,0.21092267494185923,0.00912638293314104,0.046767562577984534,0.044488374804629215,0.2459801495668442,0.5529209647517478,0.2051408479905047,1.0512310863987362,0.9998000399920016,,0.03272943760074765
billboard,0.4773651361465454,0.14107085898702337,0.2825311318848314,0.3268238422283917,0.019900987255336632,0.07982384048412401,0.10681382384892868,0.2955198197459403,1.4818624765948178,0.18631471600046304,0.747317506365302,0.9986002799440112,,0.7857926152180905
billboard,0.700169026851654,0.030255166935544777,0.21184448661265856,0.19912207068783172,0.000915375126297682,0.04487808650818087,0.03964959903500985,0.04321123296697183,0.31284390513925964,0.023086617483556972,1.1318673479788375,1.0,,0.3197980796479415
billboard,-1.4075558185577393,0.10660315438765114,0.16609212535125584,0.17722675932242682,0.011364232525397384,0.027586594103697282,0.031409324219929396,0.07573636013730718,0.162663489572272,0.36181079369376284,0.8782931434797769,0.9986002799440112,,1.7944568500231923
billboard,-1.3351573944091797,0.019519881559624048,0.24451504192128817,0.29479187338733165,0.000381025776101751,0.059787605725769306,0.08690224861521258,0.014619910462512764,0.3041136234269323,0.004384532991647479,0.6879868666056963,1.0,,1.240907983820955
billboard,1.4129807949066162,0.0012709591167008804,0.19125368734364895,0.2707912615668607,1.615337076325082e-06,0.03657797292254223,0.07332790734097196,0.0008994878920381066,0.29457893901575377,2.202895370808588e-05,0.498827448497283,1.0,,1.8232946122035885
billboard,0.8342379927635193,0.007858462563617103,0.26197570222431527,0.22309597002015508,6.17554338637715e-05,0.06863126855592311,0.04977181183923394,0.009419928883345323,0.36236880931823745,0.0012407712635265399,1.378918428318551,1.0,,0.9797488652248659
billboard,-1.1343002319335938,0.05843363303606267,0.259944817540951,0.1980850737557823,0.003414489469793235,0.06757130816639831,0.039237696444833714,0.05151513804811035,0.19005615940067874,0.08702064033228456,1.7221018125108407,1.0,,0.46472595234328856
billboard,-0.8997400403022766,0.025880754494066877,0.3034664801936748,0.24129411436915146,0.0006698134531821628,0.09209190460113802,0.05822284962919314,0.02876470239711904,0.3593285409192347,0.011504305568140999,1.5817141412288898,1.0,,0.9458420834039495
billboard,-0.8081857562065125,0.06821790891147363,0.2270250203870231,0.29601777649052535,0.004653683096254114,0.05154035988172826,0.08762652399839461,0.0844086998410823,0.7042597356135388,0.05310815588598919,0.5881821796636886,1.0,,1.3102626482860285
billboard,0.11941677331924438,0.08116583825056604,0.27298315859345523,0.28770868176960795,0.006587893298917049,0.07451980487565953,0.08277628556560553,0.6796854076234358,0.6007153374217565,0.07958672286274214,0.90025548218877,1.0,,1.249620566840407
billboard,-1.869295597076416,0.059064590496899216,0.2063688746247341,0.23445334955183061,0.0034886258505663972,0.04258811241387923,0.05496837311607287,0.03159724475319817,0.18116151885957715,0.0634660560755493,0.7747748386867643,1.0,,2.453059853577291
billboard,-1.4866464138031006,0.15144959134327468,0.19055735203205215,0.24520213640123018,0.022936978718044905,0.03631210441346745,0.06012408769572749,0.10187331024856155,0.16372914562990956,0.3814940001106219,0.6039526886001773,0.8754249150169966,,0.044705731546534934
billboard,-0.47142308950424194,0.08046412012572257,0.19415242614871983,0.316986903260671,0.006474474627606712,0.03769516457943411,0.10048069683879,0.1706834516958859,0.5038712832024703,0.06443500922365497,0.3751483196808614,0.9998000399920016,,0.4974333139422061
billboard,-1.5574448108673096,0.052789485197926415,0.17868314638128727,0.19358377407523247,0.002786729747462092,0.03192766680071653,0.03747467758521065,0.03389493151190957,0.12265873697890427,0.07436300795718848,0.8519797596155105,1.0,,0.1073736974201265
billboard,0.7344696521759033,0.05882604037665657,0.1822247760183692,0.18742922133648057,0.003460503026396029,0.03320586899494483,0.035129713010799424,0.08009322128202502,0.24575260186008568,0.09850644169316773,0.9452359882569158,1.0,,0.15048219535538676
billboard,1.280346393585205,0.07778784359614954,0.236584679516183,0.23962399587547908,0.006050948611339024,0.05597231058177502,0.057419659399331614,0.060755311207874994,0.17206201806863688,0.10538113034173552,0.9747934969887083,1.0,,0.4687102426974634
billboard,0.596563994884491,0.007176025760172593,0.2495424721660557,0.2128614745750083,5.149534571066065e-05,0.06227144541474669,0.04531000735824691,0.012028928701206722,0.3320084148302589,0.0011365115283144605,1.374341984153587,1.0,,0.20937924506142255
billboard,1.053867220878601,0.08021758121902382,0.21188246580596481,0.26907685537156634,0.006434860336630684,0.044894179316015845,0.07240235409665084,0.07611735105694532,0.3942957633136602,0.08887639658844111,0.6200651881579157,1.0,,1.3804357614474863
billboard,-0.6050111651420593,0.047721845061640296,0.19731722982940086,0.28960437269733275,0.002277374496087202,0.0389340891875486,0.08387069268541562,0.07887762707723749,0.623962517686417,0.02715340034962198,0.4642156627176503,1.0,,0.48643503714841463
billboard,-0.6821578741073608,0.02213362678044346,0.2353615786196949,0.2144090536195352,0.0004898974344559639,0.05539507269035482,0.045971242274024715,0.03244648727306192,0.4398491405270447,0.01065660639614197,1.204994034317295,1.0,,0.9080653790789198
billboard,-1.7410650253295898,0.0769948086738595,0.19082412868260049,0.2722889260698957,0.005928200562724229,0.036413848087473666,0.07414125926029712,0.0442228219817833,0.15008546405820652,0.07995818552138889,0.49114148384816275,1.0,,0.26868814991613704
billboard,-0.7785579562187195,0.06917777990202227,0.22821288954250396,0.2598624461962435,0.004785565232172636,0.052081122953339117,0.06752849094309554,0.08885373188914947,0.36581601782711587,0.07086735043739248,0.7712466579066085,1.0,,0.2624241611302168
billboard,0.21209774911403656,0.12243088811015261,0.23409018895365066,0.2976714763079427,0.01498932236344071,0.054798216564355864,0.0886083078073501,0.5772380358658421,8.057507191898635,0.16916384856406588,0.6184320400689373,1.0,,0.8366307818667057
billboard,-0.19014964997768402,0.04220379469649043,0.24409858250401373,0.2714550651866261,0.001781160286783514,0.0595841179804688,0.07368785241547542,0.22195042011091512,0.27633821121617647,0.024171694904891093,0.8086016355113012,1.0,,2.918271005102628
billboard,0.43463611602783203,0.012130462152941566,0.2730624419496172,0.2660033864893037,0.0001471481120439477,0.07456309720348805,0.07075780162377789,0.027909466575862713,0.6095698103568836,0.0020796026539425323,1.0537791662881655,1.0,,0.006551632254500611
billboard,1.7054113149642944,0.07073132464870072,0.17687208069889218,0.22283225751340138,0.005002920286559897,0.031283732930755426,0.049654214988518824,0.04147464252644623,0.16031358161841264,0.10075519848046505,0.6300317694678877,0.9998000399920016,,1.415566601839121
billboard,0.34760740399360657,0.042853778963182335,0.1902277093576465,0.2523820021119796,0.0018364463714252888,0.03618658140745723,0.06369667499005126,0.12328212365686701,0.4337917330180615,0.028831118291686688,0.5681078551291601,1.0,,0.9279470788044714
billboard,0.6566758751869202,0.00889900982529105,0.24067983334595144,0.3268315762580783,7.919237587062665e-05,0.05792678217943496,0.10681887923934005,0.013551601576284468,0.579405090664607,0.0007413705932374274,0.5422897393413323,1.0,,0.2833097619524572
billboard,1.415462613105774,0.036688951296839564,0.14748529984225545,0.22526399561827598,0.0013460791472618657,0.021751913669559995,0.050743867721910654,0.02592011329521276,0.1818831861073643,0.026526932370207233,0.4286609327607039,1.0,,0.7855380215926541
billboard,0.4650181829929352,0.041747404896818795,0.2191624565035112,0.22671639609462166,0.0017428458156189298,0.04803218234065344,0.05140032425813338,0.08977585484534278,0.39250502250339975,0.033907292235479405,0.9344723605134266,1.0,,0.4966372922899983
billboard,-0.46582841873168945,0.07449812140141562,0.21465114143935163,0.2701333220269322,0.0055499700923400605,0.04607511252121654,0.07297201166930625,0.15992609812053027,3.0080517335648618,0.07605614762946858,0.6314080079088297,1.0,,1.3919978462052207
billboard,0.5988858342170715,0.040372075651640506,0.1512917351931055,0.22566949462481317,0.0016299044924217843,0.022889189137740754,0.050926720804218575,0.06741197294208713,0.4088169255810066,0.03200489775667569,0.44945342594775317,1.0,,0.2077356206952989
billboard,-1.2879016399383545,0.0471925364390774,0.16384363327545087,0.2352019207729551,0.0022271354955536483,0.026844736164900435,0.05531994353528745,0.03664296633812523,0.1781304641599088,0.04025917875590391,0.4852632603967994,1.0,,0.13813531610599472
billboard,1.146745204925537,0.0867709822097767,0.206015882810521,0.19151818891951627,0.007529203353649385,0.04244254397019832,0.03667921668701153,0.07566718555881043,0.19836568827989454,0.20527165064338873,1.1571278725051846,0.9998000399920016,,0.9464624821507841
billboard,-0.31330448389053345,0.05686939344734743,0.22676509604909673,0.25857338958750176,0.003234127911069202,0.05142240878615606,0.06686019780276997,0.1815147767473932,1.0643865156068613,0.04837149780216795,0.769103449825954,1.0,,0.27215727814440566
billboard,-0.20295967161655426,0.057507489730912534,0.3142857853203457,0.25483829345680403,0.0033071113751510107,0.09877555485442642,0.06494255581197618,0.2833444165181728,3.0172696059068977,0.05092364065137609,1.520968086633434,1.0,,0.46499985773067803
billboard,-0.288194477558136,0.051838251964864156,0.22759248766469314,0.30685147543357727,0.0026872043667727427,0.051798340441403495,0.09415782797576328,0.1798724680781126,1.1226780305837494,0.028539362308404603,0.5501225076553026,1.0,,0.048471278762799226
grammar,-0.06261478364467621,0.0009341130094550896,0.0015229311893510112,0.0021419172991237303,8.725671144332442e-07,2.3193194074980856e-06,4.587809716285495e-06,0.014918409919867415,0.034004076764450934,0.19019252505958667,0.5055395822684458,0.9994001199760048,,0.17518471386252651
grammar,-0.06276755034923553,0.00028807727408686933,0.0016387745619149754,0.0021980320739231375,8.298851584532124e-08,2.6855820647796196e-06,4.831344997994848e-06,0.004589589246099643,0.03476071778991168,0.01717710407345448,0.5558663407175882,1.0,,0.21185698972100186
grammar,-0.06338650733232498,0.00027935751928341693,0.0017627906226071529,0.0018096922509609258,7.804062358018467e-08,3.107430779151714e-06,3.274986043188022e-06,0.004407207953875603,0.02837597770776778,0.0238292995912179,0.9488378692834971,1.0,,0.2149512719354153
grammar,-0.06471036374568939,0.0002598756873930423,0.0020484499660211155,0.0015922769745334085,6.753537289800625e-08,4.196147263291908e-06,2.535345963629265e-06,0.004015982484882163,0.024943075277885415,0.02663753738812496,1.6550590426267744,1.0,,0.5488554617472522
grammar,-0.06339848041534424,0.0006324667727200658,0.0016953870867087372,0.002115928024002338,4.0001421859493534e-07,2.8743373737787393e-06,4.477151402758437e-06,0.00997605571263804,0.03325892416190653,0.08934569832694977,0.6420013788248972,1.0,,0.10462422599080609
grammar,-0.06662166118621826,0.00045488735916932564,0.0017459819638846476,0.0020393230874197407,2.0692250953204307e-07,3.048453018210491e-06,4.158838654883184e-06,0.006827919794702241,0.03201439965635763,0.04975487791263093,0.7330058391736569,1.0,,1.4325729553331927
grammar,-0.06245449557900429,0.0005175949845614914,0.001988616606238738,0.002066413320758567,2.679045680432105e-07,3.954596006608475e-06,4.2700640122084475e-06,0.008287553678289485,0.03256325179825391,0.06274017609039358,0.9261210125426633,1.0,,0.4858414984421582
grammar,-0.059549685567617416,0.000632370876823518,0.0018359109184700132,0.0019351484997240044,3.9989292585454506e-07,3.3705689005574076e-06,3.7447997159840647e-06,0.010619214371929373,0.030356295799537317,0.10678619851087565,0.9000665339111958,1.0,,2.169425974326927
grammar,-0.06214439868927002,0.00036112929552727736,0.0016629797950099142,0.0017619313785828777,1.3041436808802764e-07,2.765501798611216e-06,3.1044021828349597e-06,0.005811131866171403,0.027651096261342552,0.04200949503550871,0.8908323199559608,1.0,,0.8943190435225551
grammar,-0.06937368959188461,0.0006836231407259087,0.0019203213940069336,0.0017996452663090275,4.673405985359557e-07,3.687634256280733e-06,3.23872308454849e-06,0.009854213387633912,0.02808899938858499,0.14429779463566197,1.1386074573259866,1.0,,2.947409816293163
grammar,-0.0647573471069336,0.0006880963055851989,0.0018393056264442468,0.002027236961610858,4.7347652575999933e-07,3.3830451874694635e-06,4.109689698521224e-06,0.010625764277356016,0.03198720877975699,0.11520979939929986,0.8231874997002264,1.0,,0.6811531537175765
grammar,-0.06560114026069641,0.00017730852708904482,0.0016074576278174906,0.0017367156161195477,3.143831377848654e-08,2.583920025228634e-06,3.0161811312735005e-06,0.0027028269079535437,0.027255599351697787,0.01042321810600697,0.8566859590881547,1.0,,1.0833957125586626
grammar,-0.06403854489326477,0.00015599475412149418,0.001604121143550758,0.0016271461347416474,2.4334363313425426e-08,2.573204643186592e-06,2.6476045438046833e-06,0.002435950947690894,0.025911849753199212,0.009191086852591759,0.9718991641738246,1.0,,0.7639755989100288
grammar,-0.06553206592798233,0.0005038101085904577,0.0019146116286484726,0.0024041487546147184,2.538246255179288e-07,3.6657376885559567e-06,5.779931234315501e-06,0.007687993678455508,0.03776853274043018,0.043914817534674085,0.6342182181671022,1.0,,0.7808404031723174
grammar,-0.06424953788518906,0.0004942594502834984,0.001581371179276656,0.001954040650368644,2.44292404194546e-07,2.500734806646842e-06,3.818274863293114e-06,0.007692809420150493,0.030472871963393475,0.06397978483504282,0.6549383939557601,1.0,,0.06427536309074985
grammar,-0.06132505089044571,0.0005330110569227812,0.001557123371220245,0.0018769049893804842,2.841007868019403e-07,2.424633193200301e-06,3.5227723391613552e-06,0.008691571375537546,0.029486853527098664,0.08064693356527673,0.6882741658456187,1.0,,1.2399206476981905
grammar,-0.06767236441373825,0.00019127987920500484,0.0017605282007228298,0.0021505049313908847,3.658799218868125e-08,3.0994595455403645e-06,4.624671459936513e-06,0.0028265582392769605,0.033804188708521865,0.007911479227366245,0.6702010234437092,1.0,,1.8859951724972386
grammar,-0.06406326591968536,0.00011680995433564001,0.001764655585773031,0.0020322262318396168,1.3644565431894304e-08,3.114009336399959e-06,4.129943457377048e-06,0.0018233530972660986,0.031826118768185814,0.0033038141012613404,0.7540077409141299,1.0,,0.10295449813399107
grammar,-0.06645876914262772,0.00047204480238406546,0.001654831670052932,0.001973799046514919,2.228262954578114e-07,2.7384678562101764e-06,3.895882676023203e-06,0.00710282192213049,0.031448071868766685,0.05719533004142353,0.702913327720002,1.0,,1.872032084586963
grammar,-0.06836338341236115,0.000432488754299168,0.00178679834371169,0.001893547877884245,1.870465225952461e-07,3.1926483210908388e-06,3.5855235658399277e-06,0.006326321675602841,0.030114533060719366,0.052167143559529075,0.8904273706378344,1.0,,2.8967713648286826
grammar,-0.06473731249570847,0.0003319188477112275,0.0017266541066272006,0.0020634835187564554,1.1017012146594903e-07,2.9813344039325758e-06,4.257964232179523e-06,0.005127164457641502,0.03225153917080689,0.02587389547177015,0.7001783578643451,1.0,,0.3665553805237727
grammar,-0.0689782202243805,0.0,0.0016743045354585913,0.002105046706411263,0.0,2.803295677457209e-06,4.431221636172907e-06,0.0,0.033487513791736506,0.0,0.632623666253426,1.0,,2.9061471671294163
grammar,-0.06210843101143837,0.0003186591691938452,0.0016369526250622861,0.0016573047385580982,1.0154366611131164e-07,2.6796138966983094e-06,2.7466589964471265e-06,0.0051306910189883636,0.025864840817128348,0.03696988459166608,0.9755903081396192,1.0,,1.1869581520722563
grammar,-0.0640869140625,0.0005069812727465805,0.0013576557251959985,0.001950062029484398,2.570300109157427e-07,1.8432290681574727e-06,3.802741918836809e-06,0.007910839212076167,0.030583802440527826,0.06759070596996064,0.4847105345295911,1.0,,0.16699257458857067
grammar,-0.0634002611041069,0.00041966127658541185,0.0014862025686672871,0.002029567749644902,1.7611558706529756e-07,2.208798075113242e-06,4.119145250398672e-06,0.006619235777220281,0.032178743055570835,0.04275537189378117,0.5362272852358055,1.0,,0.16189149940498682
grammar,-0.05999000743031502,0.00028489683563015934,0.0017246063168209868,0.0016078156544338462,8.116620695207802e-08,2.9742669480188503e-06,2.585071178642537e-06,0.004749071517637305,0.02507378947994806,0.031398054963693384,1.1505551462535304,1.0,,2.5707882350909097
grammar,-0.06098262220621109,0.00024405153161998177,0.0017931470174763862,0.002069260239944907,5.9561150086058966e-08,3.2153762262844588e-06,4.2818379406168545e-06,0.004001984873571492,0.03262999719555804,0.013910183176497896,0.7509336576669321,1.0,,1.1759108460132934
grammar,-0.06295815110206604,0.00028870115664445895,0.001748671576392273,0.002360804588267001,8.334835784784841e-08,3.057852282082237e-06,5.573398303982523e-06,0.004585604113062731,0.0372016120628064,0.01495467456332541,0.5486513102602447,1.0,,0.21246476865321137
grammar,-0.06227298825979233,0.00024567308561357907,0.001672072911375203,0.0017360534173528007,6.035526499489694e-08,2.795827820954748e-06,3.013881467902338e-06,0.00394509870939022,0.02729492359078479,0.02002575935307244,0.9276502247119376,1.0,,0.7664159478428766
grammar,-0.06479969620704651,0.0002532624961382855,0.0015287520082391019,0.0018578452327486943,6.414189195019508e-08,2.3370827026950873e-06,3.45158890884705e-06,0.003908390177155568,0.029168070177065297,0.018583294141949452,0.6771034339300139,1.0,,0.5948882887732837
grammar,-0.06438892334699631,0.0008546991360876291,0.0016461296064940898,0.00190100228523145,7.305106132289396e-07,2.7097426813763873e-06,3.6138096884551947e-06,0.013274008814863965,0.03005280635800921,0.2021441847263443,0.749829934330252,1.0,,0.596276724431238
grammar,-0.06824123859405518,0.0007865576761941574,0.0018474206179657743,0.0018842452005669989,6.186729779799531e-07,3.412962939685043e-06,3.5503799758597696e-06,0.011526134232016684,0.029731598774313396,0.17425542679558786,0.9612951185199693,1.0,,2.5825015278928634
grammar,-0.06241289898753166,0.00026911601141203995,0.0017506569638638622,0.0020031111255097325,7.242342759832523e-08,3.064799805125036e-06,4.012454181140868e-06,0.00431186526787999,0.031491270749998405,0.018049658470550546,0.7638217576489847,1.0,,0.5968503161867268
grammar,-0.06887860596179962,0.0005564117584566803,0.001880422361572053,0.001953885682984714,3.095940449488551e-07,3.5359882579002166e-06,3.8176692621726435e-06,0.008078150692615188,0.03061830748265191,0.08109504089745702,0.9262164988823255,1.0,,2.5919181254091708
grammar,-0.06275080144405365,0.00022396287176437601,0.0019086267399666262,0.0017895782807840427,5.0159367928946334e-08,3.6428560325156318e-06,3.2025904230539697e-06,0.0035690838461091725,0.028096779924085998,0.0156621238756827,1.137471718610158,1.0,,0.5266923621538185
grammar,-0.06319990754127502,0.0008474306142153498,0.0017800340550983003,0.0018530222441689175,7.18138645909405e-07,3.1685212373096986e-06,3.4336914373848113e-06,0.013408731866607623,0.02922667792250997,0.20914478164536476,0.922774015979411,1.0,,0.10892086326122861
grammar,-0.06442686915397644,0.00032956912385875766,0.0017701232741997276,0.002230878002647699,1.0861580740102915e-07,3.133336405863564e-06,4.976816662697386e-06,0.00511539871774782,0.03533721886632178,0.02182435375109045,0.6295864642450635,1.0,,0.5808273113655811
grammar,-0.06060623750090599,0.0011083334911286954,0.0014451083024122685,0.0019766441675196952,1.2284031275575217e-06,2.0883380057008686e-06,3.907122164989629e-06,0.01828744922685767,0.031167574360655998,0.31440100301055784,0.5344951904534093,0.9796040791841631,,1.4234496566803458
grammar,-0.06398125737905502,0.00043266787594533766,0.001475811458616837,0.0017349025854949355,1.8720149087505008e-07,2.178019461384756e-06,3.009886981157012e-06,0.006762415958505003,0.027376646741131293,0.06219552164150999,0.7236216758369836,1.0,,0.35139297535744923
grammar,-0.06416906416416168,0.00017000882299249504,0.0019967218368504925,0.0017623622967971257,2.8902999895293507e-08,3.986898093755605e-06,3.1059208651720404e-06,0.0026493891598226658,0.027878706445663797,0.009305774728324424,1.2836444541978909,1.0,,0.5411544346236993
grammar,-0.06298843026161194,0.0004791775387863558,0.0019730650479388044,0.002137890015597576,2.2961111367734953e-07,3.892985683397757e-06,4.570573718791804e-06,0.007607389750723614,0.03384626358397309,0.050236825353742555,0.8517498946339799,1.0,,0.08246318568615103
grammar,-0.06243472546339035,0.0004369115053494525,0.0016883617638840762,0.0018568894217469002,1.9089166350672466e-07,2.850565445745749e-06,3.4480383245955374e-06,0.006997892632772814,0.029083731983697764,0.05536239610362123,0.8267209286544479,1.0,,0.7601961188477762
grammar,-0.06498875468969345,0.0002541470771524584,0.001996979053737376,0.0019424277720741653,6.459073682513764e-08,3.987925341065825e-06,3.7730256497250055e-06,0.003910631591049143,0.030656260226838577,0.01711908235499149,1.0569568593726584,1.0,,0.8377235622203831
grammar,-0.0643187165260315,0.000785153019007843,0.0016771955533704964,0.0022291542291739087,6.164652632571302e-07,2.8129849242457653e-06,4.9691285774439226e-06,0.012207224606076688,0.035146072110195124,0.12405902838888397,0.5660921991462617,1.0,,0.40073537590479336
grammar,-0.06321091204881668,4.0394999447157135e-05,0.0021190783314413244,0.0017885836444216326,1.631755980335825e-09,4.490492974784147e-06,3.199031453092569e-06,0.000639051045742874,0.028285391879871336,0.0005100781296658941,1.403703914959353,1.0,,0.012615459171500237
grammar,-0.06293247640132904,0.00021506312864066584,0.00180004363022236,0.0019429493230514966,4.625214930071158e-08,3.2401570707040926e-06,3.7750520719462687e-06,0.003417363195263106,0.030311565587241816,0.012252055976771146,0.858307914421322,1.0,,0.6005286723407088
grammar,-0.06801272928714752,0.0005187887713163017,0.0015107329102177012,0.0019210713246029174,2.69141789243878e-07,2.2823139260148447e-06,3.6905150342116077e-06,0.007627818744429332,0.030136880798463196,0.07292797529583127,0.6184269417296677,1.0,,2.221607635584058
grammar,-0.06424989551305771,0.00015410109234946455,0.0018017249744066274,0.001971486472718676,2.3747146663298204e-08,3.2462128834005625e-06,3.886758912112727e-06,0.0023984644818316647,0.0312508691124846,0.0061097555058772495,0.8351979005654397,1.0,,0.5904594931405726
grammar,-0.06388197094202042,0.0005152448753079564,0.0018049121677150542,0.002138924010398846,2.654772815311115e-07,3.257707933165856e-06,4.574995922260682e-06,0.008065575743985656,0.033843763904614736,0.058027872820469964,0.7120679424684814,1.0,,0.3188641319310963
grammar,-0.06230423226952553,0.0008530838585857639,0.001375438459851183,0.0016925350978808148,7.277520697795756e-07,1.8918309568377947e-06,2.864675057558419e-06,0.013692229685061497,0.02637237155015964,0.25404349713570773,0.6603998425043761,0.999000199960008,,1.107280070231223
grammar,-0.06550311297178268,0.00040467416220041716,0.0013843853438299213,0.002084332975410573,1.6376117755260952e-07,1.9165227802110893e-06,4.344443952383892e-06,0.006177937869529071,0.03254325762228686,0.03769439296431714,0.4411434009085216,1.0,,0.698083701708018
grammar,-0.06305988878011703,0.0003211047641506564,0.0016043035656081383,0.0016243196794586408,1.0310826956024866e-07,2.573789930622986e-06,2.6384144210766215e-06,0.005092060426403759,0.025478257405861147,0.03907963386516614,0.9755063154834996,1.0,,0.42681337681767934
grammar,-0.06489688903093338,0.0002531277067838635,0.0014793664762420857,0.0020606213587595224,6.407363594165756e-08,2.188525171028925e-06,4.246160384175941e-06,0.0039004597995939234,0.03271079784100958,0.015089782331453886,0.5154127430477772,1.0,,0.9228997388125405
grammar,-0.0657852292060852,0.0007324426217356708,0.001858872062545334,0.00210031107348808,5.36472194135023e-07,3.455405344911544e-06,4.41130660541665e-06,0.011133846162352795,0.033247811898321385,0.1216129918233949,0.7833065470145845,1.0,,1.2444926619850192
grammar,-0.06069551780819893,0.0002079411279004562,0.001772647129949387,0.0022323624709435176,4.323951267251389e-08,3.142277847317799e-06,4.983442201677047e-06,0.003425971725911644,0.035333239285242186,0.00867663573141528,0.6305436523895768,1.0,,1.113045182300655
grammar,-0.0623767226934433,0.0004843699032611733,0.0017718807035992754,0.0017373277101648702,2.3461420318523838e-07,3.139561227787463e-06,3.018307572506711e-06,0.00776523488804723,0.027438958827251392,0.0777303828550484,1.0401727300375987,1.0,,0.5406992612085934
grammar,-0.06190142408013344,0.0007957631961465835,0.0019749160427289408,0.0017416567648951345,6.332390643414259e-07,3.90029337582814e-06,3.0333682867049855e-06,0.01285532938816467,0.027514873437424973,0.20875772556760183,1.2857961866756564,1.0,,0.8022900670258066
grammar,-0.06356273591518402,0.00043069677981261514,0.0014559968870224674,0.0018256770187970088,1.854997161409563e-07,2.1199269350191156e-06,3.3330965769635336e-06,0.0067759320553369895,0.028701287213113796,0.05565386776459607,0.6360232552728426,1.0,,0.025662170011160033
grammar,-0.06469936668872833,0.0003045374333830294,0.0016076385077045516,0.0018093817524933115,9.274304833152308e-08,2.5845015714545173e-06,3.273862326255767e-06,0.00470696158199157,0.028700349742102647,0.02832832877172051,0.7894350201373147,1.0,,0.9149393610654213
grammar,-0.068193219602108,0.00024050512623207432,0.002078152294836402,0.001822315310262084,5.7842715743906007e-08,4.318716960533805e-06,3.320833090015595e-06,0.0035268187605067966,0.028524024805951932,0.01741813399710323,1.300492028195709,1.0,,2.36303054217918
grammar,-0.06504598259925842,0.00016029561310791396,0.0017145802634474779,0.0019563508019695168,2.5694683581642038e-08,2.9397854798036222e-06,3.8273084603667716e-06,0.002464343018622359,0.030689014251304582,0.006713512602320983,0.7681077995793164,1.0,,0.6636791366813688
grammar,-0.06257867068052292,0.00023228426264257186,0.0018024411137536269,0.001519032569930146,5.39559786714033e-08,3.248793968549415e-06,2.307459948508584e-06,0.0037118759493698925,0.023647952460126954,0.02338327852939658,1.407952485003806,1.0,,1.0905609307549682
grammar,-0.06692000478506088,0.0006736176483498152,0.001492754649591102,0.0018591442959893251,4.537607361683353e-07,2.228316443875854e-06,3.456417513309643e-06,0.010066013152769417,0.02913621170709691,0.13128064952252924,0.6446896057247904,1.0,,1.673505113357806
grammar,-0.06383192539215088,0.0006577750303237298,0.0017321818721521283,0.0019830875975981157,4.326679905173837e-07,3.0004540382124518e-06,3.932636419747466e-06,0.010304796953604246,0.030849535840594435,0.11001983004194611,0.762962480626451,1.0,,0.22724638363824654
grammar,-0.06403911113739014,0.0006296335308751687,0.001697543270742347,0.0025878128126163346,3.9643838320233206e-07,2.881653156042626e-06,6.696775153141265e-06,0.009832015461993948,0.040712806774557464,0.05919840134043835,0.4303046003703626,1.0,,0.18412751393207208
grammar,-0.06109257787466049,0.0002415216696322664,0.0019199735380512578,0.0021624257467918154,5.833271690195764e-08,3.6862983868170645e-06,4.676085110388141e-06,0.003953371719356483,0.03398745221458091,0.012474691012866464,0.7883300452824908,1.0,,1.1707500581401065
grammar,-0.06546200066804886,0.0006851618775631081,0.0021586625287595756,0.0021250764783708894,4.694467984658036e-07,4.659823913070685e-06,4.5159500389252216e-06,0.010466558775639845,0.0333747009346048,0.10395305404608286,1.0318590491270592,1.0,,0.8417234172430944
grammar,-0.06351152062416077,0.0004952423549163012,0.0020547937419568164,0.0018948162425452874,2.452649901030437e-07,4.222177321984896e-06,3.5903285930134416e-06,0.007797677492985475,0.02970515298345262,0.06831268608124455,1.1759863234248233,1.0,,0.14562829819670658
grammar,-0.062164925038814545,0.00039546894063669825,0.001642848868618576,0.002035645913879858,1.5639568300831237e-07,2.6989524051213357e-06,4.143854286695762e-06,0.00636160890389195,0.03188710889239217,0.03774159808428486,0.6513145053836905,1.0,,0.8224537076904357
grammar,-0.06384221464395523,6.236449326434539e-05,0.001704641127411259,0.0019779555086003467,3.88933002011858e-09,2.9058013732619284e-06,3.912307994002457e-06,0.0009768535382450151,0.03100829193044742,0.0009941267471990699,0.742733286263889,1.0,,0.027432539851013966
grammar,-0.060243263840675354,0.00021570146777512763,0.0016225475710155155,0.0016536898078637853,4.652712320034443e-08,2.632660620208349e-06,2.7346899806325633e-06,0.0035805076621610466,0.026078412037207732,0.017013673772842873,0.9626907030973164,1.0,,1.916289696349207
grammar,-0.06261364370584488,0.00045398171411723757,0.0016346753934245982,0.002124324058118139,2.0609939675282523e-07,2.6721636418678646e-06,4.51275270389952e-06,0.007250523803566141,0.03339988966747238,0.04567043892627497,0.5921360679832551,1.0,,0.46559897666322675
grammar,-0.06456181406974792,0.0,0.0021214067271721356,0.00221789443135111,0.0,4.500366502091192e-06,4.919055708618263e-06,0.0,0.034731546277374244,0.0,0.9148842315825941,1.0,,0.31723893640372
grammar,-0.05768423527479172,0.0002339219099846051,0.0018366111730015327,0.0016511785869456376,5.47194599708457e-08,3.373140600794066e-06,2.726390725987793e-06,0.00405521385297501,0.02611151987215952,0.020070292731435405,1.2372183372843417,1.0,,3.362084252803253
grammar,-0.06149459630250931,0.0005426986323919706,0.001375296048762916,0.0019585021457870434,2.945218056001153e-07,1.8914392217428893e-06,3.835730655052454e-06,0.008825143427599436,0.03059264357641369,0.07678375571344377,0.49311054186025055,1.0,,1.2888075139317667
grammar,-0.06459060311317444,0.0001485733939357758,0.0018918120251436024,0.0017554165554394118,2.2074053385595222e-08,3.578952738477938e-06,3.0814872831107697e-06,0.0023002323368222512,0.027831892054500006,0.00716344133775279,1.161436802966448,1.0,,0.8650247706912625
grammar,-0.06279297173023224,0.0,0.0018771620508698304,0.0020337688693501167,0.0,3.5237373652258276e-06,4.136215813937651e-06,0.0,0.031835715179133056,0.0,0.851922995253783,1.0,,0.5360863266912594
grammar,-0.0630723088979721,0.0003618461277882047,0.0016592313264176307,0.00167095291775981,1.3093262019531775e-07,2.7530485945656105e-06,2.7920836533700228e-06,0.005737004623907763,0.026290683638846825,0.046894232569745224,0.9860193806309144,1.0,,0.28997620641615124
grammar,-0.06650549173355103,0.0009842546668471334,0.001652985868560206,0.0016523628432767508,9.687572492103615e-07,2.732362281659739e-06,2.730302965841628e-06,0.014799599870495983,0.026136250525219482,0.3548167589202826,1.0007542444350954,0.9998000399920016,,1.9876862530153658
grammar,-0.06457185000181198,0.0005732032265292151,0.0015450543236173288,0.0020506326916889424,3.285619389035027e-07,2.3871928629286013e-06,4.205094436223437e-06,0.008876983182503368,0.03201589925806178,0.07813425926257715,0.567690666436619,1.0,,0.25426394983680134
grammar,-0.06893080472946167,0.0005930359611645823,0.0019457027065358738,0.0021494954735144533,3.516916512343999e-07,3.785759022221025e-06,4.620330790659124e-06,0.008603351774175838,0.03367880792353554,0.07611828398637849,0.8193696931558786,1.0,,2.376102348031441
grammar,-0.062114641070365906,0.0004514022002497327,0.0017855142524876475,0.0019729655489274297,2.037639463902998e-07,3.1880611458365225e-06,3.892593057254514e-06,0.007267243156703853,0.031178216516892013,0.05234658321412529,0.8190070472162571,1.0,,0.590793776340493
grammar,-0.06444811075925827,2.6605419876702194e-05,0.001704572219850361,0.001772791364147062,7.078483668156201e-10,2.905566452685587e-06,3.1427892207944014e-06,0.0004128192364875521,0.027687277264214154,0.00022522934790921093,0.9245183970534137,1.0,,0.2363581391052665
grammar,-0.06057993322610855,0.00033688293328845313,0.0015066814518557353,0.0018679300879810997,1.1349011074103237e-07,2.270088997366106e-06,3.489162813585079e-06,0.005560965741429117,0.02921632152066089,0.032526458868344536,0.6506113697324467,1.0,,1.7958588061371377
grammar,-0.061002857983112335,0.00045800753861065653,0.001795177314200075,0.0022513233209579342,2.0977090542419201e-07,3.222661589418595e-06,5.068456695489062e-06,0.007507968540382954,0.03551103558904899,0.04138753037209306,0.6358269948891486,1.0,,1.063815388138524
grammar,-0.06475498527288437,0.0,0.0017215566883502969,0.0020118075979167244,0.0,2.9637574312036413e-06,4.0473698110354605e-06,0.0,0.03162081972869661,0.0,0.732267514355306,1.0,,0.5627307223552915
grammar,-0.06197917088866234,0.0002153230008803356,0.0019096932454102785,0.0019588222772237607,4.636399470811301e-08,3.6469282915656427e-06,3.836984713748079e-06,0.0034741187691448125,0.030681013695046305,0.012083445248553858,0.9504672454124052,1.0,,0.9524088047837201
grammar,-0.06241924315690994,0.0005613614035801706,0.001944594434122608,0.0017629421255270705,3.1512662542949915e-07,3.781447513220626e-06,3.1079649379579052e-06,0.008993402918536135,0.02765811432626767,0.10139323696378433,1.216695679876374,1.0,,0.7494631010055877
grammar,-0.06700948625802994,0.0003628390601483016,0.0016860529200098766,0.0017868793322238067,1.3165218356930283e-07,2.8427744490738317e-06,3.1929377479285978e-06,0.005414741709123633,0.027730674953255454,0.041232305156814135,0.8903319367620203,1.0,,1.4396968250305644
grammar,-0.06056894734501839,0.0008960101911002859,0.001955314411423823,0.0015049104185912573,8.028342625555709e-07,3.823254447521692e-06,2.2647553679845135e-06,0.014793227063966467,0.023735695500455175,0.3544904999033259,1.6881533880297819,1.0,,1.8830948455554197
grammar,-0.06778072565793991,0.00023306948097301071,0.0021506076201813977,0.0017355002299357177,5.432138296102861e-08,4.6251131359822955e-06,3.011961048106929e-06,0.0034385804918821887,0.027430697507083563,0.01803522093858769,1.5355819886479811,1.0,,2.59993277394535
grammar,-0.06618332862854004,0.0006334841025595993,0.0015142982578580364,0.0016868539636279477,4.013021081957409e-07,2.293099213751884e-06,2.845476294607318e-06,0.009571656725141259,0.026464468936084503,0.14103161181004373,0.8058753531342763,1.0,,1.4482577763530449
grammar,-0.0641106590628624,0.0001239480944240292,0.0019484561530952538,0.0018323217773550285,1.5363130111348055e-08,3.7964813805347554e-06,3.35740309576949e-06,0.001933346127396607,0.02877507570625279,0.0045758968086693046,1.1307791385903372,1.0,,0.23645792262975865
grammar,-0.06544473767280579,0.000679371208414417,0.0015727009029895237,0.0019309223439916917,4.615452388224652e-07,2.4733881302640628e-06,3.728461098526369e-06,0.010380837827037631,0.03038378330812357,0.12378974236981731,0.6633804309348007,1.0,,0.9806993939634322
grammar,-0.05838542431592941,0.00044663814422618255,0.0016572745917556363,0.0019359184759957084,1.9948563187780822e-07,2.7465590724788106e-06,3.747780345701546e-06,0.007649822699058905,0.030845252570256367,0.05322767437707627,0.7328495320247171,1.0,,2.260869401074322
grammar,-0.06590911746025085,0.0004888514263142234,0.0019649208890401585,0.001814662700897329,2.389757170094506e-07,3.860914100186366e-06,3.293000718027989e-06,0.007417053135464072,0.028850233516607898,0.07257080622580643,1.1724607526045339,1.0,,1.6585485933344035
grammar,-0.06148368865251541,0.00077749093514803,0.001386482574853135,0.0018436080817812483,6.044921542373582e-07,1.922333930371379e-06,3.3988907592091335e-06,0.012645482927059573,0.02899531006657225,0.1778498330961404,0.5655768503777022,0.9994001199760048,,1.1386837578664535
grammar,-0.059742145240306854,0.00015224912667831402,0.0015578283081398652,0.002192115552531501,2.3179796574309313e-08,2.4268290376419146e-06,4.805370595650488e-06,0.0025484375572036627,0.034200086360367594,0.004823727142978352,0.5050243242089432,1.0,,1.986500611556649
grammar,-0.0628666877746582,0.00021276550009364912,0.0016199287827560166,0.0022584108792116486,4.5269158030100604e-08,2.6241692612013893e-06,5.100419699341532e-06,0.003384391760168661,0.03545839216444161,0.008875575089623484,0.5145006520816653,1.0,,0.36537649056328214
grammar,-0.0624055415391922,0.00025130671919063,0.0017282148822988987,0.0019430425256202943,6.315506711035815e-08,2.9867266793993964e-06,3.7754142563688925e-06,0.0040269936449922996,0.030755024268638326,0.016727983426936373,0.7910990626686784,1.0,,0.39757779457011944
grammar,-0.0649729073047638,0.00016439553765417028,0.0017775121015724438,0.002458024753685076,2.7025892800603715e-08,3.1595492712364858e-06,6.041885689728579e-06,0.0025302167391563967,0.03872577301361241,0.004473089063328142,0.5229409216741442,1.0,,0.6103789553176865
grammar,-0.06481229513883591,0.0005795046194961134,0.001472322441172393,0.002023516979109052,3.3582560401733516e-07,2.1677333707798346e-06,4.094620964742624e-06,0.00894127600719498,0.03171852865505301,0.08201628597836386,0.5294100209629762,1.0,,0.5022150857764895
grammar,-0.06477310508489609,0.00029299581830982945,0.0015614726555806325,0.0021900589945504133,8.584654954704659e-08,2.4381968541260326e-06,4.796358399611166e-06,0.004523417827905718,0.034423586272728006,0.017898276649636117,0.5083433411322418,1.0,,0.5261141047094902
grammar,-0.0636160671710968,0.0005754955330474928,0.0016096564921520117,0.002128799343607076,3.31195108557618e-07,2.5909940227271193e-06,4.5317866453419185e-06,0.009046386528417185,0.03331895287084746,0.07308267896902054,0.5717378653274247,1.0,,0.12940479171762334
grammar,-0.06124597042798996,0.0,0.00200041252406352,0.0019823297817063478,0.0,4.0016502664301834e-06,3.929631363439936e-06,0.0,0.031114649768574587,0.0,1.0183271397058484,1.0,,1.2432472049450731
grammar,-0.06355156004428864,0.0004237202654055787,0.0017776343138297115,0.002362556765680016,1.7953886331537404e-07,3.1599837537048293e-06,5.5816744710604185e-06,0.006667346405191171,0.03713836210325992,0.03216577108647915,0.5661354437792014,1.0,,0.026850655993170068
grammar,-0.06598343700170517,0.0005436021058373937,0.0018208030784052566,0.0021744029631365746,2.9550324947084894e-07,3.315323850330059e-06,4.728028246097115e-06,0.008238463022521026,0.03427738945979254,0.06250031389190207,0.701206439083097,1.0,,1.1717919872645033
grammar,-0.06469318270683289,0.0007619414355091355,0.0016446440759720314,0.002515404709117092,5.80554751145722e-07,2.704854136629897e-06,6.3272608506484415e-06,0.011777770139428607,0.03951344999252809,0.0917545150815498,0.42749211712248175,0.9996000799840032,,0.41095862711382714
grammar,-0.06177401915192604,0.0004554553901824261,0.0016259860872041404,0.001610946317688356,2.0743961244622601e-07,2.643830755781431e-06,2.595148038473673e-06,0.007372927914278757,0.02564077910114446,0.07993363360042878,1.018759129184935,1.0,,0.6539580595232599
grammar,-0.06464287638664246,0.0002752722655919066,0.0018709995322742793,0.002094432611585607,7.577482020410118e-08,3.5006392497705717e-06,4.386647964473307e-06,0.0042583542221334035,0.0332081014287912,0.017273968829454325,0.7980214683561652,1.0,,0.7510134291967883
grammar,-0.0632527694106102,0.0009080896194321455,0.0016088167172149132,0.0018466228612051602,8.246267569204189e-07,2.5882912295901703e-06,3.4100159915255323e-06,0.014356519530982307,0.02908597847753061,0.24182489436112797,0.7590261265702309,0.9988002399520096,,0.1276124596658972
grammar,-0.06585895270109177,0.0007708129552087002,0.0017675587551345536,0.002291779843341785,5.941526119175696e-07,3.1242639528528127e-06,5.252254850347698e-06,0.0117039965501292,0.03568526320098482,0.11312334013613923,0.5948424137579666,0.999000199960008,,0.7142607195393297
grammar,-0.061985742300748825,0.00045618719228443516,0.002193170572007983,0.0018907271358281376,2.0810675440435622e-07,4.809997157921824e-06,3.5748491021568727e-06,0.007359550363550686,0.029750082426956488,0.05821413672504267,1.345510543373629,1.0,,0.8292761496025846
grammar,-0.06297042965888977,0.0003645799275811226,0.001722668220772523,0.0014892754968692718,1.329185235950566e-07,2.96758579885957e-06,2.2179415055752163e-06,0.005789700492057124,0.023376581489637033,0.059928777770261614,1.3379910116655378,1.0,,0.4952614554446734
grammar,-0.06396663933992386,0.00035136809509107614,0.0017237647584293044,0.00201462397239857,1.2345953824793153e-07,2.9713649424028384e-06,4.058709750162995e-06,0.005492989763365211,0.0314696382867332,0.03041842010086419,0.7320959431217052,1.0,,0.02550446402694415
grammar,-0.06622617691755295,0.00022256865166586816,0.0017454693827906693,0.001561373970639052,4.953680470436256e-08,3.0466633662596405e-06,2.4378886761891594e-06,0.0033607353168362848,0.024584752631067217,0.020319551580918426,1.2497139003993,1.0,,1.7397024709312316
grammar,-0.06569180637598038,0.0005632531288002576,0.0015446597695579392,0.00247918517271971,3.172540871032795e-07,2.385973803690786e-06,6.146359120633258e-06,0.008574176291888452,0.03899419917496094,0.05161658810957874,0.3881930353989728,1.0,,0.8524975206638262
grammar,-0.062391240149736404,0.0002046034509236471,0.001858253260087868,0.002252321968209452,4.1862572129865263e-08,3.4531051786271897e-06,5.0729542484789e-06,0.003279361821188475,0.03533101175766801,0.008252109141811705,0.6806892018911044,1.0,,0.6028933118543879
grammar,-0.06340175122022629,0.00013432869749148917,0.001784828798126015,0.0017549368561982851,1.8044198969760007e-08,3.1856138386199553e-06,3.0798033692431205e-06,0.002118690649803943,0.02759983104268647,0.005858880196690763,1.0343562418411272,1.0,,0.10445203592992269
grammar,-0.06497620791196823,0.00039257408935745945,0.0018328302529465952,0.0015977836171827684,1.5411441563483856e-07,3.35926673611628e-06,2.5529124873376517e-06,0.006041812872325989,0.025085143289575926,0.06036807622636505,1.3158565962515811,1.0,,0.8022296035223798
grammar,-0.06596764922142029,0.00013657613910823075,0.0014491820654959713,0.001657478827883079,1.86530417737108e-08,2.1001286589551694e-06,2.7472360648806653e-06,0.002070350250769331,0.026111626231440102,0.006789748435586678,0.7644514739021508,1.0,,1.5028782815472992
grammar,-0.062088772654533386,0.0004758828921190828,0.001623244700669388,0.0019469051906179208,2.2646452701162263e-07,2.6349233582512514e-06,3.7904398212550027e-06,0.0076645562760103364,0.03053124893221106,0.05974623993282155,0.6951497669151324,1.0,,0.8623177828727164
grammar,-0.06294751167297363,9.233950529792839e-05,0.0020500718956754736,0.0019289433736068824,8.526584238666145e-09,4.202794777438429e-06,3.7208225385819004e-06,0.001466928602001819,0.030181934560427184,0.002291585838951578,1.1295337882575343,1.0,,0.49924551088259583
grammar,-0.06194929778575897,0.0002573323004225804,0.0018233583340548803,0.0017063370074609076,6.621991284077716e-08,3.3246356143673884e-06,2.9115859830306455e-06,0.004153917955817999,0.026998180244529803,0.022743588280312234,1.1418641365029525,1.0,,0.7341040236370285
grammar,-0.06600052118301392,0.00013810702956419766,0.0017541672722877167,0.0017228017857479595,1.907355161504617e-08,3.077102819165329e-06,2.9680459929763577e-06,0.0020925142269897904,0.026955471449018737,0.006426299208362066,1.036743644285515,1.0,,1.211771532037628
grammar,-0.06621569395065308,0.00045858187592268053,0.0021762623585945646,0.0022024878171240155,2.1029733692476476e-07,4.736117853435578e-06,4.850952584579711e-06,0.006925576831746813,0.03447163038898624,0.043351760970260035,0.9763273853656761,1.0,,1.0546836374509567
grammar,-0.06390710920095444,0.0005330947217692465,0.0014961674237377437,0.0019252107809138725,2.841899823782303e-07,2.238516959854037e-06,3.706436550947003e-06,0.008341712345225042,0.030295213443298368,0.07667471936235333,0.6039539404180791,1.0,,0.18634880553796426
grammar,-0.062418002635240555,0.0005281288265113881,0.001804461691773215,0.0020593926088633367,2.789200573922958e-07,3.2560819970770527e-06,4.241097917440941e-06,0.00846116191185541,0.03227510290947006,0.06576600277142267,0.7677450651839131,1.0,,0.6746968763797485
grammar,-0.0635935515165329,0.000501288840522055,0.0016961710211338562,0.0020095089658433082,2.5129050163194623e-07,2.876996132934268e-06,4.0381262838046416e-06,0.007882699244934153,0.03169719243424365,0.062229480697464805,0.7124581874699619,1.0,,0.09777842334103044
grammar,-0.0640801191329956,0.0005321784210084193,0.0015205140665505862,0.0017945689351393248,2.8321387178701444e-07,2.3119630265782003e-06,3.22047766296709e-06,0.008304891255022564,0.028445069491399893,0.08794157309139163,0.7178944456482095,1.0,,0.5523283742767293
grammar,-0.06517823040485382,0.00039499767238361684,0.001548890572178321,0.0018496032498186603,1.5602316118847512e-07,2.399062004582887e-06,3.4210321817397496e-06,0.006060269969437547,0.02906083272421242,0.045607042816279586,0.7012684701968677,1.0,,0.8284570038625925
grammar,-0.0632145032286644,0.00032041711031887196,0.0017377077782000233,0.001870276025184086,1.0266712458509618e-07,3.0196283224168616e-06,3.497932410378384e-06,0.005068727806969144,0.02935503002361175,0.029350802857277137,0.8632609119197411,1.0,,0.266153921855263
grammar,-0.06432346999645233,0.0001412214508562034,0.001689170005894559,0.002030160848200103,1.994349818193108e-08,2.8532953088138244e-06,4.121553069564562e-06,0.002195488689649241,0.031923428794850724,0.00483883085946485,0.6922864417017617,1.0,,0.358972002089934
grammar,-0.06212884560227394,4.55670408392302e-05,0.0016447400081531934,0.0021310528961963325,2.076355210844073e-09,2.705169694419767e-06,4.541386446386777e-06,0.0007334280944303015,0.03337652170926242,0.00045720733863026896,0.5956704469781595,1.0,,0.8071200054700891
grammar,-0.06313548982143402,0.00012908721042768882,0.001644005656846139,0.001863920137280855,1.6663507896002415e-08,2.7027545997421046e-06,3.4741982781610807e-06,0.002044606144543836,0.029265040353930447,0.004796360645490428,0.7779505898473627,1.0,,0.29804153937498173
grammar,-0.06613130867481232,0.00015057910505932517,0.0019656843076737264,0.0019113385350177647,2.2674066880467283e-08,3.863914797434738e-06,3.6532149954438553e-06,0.0022769714992299374,0.02986026737196819,0.006206606210897929,1.0576751716648647,1.0,,1.1101560317057417
grammar,-0.06503617763519287,7.689820156980141e-05,0.0021929278605055526,0.0016346313643405437,5.913333404669809e-09,4.808932601381459e-06,2.6720196972858272e-06,0.0011823911608266117,0.02557451027945021,0.0022130575649110785,1.7997369578773152,1.0,,0.685016144878948
grammar,-0.06369748711585999,0.001000833260244082,0.0017322203248809856,0.001675108502798355,1.0016672148107983e-06,3.000587253930787e-06,2.8059884961473466e-06,0.01571228796551513,0.026317572476102273,0.35697481161669,1.069351231500281,0.9956008798240352,,0.02846176504795902
grammar,-0.06149261072278023,0.0004090353932111988,0.0018044919850525296,0.002093238229487961,1.6730995289944003e-07,3.256191324118819e-06,4.381646285389893e-06,0.006651781220595823,0.03261193280771852,0.038184267282668674,0.7431433557236746,1.0,,1.2868369822279497
grammar,-0.05996180325746536,6.5442374302896e-05,0.001839347146009402,0.0019182029013894836,4.282704354400343e-09,3.3831979235329322e-06,3.679502370899033e-06,0.0010914010377889743,0.03043821822504684,0.0011639357507341208,0.9194715976514772,1.0,,1.5940699324357743
grammar,-0.06551728397607803,0.0001834088238773061,0.001975225567185616,0.0013789845763713126,3.363879667605669e-08,3.901516041263738e-06,1.9015984618699684e-06,0.002799396018068654,0.021701782574843276,0.017689747520608225,2.0517034061055757,1.0,,1.432088115799197
grammar,-0.0646011158823967,0.0005184240339837834,0.0016730349959471792,0.0019038062913422935,2.68763479012019e-07,2.799046097663978e-06,3.6244783949544972e-06,0.008025001223315556,0.030145051892559404,0.0741523192374811,0.7722617691859958,1.0,,0.7596696529544094
grammar,-0.06552909314632416,0.0004889841125877119,0.001935057646184524,0.0019016900645430826,2.3910546236319204e-07,3.744448094057191e-06,3.616425101581874e-06,0.007462091860417289,0.029981605390258084,0.0661165254766659,1.0354004269075885,1.0,,1.104561102584128
grammar,-0.059134989976882935,0.0004136113724643977,0.00194544799187273,0.0020621841632799155,1.710743674318827e-07,3.784767889081638e-06,4.2526035232824846e-06,0.0069943593907107575,0.032264361881228734,0.040228148825836085,0.8899884196493975,1.0,,2.3180478959603485
grammar,-0.06405074149370193,0.0002738453841475686,0.0011862504647926202,0.0016850863185329584,7.499129441892944e-08,1.4071901652207074e-06,2.839515900906959e-06,0.004275444401755999,0.02659622550304942,0.026409887120187197,0.4955739690597408,1.0,,0.4110420664686722
grammar,-0.06107297167181969,0.00029168106398364424,0.0014923487448255412,0.0020755476819692515,8.507784308663077e-08,2.2271047761823685e-06,4.307898180127933e-06,0.004775943531141974,0.03262394227982297,0.019749269720229133,0.5169817584027089,1.0,,1.2273438531064702
grammar,-0.06477712094783783,0.0001846411511568535,0.0020942764271836035,0.0017818558741732919,3.409235470052802e-08,4.38599375345692e-06,3.175010356325866e-06,0.002850406879082152,0.02806694599787645,0.010737714487325271,1.3814108494853568,1.0,,0.7246385460494847
grammar,-0.05903295800089836,0.000690096957528528,0.0015363026780640314,0.0020903377541779083,4.76233810790131e-07,2.360225918626715e-06,4.369511926541542e-06,0.011690028433235992,0.03270512656640725,0.10899016155497003,0.5401577929768527,1.0,,2.3353755540323746
grammar,-0.06273486465215683,5.1426594736450225e-05,0.001485458748243225,0.0016959765427929372,2.64469464618709e-09,2.206587692732329e-06,2.8763364337038838e-06,0.0008197450496082671,0.02674054118413303,0.000919466379244619,0.7671521546910584,1.0,,0.40599273806170116
grammar,-0.06425778567790985,0.0001247943661297656,0.0018049137705817176,0.0015261113084374391,1.5573633817729988e-08,3.257713719235513e-06,2.3290157257406323e-06,0.0019420894264127536,0.02391913759984086,0.006686787747119027,1.3987512764429928,1.0,,0.29804206945635653
grammar,-0.06489452719688416,0.0007352960503578146,0.0019220273913946137,0.0021606215501681117,5.406602816718017e-07,3.6941892932711837e-06,4.668285483050854e-06,0.011330632676111386,0.034140129624923285,0.11581559946039659,0.7913374849682348,1.0,,0.7440769866498534
grammar,-0.06390071660280228,0.0005946027861580655,0.0019331531844390987,0.002302489120658633,3.535524733069341e-07,3.737081234507028e-06,5.301456150751365e-06,0.009305103569558248,0.03643225227744647,0.06668969114397481,0.7049159944437867,1.0,,0.3046784121735342
grammar,-0.06277763098478317,0.0005393743767681941,0.0018845236278372986,0.0016244589124748774,2.9092471831407783e-07,3.5514293038770527e-06,2.6388667583190614e-06,0.008591824321929804,0.025583393784311213,0.11024608097280164,1.3458160752835004,1.0,,0.4425992444073465
grammar,-0.06265957653522491,0.0006497303470145631,0.0018664261541200817,0.0016018219306448392,4.2214952383166456e-07,3.483546588783479e-06,2.5658334974947603e-06,0.010369210628950047,0.025186641948291965,0.16452724786851708,1.3576666577097694,1.0,,0.5858940569091822
grammar,-0.06175658106803894,0.0005271433817972663,0.001884114668667723,0.0020375424421676244,2.7788014497265846e-07,3.549888084688884e-06,4.151579203634408e-06,0.008535825213777586,0.03234154436505485,0.06693360076796667,0.8550693388147849,1.0,,0.610635860266598
grammar,-0.06671185791492462,0.0004622076952442569,0.0018062513799392383,0.002292630636881628,2.1363595354300784e-07,3.2625440475324025e-06,5.2561552371682605e-06,0.006928418870205875,0.03600152364500931,0.04064490942586841,0.6207092257210595,1.0,,1.3217867414423259
grammar,-0.06060466915369034,0.00042862422752861233,0.0017218013972327467,0.0018185144402009426,1.837187284244996e-07,2.9646000515126386e-06,3.3069947692193475e-06,0.007072462130626326,0.02849782568474511,0.055554586942352026,0.8964634837364636,1.0,,1.763925186914746
grammar,-0.064301036298275,0.001002925241261392,0.0016692052823390742,0.0019511196164506048,1.005859039559221e-06,2.7862462745886685e-06,3.806867757698355e-06,0.015597341800357538,0.030786889110267696,0.26422221720866046,0.7318999376729709,0.9996000799840032,,0.4746092601414546
grammar,-0.06272586435079575,0.0002978052808115038,0.0015251576149590454,0.002267358075277874,8.868798527921866e-08,2.326105750467564e-06,5.140912641527785e-06,0.004747727016498671,0.035742138912792626,0.01725140874069827,0.4524694179157045,1.0,,0.31344332408320896
grammar,-0.06669162958860397,0.00010625605957073396,0.0015124651024828485,0.0018292059053383431,1.1290350195499363e-08,2.2875506862284532e-06,3.3459942441246677e-06,0.0015932443130597998,0.028910767848744957,0.003374288588608432,0.683668446305678,1.0,,1.870145748837322
grammar,-0.06440241634845734,0.00014870589107986393,0.0020125577058756425,0.0022116415745031866,2.2113442041856354e-08,4.050388519479429e-06,4.891358454070934e-06,0.0023090110513132316,0.034170260771533345,0.0045209203638412535,0.8280702707666844,1.0,,0.1454792757781077
grammar,-0.06425812095403671,0.0,0.0017730936342738464,0.0018480315387327145,0.0,3.1438610359024364e-06,3.4152205681508045e-06,0.0,0.029248406229912687,0.0,0.9205440682868405,1.0,,0.581219932116298
grammar,-0.06324149668216705,0.00044119882770665534,0.002009316520050854,0.0016621684635102613,1.9465640556972694e-07,4.037352877749274e-06,2.762804001088063e-06,0.006976413444545587,0.026080116105158212,0.0704561038325796,1.46132439223313,1.0,,0.29580211112530025
grammar,-0.06497081369161606,0.00037841338772597483,0.0016495381666690255,0.0016646849579072657,1.4319669201024894e-07,2.72097616329781e-06,2.771176009082715e-06,0.005824359681288799,0.02597457426420652,0.05167361854350362,0.981885002749601,1.0,,0.529707242261795
grammar,-0.06444195657968521,0.0007134185582081631,0.0015478776676557339,0.0017107904264066563,5.089660391958143e-07,2.3959252740273543e-06,2.926803883084669e-06,0.011070715354925495,0.026894663848077944,0.17389823832657889,0.8186149020351163,1.0,,0.48584618218765063
grammar,-0.06214375048875809,0.0007166503001924043,0.0017483839289381706,0.002116156219274946,5.135876527658632e-07,3.0568463629692737e-06,4.4781171443760325e-06,0.011532137898919501,0.03318619428226616,0.11468830229483087,0.6826186686090379,1.0,,0.7666782106444925
grammar,-0.06278533488512039,0.00030256435825872646,0.001868559433577498,0.002061094901780032,9.154519088851496e-08,3.4915143568114605e-06,4.24811219414364e-06,0.004819029138131295,0.032437447440546,0.021549617030999623,0.8218978683342663,1.0,,0.36643921945743496
grammar,-0.0645950511097908,8.427065475696097e-05,0.0015366855731811337,0.001928365062119523,7.101543253166909e-09,2.3614025508230294e-06,3.718591812803232e-06,0.0013045992426529392,0.030265901053531895,0.0019097399259354216,0.6350260178309015,1.0,,0.45683122387350855
grammar,-0.0655875876545906,0.0007064133348641042,0.0018288857664503547,0.0024043805479624304,4.990197996738251e-07,3.344823146724701e-06,5.781045819420117e-06,0.01077053387882396,0.037514425661541624,0.08631998694725458,0.5785844380420795,1.0,,0.6219599020984456
grammar,-0.06489793956279755,0.00025626158550780053,0.0018849641261179811,0.0017724986307563963,6.567000020697176e-08,3.5530897567517244e-06,3.1417513960333e-06,0.003948686001962092,0.028013258620363978,0.02090235411047645,1.1309264511628039,1.0,,0.916434258766181
grammar,-0.060857582837343216,0.00048361961200259624,0.001622934232001063,0.002064926202556112,2.338879291135417e-07,2.6339155214008805e-06,4.263920222002806e-06,0.00794674368344842,0.032532843183991904,0.054852792016751716,0.6177215764519403,1.0,,1.2661303465304328
grammar,-0.06324907392263412,0.0004421954750547254,0.001742937231545776,0.0018690589788484472,1.9553683815887427e-07,3.037830193108454e-06,3.4933814664140003e-06,0.0069913351710985715,0.02917107704879415,0.05597351449843102,0.8695958979329059,1.0,,0.4404674450357294
grammar,-0.06326384842395782,4.5400697297592706e-05,0.0017263117209751595,0.0020864409301163053,2.061223315107642e-09,2.980152157976217e-06,4.353235754864594e-06,0.0007176404602094931,0.032596510074029514,0.00047349223225603954,0.6845832217209918,1.0,,0.3567124027857863
grammar,-0.06607190519571304,0.00036661582691343707,0.0018449579170106921,0.0018890413198336669,1.3440716454342326e-07,3.4038697155404317e-06,3.5684771080389218e-06,0.0055487400556632396,0.02962749197736836,0.037665132905192585,0.9538718093139313,1.0,,1.2239862789553573
grammar,-0.06607822328805923,0.00038038091404201996,0.0017100882247068874,0.0017996686198638258,1.4468963976744258e-07,2.924401736281154e-06,3.2388071413225673e-06,0.00575652454188727,0.02822036244201059,0.044673743589548384,0.9029255552051716,1.0,,1.281477651229836
grammar,-0.06300995498895645,0.0006379062118229586,0.0020507393089109183,0.002031333607987775,4.0692433508231736e-07,4.205531713112431e-06,4.126316226940632e-06,0.010123895691319926,0.03200601275982908,0.0986168564652212,1.01919762854204,1.0,,0.2251205032461045
grammar,-0.06542561948299408,0.00019213826202792657,0.0018949507226577679,0.0015255792899593306,3.691711173511217e-08,3.5908382413011966e-06,2.3273921699528157e-06,0.0029367434889610573,0.023886101797597658,0.01586200736245521,1.5428591226093173,1.0,,1.0204053803518256
grammar,-0.06292583048343658,0.0009427134255694368,0.0016851621255771921,0.0017090041622599842,8.88708602748862e-07,2.8397713894798405e-06,2.9206952266219506e-06,0.014981342611244185,0.026859992036170427,0.30427981483598143,0.9722929539499725,0.9998000399920016,,0.4099190252537816
grammar,-0.06852623075246811,0.0004652701685979725,0.00197940510017926,0.0021361334880912143,2.1647632978718577e-07,3.918044550615666e-06,4.5630662789447385e-06,0.006789665263782436,0.03346204192416788,0.0474409786213424,0.8586429192787792,1.0,,2.194956083279297
grammar,-0.06601829081773758,0.00043922015450377044,0.0016024413387459087,0.001997484677075056,1.9291434412231598e-07,2.5678182441217804e-06,3.989945035149642e-06,0.0066530070540051335,0.03138310228911833,0.048350125734271124,0.6435723353330544,1.0,,1.186430696787118
grammar,-0.06419086456298828,0.0001825956358978785,0.00181688695805875,0.0016938017818779144,3.334116624895062e-08,3.301078218363978e-06,2.868964476292798e-06,0.0028445735563929616,0.026645643141746576,0.011621324183153783,1.150616623399097,1.0,,0.36791915139136716
grammar,-0.06345833837985992,0.00038328612748917215,0.0019501713498158942,0.00191656563825726,1.4690825552564594e-07,3.803168293642747e-06,3.6732238457484585e-06,0.0060399647591594914,0.030124525424520113,0.039994365084960355,1.0353761309822411,1.0,,0.08510014197570709
grammar,-0.062223561108112335,0.0,0.001864167022374733,0.0017943399865410468,0.0,3.475118687309479e-06,3.219655987300124e-06,0.0,0.028125932521604696,0.0,1.07934471913056,1.0,,0.876689322346862
grammar,-0.06174127012491226,0.0005256218342421749,0.0016739721586625904,0.0019250587629475655,2.762783126321084e-07,2.802182787977493e-06,3.7058512408012107e-06,0.008513298044869494,0.030280246336637364,0.07455191659889095,0.7561509099786901,1.0,,0.9524223797382223
grammar,-0.06456173956394196,0.0005463137898096143,0.0014382732533836829,0.0021853225113883093,2.984587569361434e-07,2.068629951398884e-06,4.775634478780507e-06,0.008461881502875941,0.03446262123490766,0.06249614753019309,0.43316337558713736,1.0,,0.5264007861846877
grammar,-0.06264393031597137,0.0006099267168680374,0.0016784373833110841,0.002182791090634404,3.7201059994942304e-07,2.817152049696159e-06,4.7645769453529305e-06,0.009736405646829819,0.03448152393379602,0.07807841162314712,0.5912701341603545,1.0,,0.30203437464095906
grammar,-0.06268017739057541,0.00013308434290225854,0.002127407759615106,0.0017670315336586076,1.7711442325725932e-08,4.525863775670565e-06,3.1224004409438906e-06,0.0021232285619260083,0.027990037775796096,0.005672380164144425,1.4494821728574996,1.0,,0.2549774453118824
grammar,-0.06176260486245155,0.00010304965803848917,0.0019755986542697927,0.001871897928661189,1.0619232021849557e-08,3.902990042752616e-06,3.5040018553260495e-06,0.0016684797907728468,0.029377318654350344,0.00303060114129461,1.113866431554569,1.0,,1.045222805406271
grammar,-0.06542200595140457,0.00011824423645835469,0.0016430381030187859,0.0017589554117762754,1.3981699455619298e-08,2.6995742079715706e-06,3.0939241406170466e-06,0.0018074076870432014,0.02770380409856265,0.0045190828282010865,0.8725405295273893,1.0,,1.097543453249447
grammar,-0.06332146376371384,0.00037375880465047816,0.0019247965537975587,0.0018322529227734064,1.396956440537543e-07,3.7048417735109585e-06,3.35715077301169e-06,0.005902561034362245,0.02890978151025718,0.0416113703253291,1.1035672878604006,1.0,,0.0310220780127764
grammar,-0.06603854149580002,0.0007333232538075928,0.0017783433878063718,0.0018290511354867207,5.377629945749551e-07,3.1625052049546434e-06,3.3454280562252624e-06,0.011104473799655788,0.028578889863402072,0.16074564615857492,0.945321540862243,1.0,,1.1144932080872691
grammar,-0.06409604102373123,0.00015714942801493432,0.0016431544151987918,0.0021027980577294214,2.4695942725421022e-08,2.6999564321872836e-06,4.421759671590627e-06,0.002451780570296854,0.033016614325023806,0.005585093844898454,0.6106067793630303,1.0,,0.19352925778217026
grammar,-0.06767919659614563,0.00012905671264866098,0.001837661639515546,0.0022510081287634926,1.6655635079679052e-08,3.3770003013469643e-06,5.067037595759321e-06,0.0019068889576034187,0.03562253152770821,0.0032870557529745587,0.6664644257175486,1.0,,1.9940509976537693
grammar,-0.0645945817232132,0.00017175080827677274,0.0017230191172233301,0.0017404558534278916,2.9498340143724745e-08,2.9687948783170636e-06,3.029186577731411e-06,0.002658904256284565,0.027396115391589506,0.009738040027173354,0.980063393962489,1.0,,0.6120742998070777
grammar,-0.06201976165175438,0.0006127384048777829,0.001754845293619918,0.0016306231190245234,3.7544835281216986e-07,3.079482004539976e-06,2.658931756297265e-06,0.009879728469747355,0.02593500932985462,0.14120270365080978,1.1581651154628936,1.0,,0.5235257445255436
grammar,-0.06476327031850815,0.0006856645973781757,0.0018828515867011053,0.0019293608160042405,4.701359400977757e-07,3.54513009754287e-06,3.722433158332549e-06,0.010587244807219462,0.0302400356213609,0.12629802070331103,0.9523690410953944,1.0,,0.4984714004874528
grammar,-0.06094677001237869,0.00047151709319627645,0.001969257498900938,0.0019563697411864064,2.2232836917626604e-07,3.877975096977577e-06,3.827382564229767e-06,0.0077365394934056095,0.030483042136872213,0.05808888070247245,1.0132185721962161,1.0,,1.6521331998221576
grammar,-0.06315416097640991,0.0,0.0016962598242941192,0.0016521817471737438,0.0,2.8772973915143158e-06,2.7297045256940847e-06,0.0,0.02586587105145352,0.0,1.0540691728467213,1.0,,0.43627730503297757
grammar,-0.06499382853507996,0.0006312353322387596,0.0017924169642920804,0.0017407744824575761,3.984580446665771e-07,3.212758573882037e-06,3.030295798775442e-06,0.009712234937784205,0.02717743080452905,0.13149146853175062,1.0602128594773914,1.0,,0.5409197915190758
grammar,-0.06482382863759995,0.000758038436611271,0.001670046245961453,0.0018756457645368542,5.746222713800598e-07,2.7890544636499417e-06,3.5180470340250406e-06,0.011693823899990748,0.02972328871970897,0.16333558528995204,0.7927848708887074,1.0,,0.9171529911116665
grammar,-0.06254437565803528,0.0005876315802340132,0.0019675712545696683,0.0023702996373402797,3.4531087408832347e-07,3.871336641808859e-06,5.618320370775461e-06,0.009395434426381044,0.03717390950533966,0.0614615848331665,0.6890558719196931,1.0,,0.513891482811174
grammar,-0.06647792458534241,0.0006856577983156894,0.0019175178607989648,0.0018692546461293398,4.7012661639111857e-07,3.6768747464830383e-06,3.4941129320761237e-06,0.01031406745310561,0.029229743260767844,0.13454820308620644,1.0523056403612925,1.0,,1.3521404019505256
grammar,-0.059932004660367966,0.00020805829273990074,0.0019635385375661955,0.0017573984597010206,4.328825317784224e-08,3.855483588507593e-06,3.08844934615952e-06,0.0034715723913951806,0.027579136452760257,0.014016177157534115,1.2483557787023052,1.0,,2.156609200847272
grammar,-0.06402818858623505,0.0002902271396193964,0.0020348621564466496,0.0018380731008673448,8.42317925716566e-08,4.140663995738709e-06,3.3785127241320964e-06,0.004532802598788343,0.02900235438213079,0.02493161916188871,1.2255878055934808,1.0,,0.35444879488743536
grammar,-0.062012895941734314,0.0005897256445116929,0.00189348401497673,0.0018025859474328071,3.477763357947316e-07,3.5852817149723982e-06,3.2493160978822308e-06,0.009509725929680555,0.02802809398226237,0.10703062592814462,1.103395793751533,1.0,,1.2763020834439152
grammar,-0.06473623216152191,0.00020956422380279425,0.001757617419592105,0.002122262973485554,4.391716389806764e-08,3.0892189936536093e-06,4.504000128627746e-06,0.0032372014373637822,0.03356081349271465,0.009750702185580993,0.6858834159480398,1.0,,0.7067424484036526
grammar,-0.062290266156196594,0.00027307916367197324,0.001683633984120778,0.0018574434641819774,7.457222963178434e-08,2.834623392486404e-06,3.4500962226323447e-06,0.0043839781160544536,0.028839520749987236,0.021614536180932203,0.8216070537080995,1.0,,1.1391556942351755
grammar,-0.06257607042789459,0.00032764020038381406,0.0017904632541076704,0.001928185792327252,1.0734810090754584e-07,3.2057586643098284e-06,3.7179004497326728e-06,0.005235870487606738,0.03023088850299099,0.028873312332842172,0.8622497314419302,1.0,,0.625409210640398
grammar,-0.06550180166959763,0.00013321354239152636,0.0017530801755487552,0.0020411553916748542,1.774584787649899e-08,3.0732901019020544e-06,4.1663153329633276e-06,0.0020337385994888876,0.031884875536661125,0.0042593626401958165,0.7376518233237402,1.0,,0.727719069111327
grammar,-0.06468535214662552,0.000464181044151529,0.0017338438207356675,0.001899003653311633,2.1546404174960372e-07,3.0062143947032576e-06,3.6062148752909284e-06,0.0071759838780709835,0.030063765163334144,0.05974797653515345,0.8336204299142695,1.0,,0.8001510430701708
grammar,-0.06632526963949203,0.00037204890697208087,0.0018899625073346903,0.0016850473177478882,1.3842038917912007e-07,3.5719582791308296e-06,2.8393844630493527e-06,0.0056094593960090275,0.026152854114814522,0.04875013968008535,1.2580044462505546,1.0,,1.1243280278775145
grammar,-0.061110612004995346,0.00033653749696897366,0.0022435735926345404,0.00184528105170062,1.1325748686614194e-07,5.033622465567059e-06,3.405062159765346e-06,0.0055070222000307275,0.028910823979882615,0.03326150347691359,1.4782762338511737,1.0,,1.4718832561888309
grammar,-0.06404481828212738,0.0002467867312541844,0.0019896099587542676,0.001844747560326348,6.090369072312504e-08,3.958547787974158e-06,3.4030935613300124e-06,0.0038533442341431978,0.028912192013711945,0.01789656664606141,1.163220380701805,1.0,,0.12990405846114494
grammar,-0.06447853147983551,4.395785491206463e-05,0.001728112590533647,0.0018811009463582985,1.932293008470124e-09,2.9863731255609117e-06,3.5385407703900866e-06,0.0006817440457032067,0.029368919435410312,0.0005460705793301088,0.8439561161907132,1.0,,0.22741686711768108
grammar,-0.061731141060590744,0.00042139338245038304,0.00171859623264983,0.00206120803538586,1.7757238277297477e-07,2.9535730108781886e-06,4.248578565139237e-06,0.006826269127874606,0.032551507258911754,0.04179571592014452,0.6951908657434447,1.0,,0.7715331780821661
grammar,-0.06446436792612076,0.0006594368463328166,0.0020472169167241867,0.0015910205000066121,4.3485695430137065e-07,4.1910971041216865e-06,2.53134623144129e-06,0.010229478199314117,0.025023564287279528,0.1717888090139977,1.6556791212774449,1.0,,0.5552898033616263
grammar,-0.060298796743154526,0.00020133824382938714,0.0016469306878122614,0.0023497849394021396,4.053708842830175e-08,2.712380690457768e-06,5.521489261441117e-06,0.0033390093120265166,0.03742463434308834,0.00734169469664449,0.49124077980183056,1.0,,1.0589570971821982
grammar,-0.05899816378951073,0.0005489854307563549,0.0019621375338308923,0.002069441238264389,3.013850031827406e-07,3.849983701667977e-06,4.282587038629249e-06,0.009305127405574595,0.032593578001683096,0.07037451906154522,0.8989855120143132,1.0,,2.1716665844490524
grammar,-0.0640188604593277,0.0010228517768050382,0.0015338126806841402,0.002000198459817485,1.0462257573132239e-06,2.352581339427468e-06,4.0007938786562395e-06,0.015977350572412546,0.031350019828277786,0.2615045386103778,0.5880286290124094,0.9836032793441312,,0.10834779202468009
grammar,-0.06270688772201538,0.0006968728604746438,0.0016796005362408326,0.0016565870932375069,4.856317836661123e-07,2.8210579613404927e-06,2.7442807974810925e-06,0.011113178883377796,0.02588872379793179,0.17696140428190207,1.0279771530412893,1.0,,0.7737975205623339
grammar,-0.06610497832298279,0.00031367352306349377,0.0013986413489039545,0.0022169132867441814,9.839107907106416e-08,1.9561976228638733e-06,4.914704520942889e-06,0.0047450817021815524,0.03455668439954704,0.020019734381139923,0.39802954878121044,1.0,,0.8805157913126344
grammar,-0.06134588643908501,0.00047410265674063107,0.0016740136365344055,0.0017336635621076758,2.2477332912852468e-07,2.8023216553031443e-06,3.005589346579875e-06,0.007728352857227088,0.027406168336965547,0.07478510974371769,0.9323701052147947,1.0,,1.1030199815818784
grammar,-0.06183522939682007,0.00036041290604100633,0.0014755312091545892,0.0021176105826118895,1.2989746284092324e-07,2.1771923491892045e-06,4.484274579589866e-06,0.005828601422792504,0.03342250598563222,0.028967330286185047,0.485517180214315,1.0,,0.7194863257267515
grammar,-0.06223176792263985,0.00034557478439058105,0.0017374669764254685,0.0019743952750252173,1.194219316065966e-07,3.0187914941690594e-06,3.898236702041903e-06,0.005553028556414534,0.03102270827928841,0.03063485897201757,0.7743992283967289,1.0,,0.7150451367573818
grammar,-0.06381939351558685,0.0003154048925601382,0.001520501521363393,0.0017660772090955083,9.948024625087232e-08,2.311924876468393e-06,3.1190287084865794e-06,0.0049421480710735,0.027375050694820845,0.03189462347050415,0.7412323170280113,1.0,,0.3933706624243186
grammar,-0.06584352254867554,0.0003017475505889789,0.002136106044066547,0.001794999026313186,9.10515842864484e-08,4.562949031497632e-06,3.2220215044652857e-06,0.004582797804687754,0.02839389571932319,0.028259148537731118,1.416175846490783,1.0,,1.4628105349896992
grammar,-0.06202157586812973,0.0004989288970687572,0.001713455966732043,0.0021381103718466072,2.489300443302465e-07,2.9359313499296397e-06,4.5715159621980374e-06,0.008044440827004779,0.03318444032202839,0.05445240624524869,0.6422227055985188,1.0,,1.1269462910024184
grammar,-0.061960916966199875,0.000717331366406973,0.0016825973256732471,0.0018023422678503905,5.14564289231295e-07,2.831133760362763e-06,3.248437650480089e-06,0.011577158659518909,0.028115365169233325,0.1584036218627275,0.8715370479542212,0.9998000399920016,,1.1897431204377715
grammar,-0.06402207911014557,0.0006099923416412586,0.001593055679857217,0.0018703238732996597,3.7209065686098595e-07,2.5378263991253404e-06,3.498111391034642e-06,0.00952784336465876,0.029367853217396975,0.10636901323800672,0.7254847303117822,1.0,,0.17963983771622752
grammar,-0.06678919494152069,0.0,0.001750950138457012,0.0018863286330039165,0.0,3.0658263873626297e-06,3.558235711690424e-06,0.0,0.029677914477788753,0.0,0.8616141919125803,1.0,,1.7118871995668348
grammar,-0.06087953597307205,0.0003645602150465244,0.0019316356328477088,0.0018615691732964427,1.3290415039476815e-07,3.731216218086969e-06,3.465439786967601e-06,0.005988222630471017,0.029548834676621616,0.03835130851056126,1.0766934205923493,1.0,,1.1389387195471665
grammar,-0.06739578396081924,0.0006366347659452453,0.0016398799187308322,0.001845145419273855,4.0530382521015736e-07,2.689206147856641e-06,3.4045616182672904e-06,0.009446210556959394,0.028881281715262344,0.11904728733223273,0.7898832358996278,1.0,,1.9014991671850587
grammar,-0.06436764448881149,0.0006405488189874592,0.0017391687665101558,0.0020598624361037026,4.1030278950622884e-07,3.024707998404457e-06,4.2430332556710795e-06,0.009951409968074887,0.03190643159720782,0.0967003473182383,0.7128645514059418,1.0,,0.09312726433022994
grammar,-0.06663096696138382,0.0002773481907559992,0.0015253754725618627,0.0018179672512799265,7.692201891562612e-08,2.326770332293326e-06,3.3050049267262914e-06,0.004162451835896921,0.02842319418648052,0.023274403706205586,0.7040141796696392,1.0,,1.468822975391459
grammar,-0.06561547517776489,4.487558619385861e-05,0.001633358542295787,0.0020821038185616873,2.0138182362424336e-09,2.667860127690618e-06,4.335156311269159e-06,0.0006839177202067355,0.03246087679123301,0.0004645318626706839,0.6154011380755902,1.0,,0.707711491393108
grammar,-0.06400644034147263,0.0005471680362214662,0.0018218296398581119,0.001894817065394297,2.9939285986245565e-07,3.3190632366655372e-06,3.590331711309456e-06,0.008548640313417517,0.029837754026353278,0.08338863479365306,0.9244447320036113,1.0,,0.26515971735295185
grammar,-0.06669189035892487,0.0001610669586886742,0.0014551785517839995,0.002357460488736368,2.5942565181219082e-08,2.117544617572178e-06,5.557619955953113e-06,0.0024150906177923303,0.03732881503110971,0.004667927167893224,0.3810164484716059,1.0,,1.5007606799820719
grammar,-0.06321179866790771,0.00011430283906700081,0.001850513182462701,0.0018908373965399162,1.3065139018776685e-08,3.4243990384682338e-06,3.5752660601538483e-06,0.0018082516472519192,0.02942715129030223,0.0036543123781435376,0.9578025749280538,1.0,,0.5516382750893625
grammar,-0.06555993854999542,0.0006295802919414177,0.0019344214593113843,0.002188346893863605,3.963713440010407e-07,3.7419863822443854e-06,4.7888621278824884e-06,0.009603125107588461,0.03458970354737869,0.08276942067160867,0.7813936342951254,1.0,,1.0483216871261996
grammar,-0.06211621314287186,0.00015939517344956965,0.0016789903406011187,0.0018508173633873394,2.5406821319018392e-08,2.8190085638318603e-06,3.4255249126160625e-06,0.0025660800197679313,0.02902017945765192,0.007416913310262655,0.8229420704107484,1.0,,0.8972773559818721
grammar,-0.057852279394865036,0.00012191518825222235,0.0017551296681399297,0.001618990755523265,1.4863313126574814e-08,3.0804801519849795e-06,2.6211310664697924e-06,0.002107353237028091,0.025336375070856846,0.005670572264283262,1.175248422862673,1.0,,3.735399996714344
grammar,-0.062460243701934814,0.000367767209492486,0.001730834119128657,0.0019701354354808276,1.3525272037789005e-07,2.9957867479398738e-06,3.881433634137231e-06,0.005888020726391974,0.030920149121929023,0.0348460731592424,0.7718248024626552,1.0,,0.6378426652287225
grammar,-0.06389977782964706,0.0010132202825877967,0.0015827135563101047,0.0019040853153995338,1.0266153410472944e-06,2.504982201327779e-06,3.625540888320142e-06,0.015856397580739336,0.029855534282025874,0.2831619812521178,0.6909264792455388,0.9998000399920016,,0.06467642755879839
grammar,-0.062207698822021484,0.00045073791344980965,0.0019334571744940427,0.0018488090432619093,2.0316466662108809e-07,3.738256645602487e-06,3.4180948784470168e-06,0.007245693410704476,0.028834729101355858,0.05943798339307488,1.093666729140337,1.0,,1.032958072074387
grammar,-0.0647331103682518,7.479473185700808e-05,0.0017066207543758223,0.001954054844737218,5.594251913561739e-09,2.912554399266301e-06,3.818330336240993e-06,0.0011554323812268254,0.030640320018210453,0.0014651042264376413,0.7627821960877289,1.0,,0.49084626799327297
grammar,-0.06352819502353668,0.00011579689982554166,0.0019619746531639153,0.0022206568939980315,1.340892200920653e-08,3.849344539657666e-06,4.931317040860985e-06,0.00182276388905178,0.0347992667567453,0.0027191360640778017,0.7805915757924151,1.0,,0.12839860577586926
grammar,-0.06115960329771042,0.0005124513378751091,0.002027503113170335,0.0021519527738458016,2.6260637368998925e-07,4.110768873915401e-06,4.63090074086264e-06,0.008378918603847343,0.03358721100798273,0.056707407129842985,0.8876823546750541,1.0,,1.3527234900441172
grammar,-0.06510010361671448,2.1359332539896535e-05,0.001967143737639029,0.0014561036735823755,4.562210865498829e-10,3.869654484532449e-06,2.120237908220089e-06,0.0003280998240133756,0.02281413253837295,0.0002151744786663466,1.8251039043920176,1.0,,0.8759465506111626
grammar,-0.06387685239315033,0.0006446892642015791,0.0016632621135253096,0.0016535496181865116,4.156242473767734e-07,2.7664408582886795e-06,2.7342263398047583e-06,0.01009268991893393,0.0258366378287701,0.15200798899715512,1.011781950168113,1.0,,0.07458698407774006
grammar,-0.06392107158899307,0.0006658624838160464,0.001593564834252969,0.0022041683431988867,4.4337284735367467e-07,2.539448880967693e-06,4.858358085160124e-06,0.010416948077740063,0.034952970659679,0.09125981238557919,0.5226969351486154,1.0,,0.39021451000161067
grammar,-0.06570705771446228,0.0006483459076195718,0.0016701846004076642,0.0018610171392732689,4.2035241592704633e-07,2.789516599438909e-06,3.4633847926688613e-06,0.009867218685046511,0.029126767353989082,0.12137040528006868,0.8054307466336497,1.0,,0.9743868945376636
grammar,-0.06166818365454674,0.0001669971158323909,0.0015020236629068495,0.0019154108974473354,2.7888036696336984e-08,2.256075083932109e-06,3.6687989060600068e-06,0.0027079947216846296,0.030109645328004163,0.007601407820491988,0.6149356074560519,1.0,,1.016150146886468
grammar,-0.06587664037942886,0.0008718296280397095,0.0019900225825964066,0.001895984554142311,7.600869003278581e-07,3.960189879243671e-06,3.594757429546217e-06,0.013234275807300482,0.02985533130269247,0.21144316834301874,1.1016570538790385,1.0,,1.2504913101603312
grammar,-0.06309779733419418,0.00036302852722573453,0.001842514059637048,0.0017641195020919565,1.3178971157968587e-07,3.3948580599601956e-06,3.112117617661173e-06,0.005753426309051217,0.027803174124598106,0.04234727853207837,1.0908514641909675,1.0,,0.19981307321090966
grammar,-0.06424587965011597,0.00045534471190048897,0.0012826146207445004,0.0019937807414586437,2.0733880665573928e-07,1.6451002653475587e-06,3.975161645011379e-06,0.007087531751145804,0.031228686803123025,0.05215858502658343,0.4138448728021095,1.0,,0.20130224144623726
grammar,-0.06323481351137161,0.0011267944608442028,0.0017753265041035265,0.0022239115403003347,1.2696657569891775e-06,3.1517841961724486e-06,4.945782539081008e-06,0.017819210625829862,0.03496077339973665,0.25671685864803473,0.6372670393951635,0.9966006798640272,,0.16943550489096992
grammar,-0.06369265168905258,0.00035379984371747324,0.0018892061177295668,0.0019772195559604904,1.2517432941450847e-07,3.569099755266822e-06,3.909397172472599e-06,0.005554798463168459,0.03091352247343809,0.03201883152111115,0.9129539920881082,1.0,,0.1350614454467638
grammar,-0.06507788598537445,0.000990862979559978,0.0015699847206216205,0.0017507591924815014,9.818094442624773e-07,2.4648520229853476e-06,3.065157750058479e-06,0.015225801584622212,0.02739830487863126,0.32031285967051637,0.8041517676988474,0.9974005198960207,,0.6726292564874315
grammar,-0.06596171110868454,0.00032013702860549413,0.0015439289395900342,0.0018639976364799192,1.0248771708435497e-07,2.3837165705036076e-06,3.4744871888027247e-06,0.00485337665176707,0.029118323065519487,0.029497221176881434,0.6860628463923085,1.0,,1.0445919102578294
grammar,-0.06200273334980011,0.0002846918620849253,0.0016538673772300368,0.001566580814893567,8.104945633738213e-08,2.735277301465761e-06,2.4541754495925926e-06,0.004591601800500996,0.024551702459587984,0.03302512717696561,1.114540242801236,1.0,,1.1519914098294608
grammar,-0.06324572116136551,0.0002060968922176089,0.001909201672653068,0.0016784300494185533,4.24759289817567e-08,3.645051026861272e-06,2.8171274307911676e-06,0.0032586693365670074,0.026409807011427786,0.015077744981464213,1.29388929553591,1.0,,0.1832462548822327
grammar,-0.061836134642362595,0.0003620724442214718,0.002086771865024364,0.001832195660760031,1.310964548645108e-07,4.354616816657263e-06,3.356940939307886e-06,0.005855353771958181,0.028717697397872603,0.03905235666479717,1.2971979237606341,1.0,,1.0719892346742184
grammar,-0.06300854682922363,1.67872201195936e-05,0.0017337376833842198,0.001842533912041286,2.8181075934368823e-10,3.005846354786481e-06,3.394931217022165e-06,0.00026642766679087443,0.028817288859377687,8.30092692101362e-05,0.8853924167049939,1.0,,0.5047084064410213
grammar,-0.061051707714796066,0.0005007704340741298,0.0017564818240290564,0.0018759447686472128,2.507710276427924e-07,3.085228398144441e-06,3.5191687750148443e-06,0.008202398472021227,0.029139438635508202,0.07125859646834773,0.8766923655519838,1.0,,1.773238658910978
grammar,-0.06383217126131058,0.0005655717607434718,0.0017789183700398048,0.002064977529035562,3.198714165504708e-07,3.164550567265076e-06,4.264132195421814e-06,0.008860293321813907,0.0322342974129938,0.07501442307391426,0.742132378227555,1.0,,0.11105756945034546
grammar,-0.06509939581155777,0.0003064433466354037,0.0017565974012949972,0.0019482276877605905,9.390752469710619e-08,3.0856344302363373e-06,3.795591123356977e-06,0.004707314757919729,0.030712938306753965,0.024741212012860465,0.8129522727693796,1.0,,0.8551075168834112
grammar,-0.06275515258312225,0.0008315223409719324,0.0017744968432693567,0.0021961040284941453,6.914294035354428e-07,3.148839046772912e-06,4.822872903968213e-06,0.013250264030041847,0.034567385249245464,0.14336463292792587,0.6528969577825858,1.0,,0.35332933709646436
grammar,-0.0652492493391037,0.0005185004273257854,0.0017812793963848765,0.001754456788384474,2.68842693137022e-07,3.17295628798527e-06,3.078118622308363e-06,0.007946458121397108,0.027536596065892684,0.08733993913964555,1.0308102699452777,1.0,,0.8752615793208184
grammar,-0.06645716726779938,0.0004686363902884596,0.001883962878432632,0.0019028219460728024,2.1962006630259747e-07,3.5493161273121687e-06,3.620731358456287e-06,0.007051705776143259,0.029833696705582217,0.06065627205113427,0.980276020484832,1.0,,1.4064389582705028
grammar,-0.0656513124704361,0.00022176722087107555,0.0019069956038143363,0.0017002442149933507,4.918070025288041e-08,3.636632232967205e-06,2.8908303906183555e-06,0.0033779556344885123,0.026736133280891708,0.01701265505319409,1.2579887926905737,1.0,,1.2103057460775475
grammar,-0.06604932248592377,0.00048602663564455893,0.0017862568245201073,0.0014496698532311869,2.3622189055596885e-07,3.190713443144657e-06,2.101542683367331e-06,0.007358540819977971,0.022601517924153602,0.11240404129097546,1.5182720143623885,1.0,,1.3168147802504229
grammar,-0.0610283687710762,0.00029421582743939973,0.0016400678836866272,0.0020455294013031903,8.656295311585064e-08,2.689822663100332e-06,4.184190531595788e-06,0.004820968237624605,0.03195224144649939,0.020688100234010333,0.6428537713062684,1.0,,1.4617093715587859
grammar,-0.06314383447170258,4.051176951730405e-05,0.0014896895085035227,0.0016866346433164062,1.6412034694231654e-09,2.219174831745467e-06,2.844736420035061e-06,0.00064157917960239,0.026490598425787795,0.0005769263745717917,0.7800985764853801,1.0,,0.31147478516534005
grammar,-0.06173340976238251,9.816388391474042e-05,0.002007232635547512,0.0021096942964126007,9.636148105226632e-09,4.028982853207012e-06,4.450810024315858e-06,0.001590125740544417,0.03328018908265761,0.0021650324441128714,0.9052246290440836,1.0,,0.7861264912686092
grammar,-0.06422046571969986,0.00037008869873467035,0.0015357041107660412,0.0022295367116984366,1.369656449311216e-07,2.358387115823717e-06,4.970833948811077e-06,0.00576278441128066,0.03492684661846685,0.02755385642360494,0.47444496036480877,1.0,,0.17312861644107588
grammar,-0.06383967399597168,0.0,0.0018000709503349142,0.001944059547522261,0.0,3.2402554262396413e-06,3.7793675243124583e-06,0.0,0.030441866249547294,0.0,0.8573538840547421,1.0,,0.011164605988327058
grammar,-0.061738088726997375,0.00036423576735403136,0.0014430137413777321,0.001872552417530118,1.3266769421998008e-07,2.08228865780496e-06,3.5064525563978896e-06,0.00589969295882584,0.02957344524071284,0.0378353027985261,0.59384481161897,1.0,,0.8441001453374298
grammar,-0.06099822744727135,0.00031726772962577807,0.0016344577579414019,0.0018979482739986734,1.0065881226189583e-07,2.671452162494834e-06,3.6022076507745435e-06,0.005201261461245469,0.02988978708013875,0.02794364512558077,0.7416152597200834,1.0,,1.3172079175124012
grammar,-0.06211648881435394,0.00044924541053331494,0.0017318750181123364,0.0020097596564676314,2.018214388852467e-07,2.999391078361605e-06,4.0391338767648916e-06,0.007232305288149237,0.03164404689030698,0.04996651387224971,0.7425827342875648,1.0,,0.6940991112730265
grammar,-0.06287694722414017,0.000403821142941155,0.0017834031169208955,0.0020618480119754794,1.6307151548630076e-07,3.180526677443165e-06,4.251217224487236e-06,0.006422403770679839,0.03239053172776687,0.038358782173491444,0.7481449451990275,1.0,,0.37778696151992985
grammar,-0.06185751408338547,0.0,0.0022021285240185515,0.002229462685453026,0.0,4.849370036296123e-06,4.970503865827419e-06,0.0,0.03527184935041935,0.0,0.9756294667902585,1.0,,0.6057403355542835
grammar,-0.06393276154994965,0.0002074218921335816,0.0016570645544900047,0.0019546667358452336,4.302384133627516e-08,2.745862937747158e-06,3.82072204821986e-06,0.0032443756081383434,0.030744917419478976,0.011260657224809302,0.7186764446857636,1.0,,0.18205414904650577
grammar,-0.06506354361772537,0.000334873733154233,0.0016331644502167123,0.00216815623932713,1.1214041715665242e-07,2.6672261214516564e-06,4.700901478133162e-06,0.005146872035156148,0.03436374221826244,0.023855087726957852,0.5673860926161921,1.0,,0.9082575334148115
grammar,-0.061795465648174286,0.0005071554900577005,0.001881451688238016,0.001436194567810901,2.572066910956663e-07,3.5398604551736803e-06,2.0626548366095404e-06,0.00820700167460724,0.02273704919622991,0.12469691318710703,1.7161671416591813,1.0,,0.9538567054633583
grammar,-0.0615350604057312,0.00041485730682125517,0.0019089849757303592,0.001831485744793573,1.7210658502298506e-07,3.6442236375642403e-06,3.3543400333820687e-06,0.006741803844603304,0.028940179944671046,0.051308628019281564,1.086420458658716,1.0,,0.9555972327273737
grammar,-0.06471049785614014,0.00034029723129153154,0.0019771123780880106,0.002165853724854105,1.1580220562468212e-07,3.908973355588829e-06,4.6909223574644e-06,0.0052587639187702834,0.034111958174363397,0.024686446886167834,0.8333059167710802,1.0,,0.5623608737203779
grammar,-0.06254267692565918,0.0006371823051207804,0.0018221037880338288,0.0020764839015733802,4.060012899590314e-07,3.3200622143672283e-06,4.311785393493408e-06,0.010187960228791641,0.03258167610544252,0.09416082965810345,0.7699970920114171,1.0,,0.5725884649564423
grammar,-0.062459733337163925,0.000623280123593272,0.0014376834778688907,0.001979697098529137,3.8847811246644445e-07,2.066933782537189e-06,3.919200601924684e-06,0.009978911056644177,0.03135971330592212,0.09912177301556505,0.5273865750893528,1.0,,0.3379001978187664
grammar,-0.06370995193719864,0.00034549375677382996,0.0021238466795894437,0.001992856984233563,1.1936593596969437e-07,4.5107247184031055e-06,3.971478959608491e-06,0.005422916613002573,0.03132815727479194,0.03005578958964483,1.135779583444595,1.0,,0.04898743780103152
grammar,-0.06604812294244766,8.284816067000575e-05,0.001371246215275309,0.0020688110955251206,6.863817726403087e-09,1.8803161829068596e-06,4.279979348967849e-06,0.001254360562861069,0.03235205733914022,0.0016037034683492927,0.4393283307220425,1.0,,1.0157069360343405
grammar,-0.0633966401219368,0.0005737241050514064,0.001823920401321077,0.0020933732825638976,3.2915934871703725e-07,3.3266856303552384e-06,4.382211700152348e-06,0.009049755696010202,0.03293945897651884,0.07511260779701583,0.7591339392023406,1.0,,0.07428448941856813
grammar,-0.0648847222328186,7.030936704257681e-05,0.0018085317323703767,0.0017879815220176165,4.943407093927787e-09,3.270787026990596e-06,3.1968779230764323e-06,0.001083604346648716,0.02804150764669936,0.0015463233857771546,1.02311915115077,1.0,,0.6279489123773999
grammar,-0.06499619036912918,0.0007873000669678461,0.0014732294713554678,0.0021037998148004996,6.198413954475749e-07,2.1704050752703114e-06,4.425973660754617e-06,0.012113018663041287,0.03280236213817793,0.1400463362319001,0.49037912143839174,1.0,,0.40905552129546224
grammar,-0.06507618725299835,0.0002946833296652861,0.0015652868292312903,0.0020082799145366885,8.683826478261967e-08,2.4501228577649464e-06,4.033188215131489e-06,0.00452828203532635,0.03133090874567516,0.021530922969779775,0.6074903344636169,1.0,,0.4865792912503458
grammar,-0.06131229177117348,0.00030729466157436837,0.0018171406424228717,0.001758013429344387,9.443000903210559e-08,3.3020001143450068e-06,3.0906112177552116e-06,0.005011958494737685,0.027725067672827185,0.03055382976985778,1.068397116847111,1.0,,1.1925471689602523
grammar,-0.0663326308131218,0.0005694428117610028,0.002021627272520165,0.001998734684845072,3.242651158662769e-07,4.086976828997322e-06,3.9949403404027285e-06,0.008584655919426563,0.03139789559770651,0.08116895078177509,1.0230382635915198,1.0,,1.3380433408801704
grammar,-0.06263197213411331,0.0003325000883096088,0.0016551104200464761,0.0015414793600552997,1.1055630872589766e-07,2.7393905025464223e-06,2.3761586174764966e-06,0.0053087916120161316,0.02432183799197567,0.046527326884982755,1.1528651675011836,1.0,,0.4842331412216958
grammar,-0.06296636164188385,0.0,0.002201545315433861,0.0020463085598259804,0.0,4.846801775908778e-06,4.187378722017078e-06,0.0,0.03230769798051956,0.0,1.157478723007422,1.0,,0.18166826542441594
grammar,-0.06381388753652573,0.0002557613104976089,0.0020886682686898504,0.0016951031188281954,6.541384794745433e-08,4.362535136631857e-06,2.8733745834610753e-06,0.004007925553057969,0.02664864594068823,0.022765513526837554,1.5182618937824104,1.0,,0.12066217470253919
grammar,-0.06348491460084915,0.0007909371739072252,0.001966861831144644,0.0015987425161690864,6.255816130683482e-07,3.868545462813662e-06,2.5559776330066613e-06,0.012458663272686295,0.02489324715021475,0.24475238162880977,1.513528683841804,1.0,,0.4622568057036243
grammar,-0.06017456576228142,0.0004668887831470631,0.0015929617796781755,0.0019302578553963528,2.179851358285453e-07,2.5375272315154603e-06,3.725895388319327e-06,0.007758905730894663,0.03025154410210706,0.058505436441379476,0.681051657937204,1.0,,1.8817974295568842
grammar,-0.06500594317913055,0.0003367039162732733,0.0015553648302670917,0.0018048257295558289,1.1336952723375941e-07,2.4191597552317786e-06,3.2573959140667302e-06,0.005179586662491013,0.028356700767097263,0.03480372979660984,0.7426667863077022,1.0,,0.752817018077784
grammar,-0.06354238092899323,0.00042324020371762076,0.0019787228004739753,0.001800413763326044,1.791322700429331e-07,3.915343921115571e-06,3.241489719173848e-06,0.006660754563014871,0.028279397110412635,0.055262328608769486,1.2078841089502104,1.0,,0.0682228401605859
grammar,-0.06460412591695786,0.0003233895080620192,0.0016366263685593304,0.0018700122224573142,1.0458077392459477e-07,2.678545870263701e-06,3.4969457121397436e-06,0.005005709828466746,0.029445805553823864,0.02990631898045764,0.7659672442054376,1.0,,0.5867408417961594
grammar,-0.06293649226427078,0.0,0.0019489944097080705,0.001979925049409965,0.0,3.79857920907331e-06,3.9201032012810515e-06,0.0,0.031147112346344135,0.0,0.9689997977175631,1.0,,0.31839450521202084
grammar,-0.06162779778242111,0.00042666864317119626,0.0019054317119147983,0.002069970894835068,1.8204613106554962e-07,3.6306700087705593e-06,4.2847795054642915e-06,0.00692331477878803,0.032539846271652455,0.042486697584645815,0.8473411535273729,1.0,,0.9592510840684003
grammar,-0.060835786163806915,0.00039227102616563056,0.001825841860009433,0.0013670169454286579,1.538765579690368e-07,3.3336984977627056e-06,1.868735329089098e-06,0.006448030853244808,0.021630986171818824,0.08234261726300367,1.783932933610076,1.0,,1.7273935183786016
grammar,-0.06460734456777573,0.0005529811165585309,0.0019311343115950865,0.0024031057590017443,3.057881152703195e-07,3.7292797294198286e-06,5.774917288947349e-06,0.008559106093246584,0.0377999421030617,0.05295108136969672,0.6457719726232826,1.0,,0.4298690395625465
grammar,-0.06280281394720078,0.00044044905595154004,0.0018686125661998695,0.0019431789268393145,1.9399537088860284e-07,3.491712922560062e-06,3.77594434171239e-06,0.0070132057509689275,0.030616583394641406,0.05137665000661159,0.9247257391978853,1.0,,0.3424128068048868
grammar,-0.062190018594264984,0.0006630593542027447,0.0014748735699861599,0.002008884195032736,4.3964770719576095e-07,2.1752520474437203e-06,4.035615709052323e-06,0.010661829167934844,0.031450945063115826,0.10894191590383186,0.5390136733198838,1.0,,0.838053844092579
grammar,-0.06548415124416351,0.0,0.0016290691396989765,0.0014000245477194307,0.0,2.653866261919563e-06,1.9600687342169963e-06,0.0,0.02183612758834473,0.0,1.3539659174144847,1.0,,0.9779078782064989
grammar,-0.06581057608127594,0.00013111602366173237,0.0018693482026658577,0.0016020672600121715,1.7191411660863963e-08,3.4944627028100724e-06,2.5666195056029067e-06,0.0019923245087507565,0.025034812647983285,0.006698075668534144,1.361503991994798,1.0,,1.1341578244851167
grammar,-0.06373277306556702,0.0006136186152321019,0.0014438774345266238,0.0018568254952752558,3.765278049593624e-07,2.0847820459351844e-06,3.447800919904199e-06,0.009627991780631031,0.029369146747607124,0.1092081050230199,0.6046700764825808,1.0,,0.27417463202272463
grammar,-0.06476975232362747,0.0005938868491344123,0.0016758809965641,0.0016765992397134695,3.5270158957480013e-07,2.808577114644681e-06,2.810985010607784e-06,0.009169200557800608,0.02623358875849007,0.12547259705897182,0.9991433977932943,1.0,,0.5125547723266476
grammar,-0.06174216791987419,0.0005623181833805348,0.0016709875505579385,0.001969320532516758,3.1620173936038477e-07,2.792199394119619e-06,3.878223359792086e-06,0.009107522497594877,0.030758375905230877,0.08153262719178107,0.7199686905782834,1.0,,1.15945396590696
grammar,-0.06579185277223587,0.00041901774564294674,0.001948286517852611,0.0017127090292207933,1.755758711636972e-07,3.7958203556462522e-06,2.933372218774432e-06,0.006368839422922773,0.026858611586750524,0.05985461716721825,1.2940125127496274,1.0,,1.181904867853303
grammar,-0.06329409033060074,0.0006321543504443331,0.001489125257869027,0.0018186018633809021,3.996191227856967e-07,2.217494033623496e-06,3.3073127374924895e-06,0.00998757304421999,0.028698445469970673,0.12082894921170248,0.6704821133137645,1.0,,0.041383792918835774
grammar,-0.06211446225643158,0.0003643850283970873,0.0016567322295696991,0.0015647517992157794,1.3277644891994613e-07,2.744761680494986e-06,2.4484481931490184e-06,0.005866347629200596,0.02456256767344538,0.054228816967198556,1.1210209340655357,1.0,,1.0163081992905436
grammar,-0.06266985833644867,0.0005681669737059687,0.001816348466919513,0.0020535754818894027,3.228137100101989e-07,3.299121753280865e-06,4.217172259817293e-06,0.009066032520062741,0.032614953189463,0.0765474327634377,0.782306614485745,1.0,,0.14334693116087965
grammar,-0.06606171280145645,0.0005692864912563604,0.0016170185102474372,0.0020519112509018844,3.2408710912697805e-07,2.614748862482841e-06,4.210339781577736e-06,0.00861749517405503,0.03211192675778191,0.07697409851457006,0.6210303676495722,1.0,,1.0541320940283594
grammar,-0.06335201114416122,0.00046225455241079126,0.0012881682345608559,0.0015952518473161942,2.1367927122450094e-07,1.6593774005316323e-06,2.5448284563657303e-06,0.007296604228694554,0.024842364308346226,0.08396608057804271,0.6520586471676717,1.0,,0.5409588718749643
grammar,-0.06833130866289139,0.0003967966566511452,0.0018406440384015049,0.0020052037529343916,1.574475867295268e-07,3.387970476103e-06,4.0208420907821685e-06,0.005806952397307636,0.031606469305022845,0.03915786374463135,0.8426022210297602,1.0,,2.4378979004759374
grammar,-0.06364460289478302,8.009256703687845e-05,0.002084883535660311,0.0016633809658284286,6.414819294556869e-09,4.3467393572674386e-06,2.7668362374803164e-06,0.0012584345473768944,0.026071950389867548,0.002318467283195146,1.5710143225628337,1.0,,0.0932040942032559
grammar,-0.06109948083758354,0.0004905183459066772,0.0019966504886561164,0.0014286964262025725,2.4060824767102265e-07,3.986613173850708e-06,2.0411734782440024e-06,0.008028191715909792,0.022697558058822898,0.11787741230011234,1.9530986544467275,1.0,,1.2917082693385458
grammar,-0.0646362155675888,0.0006418969409497171,0.001597530248793406,0.0019762088813559046,4.120316828006046e-07,2.552102895809922e-06,3.905401542749955e-06,0.00993091775737548,0.031262311009854146,0.10550302658775415,0.6534802805482789,1.0,,0.7197794691647524
grammar,-0.06158526986837387,0.0003376355411421955,0.0018638784820860987,0.0020646634094764705,1.1399775864238318e-07,3.4740429959835792e-06,4.262834994431003e-06,0.005482407430605136,0.03229320176945358,0.02674224050222695,0.8149607011582886,1.0,,1.1380326633745805
grammar,-0.061935219913721085,0.000484275004340388,0.0018840720069833732,0.0015537997965976128,2.3452227982888285e-07,3.549727327498356e-06,2.414293807906783e-06,0.00781905683091152,0.024526742522521464,0.09713908019845191,1.470296330907631,1.0,,0.911333663191757
grammar,-0.0631551444530487,0.0003387382397060684,0.0020575978047457865,0.001976891347534387,1.1474359503916585e-07,4.23370872609468e-06,3.908099399956323e-06,0.005363589025718971,0.03120818953148233,0.02936045972639494,1.0833165415756816,1.0,,0.0961765189066716
grammar,-0.06510280817747116,0.00016338950933770412,0.0015202431327219837,0.001843348154061515,2.66961317616157e-08,2.311139182588351e-06,3.3979324170819948e-06,0.0025097152321341045,0.028883993442020188,0.007856581145466468,0.6801604325530002,1.0,,0.6964437035621102
grammar,-0.06504202634096146,0.00140204806597229,0.001665921834241105,0.002186410953540605,1.965738779296639e-06,2.7752955578012476e-06,4.780392857762338e-06,0.021556032996612278,0.03436026806321056,0.41120862610793557,0.5805580504319346,0.8522295540891822,,0.6449261509717601
grammar,-0.06321150809526443,0.00046377988186867833,0.0016299096734826923,0.002159888884988119,2.1509177882612523e-07,2.6566055437124568e-06,4.66511999549522e-06,0.007336953283407313,0.033982312276238574,0.04610637647773783,0.5694613528221686,1.0,,0.16098087758768115
grammar,-0.06351464986801147,0.00010487751169698732,0.002230480126528212,0.001838526058058796,1.0999292459751713e-08,4.975041594837308e-06,3.380178066161216e-06,0.0016512334070160378,0.028977898339589542,0.0032540571071876506,1.471828257996875,1.0,,0.03744623525174356
grammar,-0.06338604539632797,0.0002504312603757576,0.0017979983771390306,0.0021984819987893576,6.27158161733905e-08,3.2327981641945875e-06,4.833323099000849e-06,0.0039508894869511035,0.03440546927450291,0.012975713580239485,0.6688562088602924,1.0,,0.2334136306466078
grammar,-0.06196120008826256,0.0002474407082237795,0.0022532458879208723,0.001897838052846589,6.122690408628558e-08,5.077117031432321e-06,3.6017892748325324e-06,0.003993478303701428,0.029684266281592247,0.01699902448877506,1.4096096811961285,1.0,,1.0395726168858759
grammar,-0.06442773342132568,0.0004029363225006113,0.0018010895207741314,0.0017549590673906288,1.6235767999031665e-07,3.2439234618423898e-06,3.0798813282165854e-06,0.006254081916332613,0.027614079869763435,0.0527155635845003,1.0532624851882828,1.0,,0.4984053183142052
grammar,-0.06350124627351761,9.784751528733621e-05,0.0017680008373921366,0.0017674356174551488,9.574136247905492e-09,3.1258269610192963e-06,3.123828661849063e-06,0.0015408755107872943,0.027516064183902008,0.003064872399960102,1.0006396955103967,1.0,,0.41394325386475966
grammar,-0.06527125090360641,0.0004562262074276831,0.0017799051456667343,0.0022626926245057958,2.0814235234384733e-07,3.168062327570919e-06,5.119777912992927e-06,0.006989696093023328,0.03529108676382338,0.04065456663962425,0.6187890141740403,1.0,,0.5109490532095824
grammar,-0.06419681012630463,0.0002821904248765628,0.0018586667320125852,0.0015348638069023009,7.963143589201504e-08,3.4546420206903436e-06,2.3558069057386232e-06,0.0043957078914258286,0.024082935177841415,0.033802191384207675,1.4664368341373883,1.0,,0.30255930791355024
grammar,-0.06417056918144226,5.518278840643344e-05,0.001728790187040347,0.0019508171030083227,3.0451401363092048e-09,2.988715510806998e-06,3.8056873693897847e-06,0.0008599392074956375,0.03060146964609558,0.0008001550943995359,0.7853286990534426,1.0,,0.2160315249419179
grammar,-0.06238597258925438,0.0003639144696262213,0.001579127247017911,0.0018444336782601437,1.3243374120333393e-07,2.4936428622743667e-06,3.401935593500243e-06,0.00583327396404017,0.02913692425774983,0.03892893841269734,0.733007076041867,1.0,,0.4967949682491111
grammar,-0.06479762494564056,0.0006678553311536981,0.0019191993912392332,0.0018160973603788006,4.4603074335041576e-07,3.683326303333043e-06,3.298209622374847e-06,0.01030678719650557,0.028333518685389365,0.13523420110249246,1.1167653742641428,1.0,,0.3857118997167135
grammar,-0.06282007694244385,0.0002644788381573166,0.0018122847138693908,0.001652620866758118,6.994905583304408e-08,3.28437588412466e-06,2.7311557292443534e-06,0.004210100512924138,0.026220745689880497,0.025611522288550473,1.2025589932337435,1.0,,0.1253458360769912
grammar,-0.06598755717277527,0.0005501790183878977,0.0017817080061532313,0.0017576407883444195,3.0269695227427063e-07,3.174483419190523e-06,3.0893011408519924e-06,0.008337617604897292,0.027412077521330163,0.09798233920011774,1.0275733165705685,1.0,,1.0629850953416673
grammar,-0.0646987035870552,0.00047344355287837284,0.0019391426746047473,0.0016571218569470462,2.2414879776209665e-07,3.7602743124732528e-06,2.746052848771627e-06,0.0073176667634666254,0.026115414079982063,0.0816258135244424,1.3693379259453475,1.0,,0.7512538018670064
grammar,-0.06448692083358765,0.0002823124110360985,0.0018396591832082181,0.0024245147700007763,7.970029742501504e-08,3.3843459103623283e-06,5.878271869951916e-06,0.0043778243306828455,0.03836807490302288,0.013558457177256584,0.5757382416526461,1.0,,0.5345314960762503
grammar,-0.065465547144413,0.0009780281189984892,0.001935221161409382,0.00176908687267464,9.56539001551723e-07,3.7450809435666773e-06,3.1296683630697383e-06,0.014939585196485396,0.027605734854125957,0.3056358983076088,1.1966382725271603,1.0,,0.7809183257891652
grammar,-0.06391379982233047,0.0,0.0017216715776937096,0.0016861555136387658,0.0,2.9641530214383473e-06,2.8431204161744103e-06,0.0,0.02655879520126282,0.0,1.04257034087455,1.0,,0.2527341549711002
grammar,-0.06417233496904373,0.0,0.0019076044334083498,0.0018774837811195617,0.0,3.6389546743591914e-06,3.5249453483670063e-06,0.0,0.029639447441515025,0.0,1.03234357265851,1.0,,0.4411470827186682
grammar,-0.061497922986745834,0.0007490944246440719,0.001687878606368872,0.002070344160921652,5.611424570328331e-07,2.848934189837726e-06,4.2863249446623796e-06,0.012180808525932143,0.032410771902317566,0.13091458633615854,0.6646566059779043,1.0,,1.1497367615721528
grammar,-0.061960265040397644,0.0007987268639602111,0.0015105557675992758,0.0017102280934097047,6.379646032117137e-07,2.2817787270274374e-06,2.9248801314877933e-06,0.012890952991234737,0.02697222306084862,0.21811649521760107,0.7801272614432816,1.0,,0.8459384952341564
grammar,-0.06380028277635574,0.00026237688042869933,0.0015586945809836351,0.0017597092789911834,6.884162738349598e-08,2.4295287967877496e-06,3.0965767465676707e-06,0.004112472061423773,0.027685229103145175,0.022231526300713164,0.7845853649455661,1.0,,0.135805507017419
grammar,-0.06404411047697067,0.0002588710853470796,0.0015408204304969524,0.0013934522523717213,6.701423882877498e-08,2.3741275990368134e-06,1.941709179639823e-06,0.004042074804679594,0.021731923800857398,0.034513015404915456,1.2226998893197805,1.0,,0.054504388434100375
grammar,-0.062435686588287354,0.0003398305514529867,0.002035629964767029,0.002092893809099426,1.1548480370084102e-07,4.143789353457416e-06,4.380204496166706e-06,0.0054428896360809356,0.03272948337845523,0.02636516258588074,0.9460264599709475,1.0,,0.7212631192518495
grammar,-0.06432992219924927,0.00040476168660370787,0.001788378109807339,0.0015596540874856994,1.638320229422782e-07,3.198296263638071e-06,2.43252087261085e-06,0.00629196605197249,0.024698190451498146,0.06735071620020082,1.3148073258690298,1.0,,0.7574793020110382
grammar,-0.06251389533281326,0.0006211695673571356,0.0016832033035548179,0.0016443542925879957,3.8585163141065107e-07,2.8331733610978527e-06,2.703901039552568e-06,0.009936503941245947,0.026040142782102555,0.14270183182240295,1.0478095609470517,1.0,,0.38495638265379295
grammar,-0.06055431067943573,2.3585357881927932e-05,0.0018137811400456903,0.001822110450364333,5.5626910641862e-10,3.289802023985444e-06,3.3200864933269117e-06,0.00038949098119182336,0.028552225117787173,0.0001675465707103333,0.9908784095226625,1.0,,1.7904774423931977
grammar,-0.062376756221055984,0.00038200729835583235,0.0019204432646206795,0.001670860777788759,1.4592957599712192e-07,3.6881023326269334e-06,2.7917757387528573e-06,0.00612419307284981,0.026204647645615954,0.052271238685637274,1.3210596687377487,1.0,,0.8290607560355698
grammar,-0.060748208314180374,0.0007594349021599732,0.0021397093312988482,0.001570927936227175,5.76741370618728e-07,4.578356022447365e-06,2.467814580818971e-06,0.01250135474337437,0.024677146485507822,0.2337053095890738,1.8552269113054627,1.0,,1.8530533479790687
grammar,-0.06282027810811996,0.00039229301312381296,0.00156903565022819,0.0019885822171509175,1.5389380814576008e-07,2.461872871686999e-06,3.9544592343688584e-06,0.006244687622182085,0.03135163619398806,0.03891652411238522,0.6225561387232051,1.0,,0.3057762237074777
grammar,-0.0630028024315834,0.0005524984931675274,0.0019411735389347822,0.002194692004709873,3.0525458495238835e-07,3.7681547082605865e-06,4.816672995537441e-06,0.008769427261073057,0.03463021587035233,0.0633745710442044,0.7823148284618268,1.0,,0.16961717424794173
grammar,-0.0625981017947197,0.00024951733072803615,0.0019945876466956136,0.0019061400550151552,6.225889833364416e-08,3.978379880350746e-06,3.6333699093331785e-06,0.003986020719067292,0.030078622560461347,0.017135304108100116,1.0949559168559542,1.0,,0.40596070088677794
grammar,-0.06270725280046463,7.091969264900407e-05,0.0026723471859490294,0.0018465171171893255,5.029602805429203e-09,7.141439482249697e-06,3.4096254640731773e-06,0.0011309647525888518,0.028985947563067316,0.0014751188535003438,2.094493825641029,1.0,,0.539729641541294
grammar,-0.06596619635820389,0.0003657849928010639,0.0019717764082130204,0.0021453613883670375,1.3379866095847435e-07,3.887902203985439e-06,4.6025754866961425e-06,0.005545036897607528,0.033563949682091095,0.029070389251674995,0.8447231805808544,1.0,,0.9544196562907102
grammar,-0.0651983842253685,0.000431349261902746,0.0016995409519619932,0.0019276011984329495,1.8606218574404374e-07,2.8884394473958784e-06,3.715646380200143e-06,0.006615950180785451,0.030169809845288685,0.050075321143456475,0.7773719971813606,1.0,,0.6778679518487027
grammar,-0.06423045694828033,6.327393058573762e-05,0.001856703837212452,0.002377307205567334,4.003590291768742e-09,3.4473491391194436e-06,5.651589549642366e-06,0.0009851079003950895,0.037463470642177005,0.0007084007528505127,0.6099786810133075,1.0,,0.3254875758741833
grammar,-0.06266015022993088,6.392461627279913e-05,0.0016226490259086807,0.001993611481310558,4.086356565624616e-09,2.63298986128239e-06,3.974486738413277e-06,0.0010201797480253129,0.03147876905032904,0.0010281469871644357,0.6624729265881388,1.0,,0.3369707573432736
grammar,-0.06248364597558975,0.000498717440681153,0.0017426826520478044,0.0017083176214711213,2.4871908563955936e-07,3.036942825748369e-06,2.9183490958287493e-06,0.007981567542905308,0.026849067754417026,0.08522595394603688,1.0406372664905401,1.0,,0.6691118683615777
grammar,-0.0642320066690445,0.0002088972753097895,0.001563073894102816,0.0018856702734875743,4.3638071631853984e-08,2.443199998425741e-06,3.555752380314703e-06,0.003252230253152965,0.02979840487639595,0.012272528276558949,0.6871119631253695,1.0,,0.504379502959662
grammar,-0.06417915970087051,3.876962855396334e-05,0.0017487300709415766,0.0016249588678166193,1.5030840982122894e-09,3.0580568610153314e-06,2.6404913220958693e-06,0.0006040843902391803,0.025386599067376378,0.0005692440969732967,1.1581393339282111,1.0,,0.10500604007567634
grammar,-0.06180855259299278,0.00027465542026175075,0.0020349126608135595,0.0020070691792160988,7.543559987915894e-08,4.14086953713932e-06,4.028326690159184e-06,0.004443647500862014,0.031548972403778755,0.018726286540622656,1.0279378649341098,1.0,,0.9013263538012545
grammar,-0.06750483810901642,0.00017103131234816573,0.0017955284746241176,0.0017471548218301297,2.9251709803535826e-08,3.2239225031860103e-06,3.0525499714442723e-06,0.002533615621327171,0.027574039318971597,0.009582712839159773,1.0561407784786092,1.0,,2.371013864903845
grammar,-0.06314238905906677,4.377618853153231e-05,0.0018489139871987156,0.0020197951876463408,1.9163546823482608e-09,3.4184829320590525e-06,4.079572600039316e-06,0.0006932931931128187,0.03164282660890026,0.00046974398306572415,0.8379512432322218,1.0,,0.3409611516147507
grammar,-0.06619181483983994,0.0005011462302523174,0.0017927033466150944,0.0021222878465600565,2.5114754409610865e-07,3.213785288964959e-06,4.504105703656522e-06,0.007571120862374126,0.03349398238279374,0.05575969140604806,0.7135235050891333,1.0,,1.332786625804717
grammar,-0.06312216073274612,0.00044220206527726915,0.001597690701230007,0.0017592696488298,1.9554266653548218e-07,2.552615576796831e-06,3.0950296972937274e-06,0.007005496328769783,0.02765149496880323,0.06317957682488906,0.8247467153639335,1.0,,0.2846568030772705
grammar,-0.06725700199604034,0.00029090940420652557,0.0019268010518392932,0.0018988917123756363,8.462828145579569e-08,3.7125622933690062e-06,3.605789735328876e-06,0.004325340047474201,0.029762073690584107,0.02347010992533011,1.0296114210415521,1.0,,1.8192730951189093
grammar,-0.0628400444984436,0.0003874564452802724,0.0014686204888314266,0.0017202970235757314,1.5012249698922474e-07,2.156846140215459e-06,2.959421849323521e-06,0.00616575701644942,0.027186730082352912,0.05072696784459454,0.7288065879180021,1.0,,0.254049299908268
grammar,-0.06325818598270416,7.32613922602988e-05,0.0018211654539232543,0.001904941015025812,5.3672315959173686e-09,3.316643610563493e-06,3.628800270727571e-06,0.0011581329929430744,0.03008732279875493,0.001479065034031549,0.913977999097346,1.0,,0.029164548350240422
grammar,-0.06029222905635834,0.00020226443735372316,0.0018266925540090186,0.0022212548874917825,4.0910902618018204e-08,3.3368056868719913e-06,4.933973275206132e-06,0.003354734772944883,0.03506430726950277,0.008291674951625883,0.6762918039381934,1.0,,1.3757105383846697
grammar,-0.06293641775846481,0.000506073880942898,0.0017974400789378636,0.0013622011510589101,2.561107729726064e-07,3.230790837372153e-06,1.8555919759462195e-06,0.008041034093886477,0.021403595830415217,0.13802106082184806,1.7411105885628118,1.0,,0.5191213077601515
grammar,-0.06429649889469147,2.4880226634930287e-05,0.00209267409310312,0.002011526930736213,6.190256774054945e-10,4.379284859944965e-06,4.046240593077049e-06,0.00038696083087946305,0.03166003679271252,0.00015298785704058774,1.0823095560451204,1.0,,0.3784656295190754
grammar,-0.05977330356836319,0.0002777551649799469,0.0019671338856588672,0.001820212229677925,7.714793167303752e-08,3.869615724107354e-06,3.313172561069083e-06,0.004646809669174068,0.028403890888276426,0.023285213870099086,1.1679487418122043,1.0,,2.36779903022676
grammar,-0.06461426615715027,0.0007097467005678541,0.0016531621750834598,0.0015096853114906419,5.037403789669551e-07,2.7329451771266755e-06,2.279149739730596e-06,0.010984365261406176,0.023659446281922056,0.2210211861843264,1.1991073379187975,1.0,,0.5334083037633246
grammar,-0.0655616968870163,0.00017463296586114451,0.0017647571233570473,0.0017026163776025208,3.0496672765459664e-08,3.1143677044394406e-06,2.8989025292803294e-06,0.0026636431659493617,0.026919317629212396,0.01052007525517964,1.0743264642335533,1.0,,1.358396722655235
grammar,-0.06567908078432083,0.0003031211570768507,0.0016860945305626268,0.0022583954539939517,9.18824358676088e-08,2.8429147659932046e-06,5.100350026620547e-06,0.004615185740376759,0.03540670856346551,0.018014927483024024,0.5573960122648481,1.0,,0.8389525612682498
grammar,-0.061311352998018265,0.0004878933191573062,0.0019080808845029424,0.0017508784297099143,2.3803989087833307e-07,3.6407726618055306e-06,3.0655752756234553e-06,0.007957634194976517,0.027452853297674957,0.0776493380446912,1.1876311408027962,1.0,,1.408604689257863
grammar,-0.06563757359981537,0.0006633219202259632,0.0018589199824034775,0.0015856204715890773,4.399959698522591e-07,3.455583500978945e-06,2.5141922799223677e-06,0.01010582634072002,0.025045684970752036,0.17500490052648046,1.3744308772937786,1.0,,1.468476097601295
grammar,-0.06569311022758484,0.0004258201498817313,0.001843815779863183,0.0019379731538893504,1.813228000453001e-07,3.3996566300724783e-06,3.755739945195836e-06,0.006481960564913662,0.030259610479679927,0.048278848560119186,0.9051895710780395,1.0,,0.8504912315261258
grammar,-0.06252699345350266,0.00046049521903455834,0.0014046962194396858,0.0014617818035184155,2.1205584675368584e-07,1.9731714689081462e-06,2.1368060410975517e-06,0.007364742707115757,0.0229607234924546,0.0992396327393221,0.9234209520928928,1.0,,0.7781293149783597
grammar,-0.060568198561668396,0.0005901581238825558,0.0019951704194315235,0.0015521834011695426,3.4828661118457805e-07,3.980705002574561e-06,2.409273310866249e-06,0.009743696162296749,0.02414015185725704,0.1445608555964754,1.6522430164402175,1.0,,2.403470166351947
grammar,-0.06593736261129379,0.0007585630507991498,0.001917514254815537,0.00205380143066375,5.754179020377135e-07,3.6768609174207843e-06,4.218100316596466e-06,0.01150429772678264,0.03266766173900582,0.13641636254445724,0.8716864563305593,1.0,,1.4937205188621816
grammar,-0.06489521265029907,8.32937560826133e-05,0.0018962364951262047,0.0018436230105045948,6.937849802349879e-09,3.595712845448513e-06,3.398945804862025e-06,0.0012835115670466863,0.028891866350828712,0.0020411769415168745,1.057890608407178,1.0,,0.5880105685143746
grammar,-0.0625031366944313,0.00044967556374502947,0.0014345796446395354,0.0019844396205877936,2.0220811262941008e-07,2.058018756814096e-06,3.938000607758626e-06,0.007194447951363266,0.031524201085269266,0.05134791300717954,0.5226049870991384,1.0,,0.2250423512356325
grammar,-0.0690452978014946,0.00012115803373800543,0.001654150938284419,0.0016768430328547713,1.467926913925966e-08,2.7362153266272237e-06,2.8118025568335874e-06,0.0017547615492417032,0.0264218662469343,0.005220590294857048,0.9731178741470796,1.0,,3.328326776041699
grammar,-0.061445556581020355,0.00021623903388246263,0.001682042939462489,0.001983223774111724,4.6759319774420824e-08,2.8292684501956103e-06,3.933176538201951e-06,0.0035191972522429027,0.0312442014218205,0.011888436565269661,0.7193342131266267,1.0,,1.0232744674069898
grammar,-0.06425183266401291,0.0004251837784695413,0.0014817040355324456,0.001626448076292641,1.8078124547363597e-07,2.195446848913135e-06,2.6453333448760325e-06,0.006617457601449621,0.025563297371798414,0.06833968423064953,0.8299320209173938,1.0,,0.38580185638873055
grammar,-0.06106680631637573,0.00045702927697341574,0.001879764639679857,0.0022227310240458095,2.0887576001084313e-07,3.5335151005907422e-06,4.940533205255733e-06,0.007484086765658454,0.03500739561266384,0.04227797918423893,0.7152092605777436,1.0,,1.0916201871292919
grammar,-0.06318292021751404,0.0004047777306723388,0.0016864347470939424,0.0016754986483956793,1.6384501124824848e-07,2.844062156205809e-06,2.8072957207757483e-06,0.006406442267607253,0.026240107843024527,0.05836400135393385,1.013096744727663,1.0,,0.3996793368826621
grammar,-0.06574523448944092,0.0007326523259783431,0.0016095554641196925,0.0018855636302881433,5.367794307614764e-07,2.5906687920775585e-06,3.5553502038654023e-06,0.011143808850450012,0.02979647836623122,0.15097793465686896,0.7286676820924601,1.0,,1.3066696888011315
grammar,-0.061958953738212585,0.0003440551164887826,0.0018001791006041427,0.0020190304719475355,1.1837392318210978e-07,3.24064479425194e-06,4.076484046652689e-06,0.005552952329415949,0.031767375359082674,0.029038240264747217,0.7949607448882134,1.0,,0.7913577570826547
grammar,-0.06301762908697128,0.000301013509935518,0.0018429542203591794,0.0017573230292043164,9.06091331637002e-08,3.3964802583397112e-06,3.0881842289718347e-06,0.004776655585059954,0.027685969337041247,0.02934058542027694,1.099830841202929,1.0,,0.2593639228973704
pure_arrangement,-0.06261478364467621,0.0009341130094550896,0.0015229311893510112,0.0021419172991237303,8.725671144332442e-07,2.3193194074980856e-06,4.587809716285495e-06,0.014918409919867415,0.034004076764450934,0.19019252505958667,0.5055395822684458,0.9994001199760048,,0.17518471386252651
pure_arrangement,-0.06276755034923553,0.00028807727408686933,0.0016387745619149754,0.0021980320739231375,8.298851584532124e-08,2.6855820647796196e-06,4.831344997994848e-06,0.004589589246099643,0.03476071778991168,0.01717710407345448,0.5558663407175882,1.0,,0.21185698972100186
pure_arrangement,-0.06338650733232498,0.00027935751928341693,0.0017627906226071529,0.0018096922509609258,7.804062358018467e-08,3.107430779151714e-06,3.274986043188022e-06,0.004407207953875603,0.02837597770776778,0.0238292995912179,0.9488378692834971,1.0,,0.2149512719354153
pure_arrangement,-0.06471036374568939,0.0002598756873930423,0.0020484499660211155,0.0015922769745334085,6.753537289800625e-08,4.196147263291908e-06,2.535345963629265e-06,0.004015982484882163,0.024943075277885415,0.02663753738812496,1.6550590426267744,1.0,,0.5488554617472522
pure_arrangement,-0.06339848041534424,0.0006324667727200658,0.0016953870867087372,0.002115928024002338,4.0001421859493534e-07,2.8743373737787393e-06,4.477151402758437e-06,0.00997605571263804,0.03325892416190653,0.08934569832694977,0.6420013788248972,1.0,,0.10462422599080609
pure_arrangement,-0.06662166118621826,0.00045488735916932564,0.0017459819638846476,0.0020393230874197407,2.0692250953204307e-07,3.048453018210491e-06,4.158838654883184e-06,0.006827919794702241,0.03201439965635763,0.04975487791263093,0.7330058391736569,1.0,,1.4325729553331927
pure_arrangement,-0.06245449557900429,0.0005175949845614914,0.001988616606238738,0.002066413320758567,2.679045680432105e-07,3.954596006608475e-06,4.2700640122084475e-06,0.008287553678289485,0.03256325179825391,0.06274017609039358,0.9261210125426633,1.0,,0.4858414984421582
pure_arrangement,-0.059549685567617416,0.000632370876823518,0.0018359109184700132,0.0019351484997240044,3.9989292585454506e-07,3.3705689005574076e-06,3.7447997159840647e-06,0.010619214371929373,0.030356295799537317,0.10678619851087565,0.9000665339111958,1.0,,2.169425974326927
pure_arrangement,-0.06214439868927002,0.00036112929552727736,0.0016629797950099142,0.0017619313785828777,1.3041436808802764e-07,2.765501798611216e-06,3.1044021828349597e-06,0.005811131866171403,0.027651096261342552,0.04200949503550871,0.8908323199559608,1.0,,0.8943190435225551
pure_arrangement,-0.06937368959188461,0.0006836231407259087,0.0019203213940069336,0.0017996452663090275,4.673405985359557e-07,3.687634256280733e-06,3.23872308454849e-06,0.009854213387633912,0.02808899938858499,0.14429779463566197,1.1386074573259866,1.0,,2.947409816293163
pure_arrangement,-0.0647573471069336,0.0006880963055851989,0.0018393056264442468,0.002027236961610858,4.7347652575999933e-07,3.3830451874694635e-06,4.109689698521224e-06,0.010625764277356016,0.03198720877975699,0.11520979939929986,0.8231874997002264,1.0,,0.6811531537175765
pure_arrangement,-0.06560114026069641,0.00017730852708904482,0.0016074576278174906,0.0017367156161195477,3.143831377848654e-08,2.583920025228634e-06,3.0161811312735005e-06,0.0027028269079535437,0.027255599351697787,0.01042321810600697,0.8566859590881547,1.0,,1.0833957125586626
pure_arrangement,-0.06403854489326477,0.00015599475412149418,0.001604121143550758,0.0016271461347416474,2.4334363313425426e-08,2.573204643186592e-06,2.6476045438046833e-06,0.002435950947690894,0.025911849753199212,0.009191086852591759,0.9718991641738246,1.0,,0.7639755989100288
pure_arrangement,-0.06553206592798233,0.0005038101085904577,0.0019146116286484726,0.0024041487546147184,2.538246255179288e-07,3.6657376885559567e-06,5.779931234315501e-06,0.007687993678455508,0.03776853274043018,0.043914817534674085,0.6342182181671022,1.0,,0.7808404031723174
pure_arrangement,-0.06424953788518906,0.0004942594502834984,0.001581371179276656,0.001954040650368644,2.44292404194546e-07,2.500734806646842e-06,3.818274863293114e-06,0.007692809420150493,0.030472871963393475,0.06397978483504282,0.6549383939557601,1.0,,0.06427536309074985
pure_arrangement,-0.06132505089044571,0.0005330110569227812,0.001557123371220245,0.0018769049893804842,2.841007868019403e-07,2.424633193200301e-06,3.5227723391613552e-06,0.008691571375537546,0.029486853527098664,0.08064693356527673,0.6882741658456187,1.0,,1.2399206476981905
pure_arrangement,-0.06767236441373825,0.00019127987920500484,0.0017605282007228298,0.0021505049313908847,3.658799218868125e-08,3.0994595455403645e-06,4.624671459936513e-06,0.0028265582392769605,0.033804188708521865,0.007911479227366245,0.6702010234437092,1.0,,1.8859951724972386
pure_arrangement,-0.06406326591968536,0.00011680995433564001,0.001764655585773031,0.0020322262318396168,1.3644565431894304e-08,3.114009336399959e-06,4.129943457377048e-06,0.0018233530972660986,0.031826118768185814,0.0033038141012613404,0.7540077409141299,1.0,,0.10295449813399107
pure_arrangement,-0.06645876914262772,0.00047204480238406546,0.001654831670052932,0.001973799046514919,2.228262954578114e-07,2.7384678562101764e-06,3.895882676023203e-06,0.00710282192213049,0.031448071868766685,0.05719533004142353,0.702913327720002,1.0,,1.872032084586963
pure_arrangement,-0.06836338341236115,0.000432488754299168,0.00178679834371169,0.001893547877884245,1.870465225952461e-07,3.1926483210908388e-06,3.5855235658399277e-06,0.006326321675602841,0.030114533060719366,0.052167143559529075,0.8904273706378344,1.0,,2.8967713648286826
pure_arrangement,-0.06473731249570847,0.0003319188477112275,0.0017266541066272006,0.0020634835187564554,1.1017012146594903e-07,2.9813344039325758e-06,4.257964232179523e-06,0.005127164457641502,0.03225153917080689,0.02587389547177015,0.7001783578643451,1.0,,0.3665553805237727
pure_arrangement,-0.0689782202243805,0.0,0.0016743045354585913,0.002105046706411263,0.0,2.803295677457209e-06,4.431221636172907e-06,0.0,0.033487513791736506,0.0,0.632623666253426,1.0,,2.9061471671294163
pure_arrangement,-0.06210843101143837,0.0003186591691938452,0.0016369526250622861,0.0016573047385580982,1.0154366611131164e-07,2.6796138966983094e-06,2.7466589964471265e-06,0.0051306910189883636,0.025864840817128348,0.03696988459166608,0.9755903081396192,1.0,,1.1869581520722563
pure_arrangement,-0.0640869140625,0.0005069812727465805,0.0013576557251959985,0.001950062029484398,2.570300109157427e-07,1.8432290681574727e-06,3.802741918836809e-06,0.007910839212076167,0.030583802440527826,0.06759070596996064,0.4847105345295911,1.0,,0.16699257458857067
pure_arrangement,-0.0634002611041069,0.00041966127658541185,0.0014862025686672871,0.002029567749644902,1.7611558706529756e-07,2.208798075113242e-06,4.119145250398672e-06,0.006619235777220281,0.032178743055570835,0.04275537189378117,0.5362272852358055,1.0,,0.16189149940498682
pure_arrangement,-0.05999000743031502,0.00028489683563015934,0.0017246063168209868,0.0016078156544338462,8.116620695207802e-08,2.9742669480188503e-06,2.585071178642537e-06,0.004749071517637305,0.02507378947994806,0.031398054963693384,1.1505551462535304,1.0,,2.5707882350909097
pure_arrangement,-0.06098262220621109,0.00024405153161998177,0.0017931470174763862,0.002069260239944907,5.9561150086058966e-08,3.2153762262844588e-06,4.2818379406168545e-06,0.004001984873571492,0.03262999719555804,0.013910183176497896,0.7509336576669321,1.0,,1.1759108460132934
pure_arrangement,-0.06295815110206604,0.00028870115664445895,0.001748671576392273,0.002360804588267001,8.334835784784841e-08,3.057852282082237e-06,5.573398303982523e-06,0.004585604113062731,0.0372016120628064,0.01495467456332541,0.5486513102602447,1.0,,0.21246476865321137
pure_arrangement,-0.06227298825979233,0.00024567308561357907,0.001672072911375203,0.0017360534173528007,6.035526499489694e-08,2.795827820954748e-06,3.013881467902338e-06,0.00394509870939022,0.02729492359078479,0.02002575935307244,0.9276502247119376,1.0,,0.7664159478428766
pure_arrangement,-0.06479969620704651,0.0002532624961382855,0.0015287520082391019,0.0018578452327486943,6.414189195019508e-08,2.3370827026950873e-06,3.45158890884705e-06,0.003908390177155568,0.029168070177065297,0.018583294141949452,0.6771034339300139,1.0,,0.5948882887732837
pure_arrangement,-0.06438892334699631,0.0008546991360876291,0.0016461296064940898,0.00190100228523145,7.305106132289396e-07,2.7097426813763873e-06,3.6138096884551947e-06,0.013274008814863965,0.03005280635800921,0.2021441847263443,0.749829934330252,1.0,,0.596276724431238
pure_arrangement,-0.06824123859405518,0.0007865576761941574,0.0018474206179657743,0.0018842452005669989,6.186729779799531e-07,3.412962939685043e-06,3.5503799758597696e-06,0.011526134232016684,0.029731598774313396,0.17425542679558786,0.9612951185199693,1.0,,2.5825015278928634
pure_arrangement,-0.06241289898753166,0.00026911601141203995,0.0017506569638638622,0.0020031111255097325,7.242342759832523e-08,3.064799805125036e-06,4.012454181140868e-06,0.00431186526787999,0.031491270749998405,0.018049658470550546,0.7638217576489847,1.0,,0.5968503161867268
pure_arrangement,-0.06887860596179962,0.0005564117584566803,0.001880422361572053,0.001953885682984714,3.095940449488551e-07,3.5359882579002166e-06,3.8176692621726435e-06,0.008078150692615188,0.03061830748265191,0.08109504089745702,0.9262164988823255,1.0,,2.5919181254091708
pure_arrangement,-0.06275080144405365,0.00022396287176437601,0.0019086267399666262,0.0017895782807840427,5.0159367928946334e-08,3.6428560325156318e-06,3.2025904230539697e-06,0.0035690838461091725,0.028096779924085998,0.0156621238756827,1.137471718610158,1.0,,0.5266923621538185
pure_arrangement,-0.06319990754127502,0.0008474306142153498,0.0017800340550983003,0.0018530222441689175,7.18138645909405e-07,3.1685212373096986e-06,3.4336914373848113e-06,0.013408731866607623,0.02922667792250997,0.20914478164536476,0.922774015979411,1.0,,0.10892086326122861
pure_arrangement,-0.06442686915397644,0.00032956912385875766,0.0017701232741997276,0.002230878002647699,1.0861580740102915e-07,3.133336405863564e-06,4.976816662697386e-06,0.00511539871774782,0.03533721886632178,0.02182435375109045,0.6295864642450635,1.0,,0.5808273113655811
pure_arrangement,-0.06060623750090599,0.0011083334911286954,0.0014451083024122685,0.0019766441675196952,1.2284031275575217e-06,2.0883380057008686e-06,3.907122164989629e-06,0.01828744922685767,0.031167574360655998,0.31440100301055784,0.5344951904534093,0.9796040791841631,,1.4234496566803458
pure_arrangement,-0.06398125737905502,0.00043266787594533766,0.001475811458616837,0.0017349025854949355,1.8720149087505008e-07,2.178019461384756e-06,3.009886981157012e-06,0.006762415958505003,0.027376646741131293,0.06219552164150999,0.7236216758369836,1.0,,0.35139297535744923
pure_arrangement,-0.06416906416416168,0.00017000882299249504,0.0019967218368504925,0.0017623622967971257,2.8902999895293507e-08,3.986898093755605e-06,3.1059208651720404e-06,0.0026493891598226658,0.027878706445663797,0.009305774728324424,1.2836444541978909,1.0,,0.5411544346236993
pure_arrangement,-0.06298843026161194,0.0004791775387863558,0.0019730650479388044,0.002137890015597576,2.2961111367734953e-07,3.892985683397757e-06,4.570573718791804e-06,0.007607389750723614,0.03384626358397309,0.050236825353742555,0.8517498946339799,1.0,,0.08246318568615103
pure_arrangement,-0.06243472546339035,0.0004369115053494525,0.0016883617638840762,0.0018568894217469002,1.9089166350672466e-07,2.850565445745749e-06,3.4480383245955374e-06,0.006997892632772814,0.029083731983697764,0.05536239610362123,0.8267209286544479,1.0,,0.7601961188477762
pure_arrangement,-0.06498875468969345,0.0002541470771524584,0.001996979053737376,0.0019424277720741653,6.459073682513764e-08,3.987925341065825e-06,3.7730256497250055e-06,0.003910631591049143,0.030656260226838577,0.01711908235499149,1.0569568593726584,1.0,,0.8377235622203831
pure_arrangement,-0.0643187165260315,0.000785153019007843,0.0016771955533704964,0.0022291542291739087,6.164652632571302e-07,2.8129849242457653e-06,4.9691285774439226e-06,0.012207224606076688,0.035146072110195124,0.12405902838888397,0.5660921991462617,1.0,,0.40073537590479336
pure_arrangement,-0.06321091204881668,4.0394999447157135e-05,0.0021190783314413244,0.0017885836444216326,1.631755980335825e-09,4.490492974784147e-06,3.199031453092569e-06,0.000639051045742874,0.028285391879871336,0.0005100781296658941,1.403703914959353,1.0,,0.012615459171500237
pure_arrangement,-0.06293247640132904,0.00021506312864066584,0.00180004363022236,0.0019429493230514966,4.625214930071158e-08,3.2401570707040926e-06,3.7750520719462687e-06,0.003417363195263106,0.030311565587241816,0.012252055976771146,0.858307914421322,1.0,,0.6005286723407088
pure_arrangement,-0.06801272928714752,0.0005187887713163017,0.0015107329102177012,0.0019210713246029174,2.69141789243878e-07,2.2823139260148447e-06,3.6905150342116077e-06,0.007627818744429332,0.030136880798463196,0.07292797529583127,0.6184269417296677,1.0,,2.221607635584058
pure_arrangement,-0.06424989551305771,0.00015410109234946455,0.0018017249744066274,0.001971486472718676,2.3747146663298204e-08,3.2462128834005625e-06,3.886758912112727e-06,0.0023984644818316647,0.0312508691124846,0.0061097555058772495,0.8351979005654397,1.0,,0.5904594931405726
pure_arrangement,-0.06388197094202042,0.0005152448753079564,0.0018049121677150542,0.002138924010398846,2.654772815311115e-07,3.257707933165856e-06,4.574995922260682e-06,0.008065575743985656,0.033843763904614736,0.058027872820469964,0.7120679424684814,1.0,,0.3188641319310963
pure_arrangement,-0.06230423226952553,0.0008530838585857639,0.001375438459851183,0.0016925350978808148,7.277520697795756e-07,1.8918309568377947e-06,2.864675057558419e-06,0.013692229685061497,0.02637237155015964,0.25404349713570773,0.6603998425043761,0.999000199960008,,1.107280070231223
pure_arrangement,-0.06550311297178268,0.00040467416220041716,0.0013843853438299213,0.002084332975410573,1.6376117755260952e-07,1.9165227802110893e-06,4.344443952383892e-06,0.006177937869529071,0.03254325762228686,0.03769439296431714,0.4411434009085216,1.0,,0.698083701708018
pure_arrangement,-0.06305988878011703,0.0003211047641506564,0.0016043035656081383,0.0016243196794586408,1.0310826956024866e-07,2.573789930622986e-06,2.6384144210766215e-06,0.005092060426403759,0.025478257405861147,0.03907963386516614,0.9755063154834996,1.0,,0.42681337681767934
pure_arrangement,-0.06489688903093338,0.0002531277067838635,0.0014793664762420857,0.0020606213587595224,6.407363594165756e-08,2.188525171028925e-06,4.246160384175941e-06,0.0039004597995939234,0.03271079784100958,0.015089782331453886,0.5154127430477772,1.0,,0.9228997388125405
pure_arrangement,-0.0657852292060852,0.0007324426217356708,0.001858872062545334,0.00210031107348808,5.36472194135023e-07,3.455405344911544e-06,4.41130660541665e-06,0.011133846162352795,0.033247811898321385,0.1216129918233949,0.7833065470145845,1.0,,1.2444926619850192
pure_arrangement,-0.06069551780819893,0.0002079411279004562,0.001772647129949387,0.0022323624709435176,4.323951267251389e-08,3.142277847317799e-06,4.983442201677047e-06,0.003425971725911644,0.035333239285242186,0.00867663573141528,0.6305436523895768,1.0,,1.113045182300655
pure_arrangement,-0.0623767226934433,0.0004843699032611733,0.0017718807035992754,0.0017373277101648702,2.3461420318523838e-07,3.139561227787463e-06,3.018307572506711e-06,0.00776523488804723,0.027438958827251392,0.0777303828550484,1.0401727300375987,1.0,,0.5406992612085934
pure_arrangement,-0.06190142408013344,0.0007957631961465835,0.0019749160427289408,0.0017416567648951345,6.332390643414259e-07,3.90029337582814e-06,3.0333682867049855e-06,0.01285532938816467,0.027514873437424973,0.20875772556760183,1.2857961866756564,1.0,,0.8022900670258066
pure_arrangement,-0.06356273591518402,0.00043069677981261514,0.0014559968870224674,0.0018256770187970088,1.854997161409563e-07,2.1199269350191156e-06,3.3330965769635336e-06,0.0067759320553369895,0.028701287213113796,0.05565386776459607,0.6360232552728426,1.0,,0.025662170011160033
pure_arrangement,-0.06469936668872833,0.0003045374333830294,0.0016076385077045516,0.0018093817524933115,9.274304833152308e-08,2.5845015714545173e-06,3.273862326255767e-06,0.00470696158199157,0.028700349742102647,0.02832832877172051,0.7894350201373147,1.0,,0.9149393610654213
pure_arrangement,-0.068193219602108,0.00024050512623207432,0.002078152294836402,0.001822315310262084,5.7842715743906007e-08,4.318716960533805e-06,3.320833090015595e-06,0.0035268187605067966,0.028524024805951932,0.01741813399710323,1.300492028195709,1.0,,2.36303054217918
pure_arrangement,-0.06504598259925842,0.00016029561310791396,0.0017145802634474779,0.0019563508019695168,2.5694683581642038e-08,2.9397854798036222e-06,3.8273084603667716e-06,0.002464343018622359,0.030689014251304582,0.006713512602320983,0.7681077995793164,1.0,,0.6636791366813688
pure_arrangement,-0.06257867068052292,0.00023228426264257186,0.0018024411137536269,0.001519032569930146,5.39559786714033e-08,3.248793968549415e-06,2.307459948508584e-06,0.0037118759493698925,0.023647952460126954,0.02338327852939658,1.407952485003806,1.0,,1.0905609307549682
pure_arrangement,-0.06692000478506088,0.0006736176483498152,0.001492754649591102,0.0018591442959893251,4.537607361683353e-07,2.228316443875854e-06,3.456417513309643e-06,0.010066013152769417,0.02913621170709691,0.13128064952252924,0.6446896057247904,1.0,,1.673505113357806
pure_arrangement,-0.06383192539215088,0.0006577750303237298,0.0017321818721521283,0.0019830875975981157,4.326679905173837e-07,3.0004540382124518e-06,3.932636419747466e-06,0.010304796953604246,0.030849535840594435,0.11001983004194611,0.762962480626451,1.0,,0.22724638363824654
pure_arrangement,-0.06403911113739014,0.0006296335308751687,0.001697543270742347,0.0025878128126163346,3.9643838320233206e-07,2.881653156042626e-06,6.696775153141265e-06,0.009832015461993948,0.040712806774557464,0.05919840134043835,0.4303046003703626,1.0,,0.18412751393207208
pure_arrangement,-0.06109257787466049,0.0002415216696322664,0.0019199735380512578,0.0021624257467918154,5.833271690195764e-08,3.6862983868170645e-06,4.676085110388141e-06,0.003953371719356483,0.03398745221458091,0.012474691012866464,0.7883300452824908,1.0,,1.1707500581401065
pure_arrangement,-0.06546200066804886,0.0006851618775631081,0.0021586625287595756,0.0021250764783708894,4.694467984658036e-07,4.659823913070685e-06,4.5159500389252216e-06,0.010466558775639845,0.0333747009346048,0.10395305404608286,1.0318590491270592,1.0,,0.8417234172430944
pure_arrangement,-0.06351152062416077,0.0004952423549163012,0.0020547937419568164,0.0018948162425452874,2.452649901030437e-07,4.222177321984896e-06,3.5903285930134416e-06,0.007797677492985475,0.02970515298345262,0.06831268608124455,1.1759863234248233,1.0,,0.14562829819670658
pure_arrangement,-0.062164925038814545,0.00039546894063669825,0.001642848868618576,0.002035645913879858,1.5639568300831237e-07,2.6989524051213357e-06,4.143854286695762e-06,0.00636160890389195,0.03188710889239217,0.03774159808428486,0.6513145053836905,1.0,,0.8224537076904357
pure_arrangement,-0.06384221464395523,6.236449326434539e-05,0.001704641127411259,0.0019779555086003467,3.88933002011858e-09,2.9058013732619284e-06,3.912307994002457e-06,0.0009768535382450151,0.03100829193044742,0.0009941267471990699,0.742733286263889,1.0,,0.027432539851013966
pure_arrangement,-0.060243263840675354,0.00021570146777512763,0.0016225475710155155,0.0016536898078637853,4.652712320034443e-08,2.632660620208349e-06,2.7346899806325633e-06,0.0035805076621610466,0.026078412037207732,0.017013673772842873,0.9626907030973164,1.0,,1.916289696349207
pure_arrangement,-0.06261364370584488,0.00045398171411723757,0.0016346753934245982,0.002124324058118139,2.0609939675282523e-07,2.6721636418678646e-06,4.51275270389952e-06,0.007250523803566141,0.03339988966747238,0.04567043892627497,0.5921360679832551,1.0,,0.46559897666322675
pure_arrangement,-0.06456181406974792,0.0,0.0021214067271721356,0.00221789443135111,0.0,4.500366502091192e-06,4.919055708618263e-06,0.0,0.034731546277374244,0.0,0.9148842315825941,1.0,,0.31723893640372
pure_arrangement,-0.05768423527479172,0.0002339219099846051,0.0018366111730015327,0.0016511785869456376,5.47194599708457e-08,3.373140600794066e-06,2.726390725987793e-06,0.00405521385297501,0.02611151987215952,0.020070292731435405,1.2372183372843417,1.0,,3.362084252803253
pure_arrangement,-0.06149459630250931,0.0005426986323919706,0.001375296048762916,0.0019585021457870434,2.945218056001153e-07,1.8914392217428893e-06,3.835730655052454e-06,0.008825143427599436,0.03059264357641369,0.07678375571344377,0.49311054186025055,1.0,,1.2888075139317667
pure_arrangement,-0.06459060311317444,0.0001485733939357758,0.0018918120251436024,0.0017554165554394118,2.2074053385595222e-08,3.578952738477938e-06,3.0814872831107697e-06,0.0023002323368222512,0.027831892054500006,0.00716344133775279,1.161436802966448,1.0,,0.8650247706912625
pure_arrangement,-0.06279297173023224,0.0,0.0018771620508698304,0.0020337688693501167,0.0,3.5237373652258276e-06,4.136215813937651e-06,0.0,0.031835715179133056,0.0,0.851922995253783,1.0,,0.5360863266912594
pure_arrangement,-0.0630723088979721,0.0003618461277882047,0.0016592313264176307,0.00167095291775981,1.3093262019531775e-07,2.7530485945656105e-06,2.7920836533700228e-06,0.005737004623907763,0.026290683638846825,0.046894232569745224,0.9860193806309144,1.0,,0.28997620641615124
pure_arrangement,-0.06650549173355103,0.0009842546668471334,0.001652985868560206,0.0016523628432767508,9.687572492103615e-07,2.732362281659739e-06,2.730302965841628e-06,0.014799599870495983,0.026136250525219482,0.3548167589202826,1.0007542444350954,0.9998000399920016,,1.9876862530153658
pure_arrangement,-0.06457185000181198,0.0005732032265292151,0.0015450543236173288,0.0020506326916889424,3.285619389035027e-07,2.3871928629286013e-06,4.205094436223437e-06,0.008876983182503368,0.03201589925806178,0.07813425926257715,0.567690666436619,1.0,,0.25426394983680134
pure_arrangement,-0.06893080472946167,0.0005930359611645823,0.0019457027065358738,0.0021494954735144533,3.516916512343999e-07,3.785759022221025e-06,4.620330790659124e-06,0.008603351774175838,0.03367880792353554,0.07611828398637849,0.8193696931558786,1.0,,2.376102348031441
pure_arrangement,-0.062114641070365906,0.0004514022002497327,0.0017855142524876475,0.0019729655489274297,2.037639463902998e-07,3.1880611458365225e-06,3.892593057254514e-06,0.007267243156703853,0.031178216516892013,0.05234658321412529,0.8190070472162571,1.0,,0.590793776340493
pure_arrangement,-0.06444811075925827,2.6605419876702194e-05,0.001704572219850361,0.001772791364147062,7.078483668156201e-10,2.905566452685587e-06,3.1427892207944014e-06,0.0004128192364875521,0.027687277264214154,0.00022522934790921093,0.9245183970534137,1.0,,0.2363581391052665
pure_arrangement,-0.06057993322610855,0.00033688293328845313,0.0015066814518557353,0.0018679300879810997,1.1349011074103237e-07,2.270088997366106e-06,3.489162813585079e-06,0.005560965741429117,0.02921632152066089,0.032526458868344536,0.6506113697324467,1.0,,1.7958588061371377
pure_arrangement,-0.061002857983112335,0.00045800753861065653,0.001795177314200075,0.0022513233209579342,2.0977090542419201e-07,3.222661589418595e-06,5.068456695489062e-06,0.007507968540382954,0.03551103558904899,0.04138753037209306,0.6358269948891486,1.0,,1.063815388138524
pure_arrangement,-0.06475498527288437,0.0,0.0017215566883502969,0.0020118075979167244,0.0,2.9637574312036413e-06,4.0473698110354605e-06,0.0,0.03162081972869661,0.0,0.732267514355306,1.0,,0.5627307223552915
pure_arrangement,-0.06197917088866234,0.0002153230008803356,0.0019096932454102785,0.0019588222772237607,4.636399470811301e-08,3.6469282915656427e-06,3.836984713748079e-06,0.0034741187691448125,0.030681013695046305,0.012083445248553858,0.9504672454124052,1.0,,0.9524088047837201
pure_arrangement,-0.06241924315690994,0.0005613614035801706,0.001944594434122608,0.0017629421255270705,3.1512662542949915e-07,3.781447513220626e-06,3.1079649379579052e-06,0.008993402918536135,0.02765811432626767,0.10139323696378433,1.216695679876374,1.0,,0.7494631010055877
pure_arrangement,-0.06700948625802994,0.0003628390601483016,0.0016860529200098766,0.0017868793322238067,1.3165218356930283e-07,2.8427744490738317e-06,3.1929377479285978e-06,0.005414741709123633,0.027730674953255454,0.041232305156814135,0.8903319367620203,1.0,,1.4396968250305644
pure_arrangement,-0.06056894734501839,0.0008960101911002859,0.001955314411423823,0.0015049104185912573,8.028342625555709e-07,3.823254447521692e-06,2.2647553679845135e-06,0.014793227063966467,0.023735695500455175,0.3544904999033259,1.6881533880297819,1.0,,1.8830948455554197
pure_arrangement,-0.06778072565793991,0.00023306948097301071,0.0021506076201813977,0.0017355002299357177,5.432138296102861e-08,4.6251131359822955e-06,3.011961048106929e-06,0.0034385804918821887,0.027430697507083563,0.01803522093858769,1.5355819886479811,1.0,,2.59993277394535
pure_arrangement,-0.06618332862854004,0.0006334841025595993,0.0015142982578580364,0.0016868539636279477,4.013021081957409e-07,2.293099213751884e-06,2.845476294607318e-06,0.009571656725141259,0.026464468936084503,0.14103161181004373,0.8058753531342763,1.0,,1.4482577763530449
pure_arrangement,-0.0641106590628624,0.0001239480944240292,0.0019484561530952538,0.0018323217773550285,1.5363130111348055e-08,3.7964813805347554e-06,3.35740309576949e-06,0.001933346127396607,0.02877507570625279,0.0045758968086693046,1.1307791385903372,1.0,,0.23645792262975865
pure_arrangement,-0.06544473767280579,0.000679371208414417,0.0015727009029895237,0.0019309223439916917,4.615452388224652e-07,2.4733881302640628e-06,3.728461098526369e-06,0.010380837827037631,0.03038378330812357,0.12378974236981731,0.6633804309348007,1.0,,0.9806993939634322
pure_arrangement,-0.05838542431592941,0.00044663814422618255,0.0016572745917556363,0.0019359184759957084,1.9948563187780822e-07,2.7465590724788106e-06,3.747780345701546e-06,0.007649822699058905,0.030845252570256367,0.05322767437707627,0.7328495320247171,1.0,,2.260869401074322
pure_arrangement,-0.06590911746025085,0.0004888514263142234,0.0019649208890401585,0.001814662700897329,2.389757170094506e-07,3.860914100186366e-06,3.293000718027989e-06,0.007417053135464072,0.028850233516607898,0.07257080622580643,1.1724607526045339,1.0,,1.6585485933344035
pure_arrangement,-0.06148368865251541,0.00077749093514803,0.001386482574853135,0.0018436080817812483,6.044921542373582e-07,1.922333930371379e-06,3.3988907592091335e-06,0.012645482927059573,0.02899531006657225,0.1778498330961404,0.5655768503777022,0.9994001199760048,,1.1386837578664535
pure_arrangement,-0.059742145240306854,0.00015224912667831402,0.0015578283081398652,0.002192115552531501,2.3179796574309313e-08,2.4268290376419146e-06,4.805370595650488e-06,0.0025484375572036627,0.034200086360367594,0.004823727142978352,0.5050243242089432,1.0,,1.986500611556649
pure_arrangement,-0.0628666877746582,0.00021276550009364912,0.0016199287827560166,0.0022584108792116486,4.5269158030100604e-08,2.6241692612013893e-06,5.100419699341532e-06,0.003384391760168661,0.03545839216444161,0.008875575089623484,0.5145006520816653,1.0,,0.36537649056328214
pure_arrangement,-0.0624055415391922,0.00025130671919063,0.0017282148822988987,0.0019430425256202943,6.315506711035815e-08,2.9867266793993964e-06,3.7754142563688925e-06,0.0040269936449922996,0.030755024268638326,0.016727983426936373,0.7910990626686784,1.0,,0.39757779457011944
pure_arrangement,-0.0649729073047638,0.00016439553765417028,0.0017775121015724438,0.002458024753685076,2.7025892800603715e-08,3.1595492712364858e-06,6.041885689728579e-06,0.0025302167391563967,0.03872577301361241,0.004473089063328142,0.5229409216741442,1.0,,0.6103789553176865
pure_arrangement,-0.06481229513883591,0.0005795046194961134,0.001472322441172393,0.002023516979109052,3.3582560401733516e-07,2.1677333707798346e-06,4.094620964742624e-06,0.00894127600719498,0.03171852865505301,0.08201628597836386,0.5294100209629762,1.0,,0.5022150857764895
pure_arrangement,-0.06477310508489609,0.00029299581830982945,0.0015614726555806325,0.0021900589945504133,8.584654954704659e-08,2.4381968541260326e-06,4.796358399611166e-06,0.004523417827905718,0.034423586272728006,0.017898276649636117,0.5083433411322418,1.0,,0.5261141047094902
pure_arrangement,-0.0636160671710968,0.0005754955330474928,0.0016096564921520117,0.002128799343607076,3.31195108557618e-07,2.5909940227271193e-06,4.5317866453419185e-06,0.009046386528417185,0.03331895287084746,0.07308267896902054,0.5717378653274247,1.0,,0.12940479171762334
pure_arrangement,-0.06124597042798996,0.0,0.00200041252406352,0.0019823297817063478,0.0,4.0016502664301834e-06,3.929631363439936e-06,0.0,0.031114649768574587,0.0,1.0183271397058484,1.0,,1.2432472049450731
pure_arrangement,-0.06355156004428864,0.0004237202654055787,0.0017776343138297115,0.002362556765680016,1.7953886331537404e-07,3.1599837537048293e-06,5.5816744710604185e-06,0.006667346405191171,0.03713836210325992,0.03216577108647915,0.5661354437792014,1.0,,0.026850655993170068
pure_arrangement,-0.06598343700170517,0.0005436021058373937,0.0018208030784052566,0.0021744029631365746,2.9550324947084894e-07,3.315323850330059e-06,4.728028246097115e-06,0.008238463022521026,0.03427738945979254,0.06250031389190207,0.701206439083097,1.0,,1.1717919872645033
pure_arrangement,-0.06469318270683289,0.0007619414355091355,0.0016446440759720314,0.002515404709117092,5.80554751145722e-07,2.704854136629897e-06,6.3272608506484415e-06,0.011777770139428607,0.03951344999252809,0.0917545150815498,0.42749211712248175,0.9996000799840032,,0.41095862711382714
pure_arrangement,-0.06177401915192604,0.0004554553901824261,0.0016259860872041404,0.001610946317688356,2.0743961244622601e-07,2.643830755781431e-06,2.595148038473673e-06,0.007372927914278757,0.02564077910114446,0.07993363360042878,1.018759129184935,1.0,,0.6539580595232599
pure_arrangement,-0.06464287638664246,0.0002752722655919066,0.0018709995322742793,0.002094432611585607,7.577482020410118e-08,3.5006392497705717e-06,4.386647964473307e-06,0.0042583542221334035,0.0332081014287912,0.017273968829454325,0.7980214683561652,1.0,,0.7510134291967883
pure_arrangement,-0.0632527694106102,0.0009080896194321455,0.0016088167172149132,0.0018466228612051602,8.246267569204189e-07,2.5882912295901703e-06,3.4100159915255323e-06,0.014356519530982307,0.02908597847753061,0.24182489436112797,0.7590261265702309,0.9988002399520096,,0.1276124596658972
pure_arrangement,-0.06585895270109177,0.0007708129552087002,0.0017675587551345536,0.002291779843341785,5.941526119175696e-07,3.1242639528528127e-06,5.252254850347698e-06,0.0117039965501292,0.03568526320098482,0.11312334013613923,0.5948424137579666,0.999000199960008,,0.7142607195393297
pure_arrangement,-0.061985742300748825,0.00045618719228443516,0.002193170572007983,0.0018907271358281376,2.0810675440435622e-07,4.809997157921824e-06,3.5748491021568727e-06,0.007359550363550686,0.029750082426956488,0.05821413672504267,1.345510543373629,1.0,,0.8292761496025846
pure_arrangement,-0.06297042965888977,0.0003645799275811226,0.001722668220772523,0.0014892754968692718,1.329185235950566e-07,2.96758579885957e-06,2.2179415055752163e-06,0.005789700492057124,0.023376581489637033,0.059928777770261614,1.3379910116655378,1.0,,0.4952614554446734
pure_arrangement,-0.06396663933992386,0.00035136809509107614,0.0017237647584293044,0.00201462397239857,1.2345953824793153e-07,2.9713649424028384e-06,4.058709750162995e-06,0.005492989763365211,0.0314696382867332,0.03041842010086419,0.7320959431217052,1.0,,0.02550446402694415
pure_arrangement,-0.06622617691755295,0.00022256865166586816,0.0017454693827906693,0.001561373970639052,4.953680470436256e-08,3.0466633662596405e-06,2.4378886761891594e-06,0.0033607353168362848,0.024584752631067217,0.020319551580918426,1.2497139003993,1.0,,1.7397024709312316
pure_arrangement,-0.06569180637598038,0.0005632531288002576,0.0015446597695579392,0.00247918517271971,3.172540871032795e-07,2.385973803690786e-06,6.146359120633258e-06,0.008574176291888452,0.03899419917496094,0.05161658810957874,0.3881930353989728,1.0,,0.8524975206638262
pure_arrangement,-0.062391240149736404,0.0002046034509236471,0.001858253260087868,0.002252321968209452,4.1862572129865263e-08,3.4531051786271897e-06,5.0729542484789e-06,0.003279361821188475,0.03533101175766801,0.008252109141811705,0.6806892018911044,1.0,,0.6028933118543879
pure_arrangement,-0.06340175122022629,0.00013432869749148917,0.001784828798126015,0.0017549368561982851,1.8044198969760007e-08,3.1856138386199553e-06,3.0798033692431205e-06,0.002118690649803943,0.02759983104268647,0.005858880196690763,1.0343562418411272,1.0,,0.10445203592992269
pure_arrangement,-0.06497620791196823,0.00039257408935745945,0.0018328302529465952,0.0015977836171827684,1.5411441563483856e-07,3.35926673611628e-06,2.5529124873376517e-06,0.006041812872325989,0.025085143289575926,0.06036807622636505,1.3158565962515811,1.0,,0.8022296035223798
pure_arrangement,-0.06596764922142029,0.00013657613910823075,0.0014491820654959713,0.001657478827883079,1.86530417737108e-08,2.1001286589551694e-06,2.7472360648806653e-06,0.002070350250769331,0.026111626231440102,0.006789748435586678,0.7644514739021508,1.0,,1.5028782815472992
pure_arrangement,-0.062088772654533386,0.0004758828921190828,0.001623244700669388,0.0019469051906179208,2.2646452701162263e-07,2.6349233582512514e-06,3.7904398212550027e-06,0.0076645562760103364,0.03053124893221106,0.05974623993282155,0.6951497669151324,1.0,,0.8623177828727164
pure_arrangement,-0.06294751167297363,9.233950529792839e-05,0.0020500718956754736,0.0019289433736068824,8.526584238666145e-09,4.202794777438429e-06,3.7208225385819004e-06,0.001466928602001819,0.030181934560427184,0.002291585838951578,1.1295337882575343,1.0,,0.49924551088259583
pure_arrangement,-0.06194929778575897,0.0002573323004225804,0.0018233583340548803,0.0017063370074609076,6.621991284077716e-08,3.3246356143673884e-06,2.9115859830306455e-06,0.004153917955817999,0.026998180244529803,0.022743588280312234,1.1418641365029525,1.0,,0.7341040236370285
pure_arrangement,-0.06600052118301392,0.00013810702956419766,0.0017541672722877167,0.0017228017857479595,1.907355161504617e-08,3.077102819165329e-06,2.9680459929763577e-06,0.0020925142269897904,0.026955471449018737,0.006426299208362066,1.036743644285515,1.0,,1.211771532037628
pure_arrangement,-0.06621569395065308,0.00045858187592268053,0.0021762623585945646,0.0022024878171240155,2.1029733692476476e-07,4.736117853435578e-06,4.850952584579711e-06,0.006925576831746813,0.03447163038898624,0.043351760970260035,0.9763273853656761,1.0,,1.0546836374509567
pure_arrangement,-0.06390710920095444,0.0005330947217692465,0.0014961674237377437,0.0019252107809138725,2.841899823782303e-07,2.238516959854037e-06,3.706436550947003e-06,0.008341712345225042,0.030295213443298368,0.07667471936235333,0.6039539404180791,1.0,,0.18634880553796426
pure_arrangement,-0.062418002635240555,0.0005281288265113881,0.001804461691773215,0.0020593926088633367,2.789200573922958e-07,3.2560819970770527e-06,4.241097917440941e-06,0.00846116191185541,0.03227510290947006,0.06576600277142267,0.7677450651839131,1.0,,0.6746968763797485
pure_arrangement,-0.0635935515165329,0.000501288840522055,0.0016961710211338562,0.0020095089658433082,2.5129050163194623e-07,2.876996132934268e-06,4.0381262838046416e-06,0.007882699244934153,0.03169719243424365,0.062229480697464805,0.7124581874699619,1.0,,0.09777842334103044
pure_arrangement,-0.0640801191329956,0.0005321784210084193,0.0015205140665505862,0.0017945689351393248,2.8321387178701444e-07,2.3119630265782003e-06,3.22047766296709e-06,0.008304891255022564,0.028445069491399893,0.08794157309139163,0.7178944456482095,1.0,,0.5523283742767293
pure_arrangement,-0.06517823040485382,0.00039499767238361684,0.001548890572178321,0.0018496032498186603,1.5602316118847512e-07,2.399062004582887e-06,3.4210321817397496e-06,0.006060269969437547,0.02906083272421242,0.045607042816279586,0.7012684701968677,1.0,,0.8284570038625925
pure_arrangement,-0.0632145032286644,0.00032041711031887196,0.0017377077782000233,0.001870276025184086,1.0266712458509618e-07,3.0196283224168616e-06,3.497932410378384e-06,0.005068727806969144,0.02935503002361175,0.029350802857277137,0.8632609119197411,1.0,,0.266153921855263
pure_arrangement,-0.06432346999645233,0.0001412214508562034,0.001689170005894559,0.002030160848200103,1.994349818193108e-08,2.8532953088138244e-06,4.121553069564562e-06,0.002195488689649241,0.031923428794850724,0.00483883085946485,0.6922864417017617,1.0,,0.358972002089934
pure_arrangement,-0.06212884560227394,4.55670408392302e-05,0.0016447400081531934,0.0021310528961963325,2.076355210844073e-09,2.705169694419767e-06,4.541386446386777e-06,0.0007334280944303015,0.03337652170926242,0.00045720733863026896,0.5956704469781595,1.0,,0.8071200054700891
pure_arrangement,-0.06313548982143402,0.00012908721042768882,0.001644005656846139,0.001863920137280855,1.6663507896002415e-08,2.7027545997421046e-06,3.4741982781610807e-06,0.002044606144543836,0.029265040353930447,0.004796360645490428,0.7779505898473627,1.0,,0.29804153937498173
pure_arrangement,-0.06613130867481232,0.00015057910505932517,0.0019656843076737264,0.0019113385350177647,2.2674066880467283e-08,3.863914797434738e-06,3.6532149954438553e-06,0.0022769714992299374,0.02986026737196819,0.006206606210897929,1.0576751716648647,1.0,,1.1101560317057417
pure_arrangement,-0.06503617763519287,7.689820156980141e-05,0.0021929278605055526,0.0016346313643405437,5.913333404669809e-09,4.808932601381459e-06,2.6720196972858272e-06,0.0011823911608266117,0.02557451027945021,0.0022130575649110785,1.7997369578773152,1.0,,0.685016144878948
pure_arrangement,-0.06369748711585999,0.001000833260244082,0.0017322203248809856,0.001675108502798355,1.0016672148107983e-06,3.000587253930787e-06,2.8059884961473466e-06,0.01571228796551513,0.026317572476102273,0.35697481161669,1.069351231500281,0.9956008798240352,,0.02846176504795902
pure_arrangement,-0.06149261072278023,0.0004090353932111988,0.0018044919850525296,0.002093238229487961,1.6730995289944003e-07,3.256191324118819e-06,4.381646285389893e-06,0.006651781220595823,0.03261193280771852,0.038184267282668674,0.7431433557236746,1.0,,1.2868369822279497
pure_arrangement,-0.05996180325746536,6.5442374302896e-05,0.001839347146009402,0.0019182029013894836,4.282704354400343e-09,3.3831979235329322e-06,3.679502370899033e-06,0.0010914010377889743,0.03043821822504684,0.0011639357507341208,0.9194715976514772,1.0,,1.5940699324357743
pure_arrangement,-0.06551728397607803,0.0001834088238773061,0.001975225567185616,0.0013789845763713126,3.363879667605669e-08,3.901516041263738e-06,1.9015984618699684e-06,0.002799396018068654,0.021701782574843276,0.017689747520608225,2.0517034061055757,1.0,,1.432088115799197
pure_arrangement,-0.0646011158823967,0.0005184240339837834,0.0016730349959471792,0.0019038062913422935,2.68763479012019e-07,2.799046097663978e-06,3.6244783949544972e-06,0.008025001223315556,0.030145051892559404,0.0741523192374811,0.7722617691859958,1.0,,0.7596696529544094
pure_arrangement,-0.06552909314632416,0.0004889841125877119,0.001935057646184524,0.0019016900645430826,2.3910546236319204e-07,3.744448094057191e-06,3.616425101581874e-06,0.007462091860417289,0.029981605390258084,0.0661165254766659,1.0354004269075885,1.0,,1.104561102584128
pure_arrangement,-0.059134989976882935,0.0004136113724643977,0.00194544799187273,0.0020621841632799155,1.710743674318827e-07,3.784767889081638e-06,4.2526035232824846e-06,0.0069943593907107575,0.032264361881228734,0.040228148825836085,0.8899884196493975,1.0,,2.3180478959603485
pure_arrangement,-0.06405074149370193,0.0002738453841475686,0.0011862504647926202,0.0016850863185329584,7.499129441892944e-08,1.4071901652207074e-06,2.839515900906959e-06,0.004275444401755999,0.02659622550304942,0.026409887120187197,0.4955739690597408,1.0,,0.4110420664686722
pure_arrangement,-0.06107297167181969,0.00029168106398364424,0.0014923487448255412,0.0020755476819692515,8.507784308663077e-08,2.2271047761823685e-06,4.307898180127933e-06,0.004775943531141974,0.03262394227982297,0.019749269720229133,0.5169817584027089,1.0,,1.2273438531064702
pure_arrangement,-0.06477712094783783,0.0001846411511568535,0.0020942764271836035,0.0017818558741732919,3.409235470052802e-08,4.38599375345692e-06,3.175010356325866e-06,0.002850406879082152,0.02806694599787645,0.010737714487325271,1.3814108494853568,1.0,,0.7246385460494847
pure_arrangement,-0.05903295800089836,0.000690096957528528,0.0015363026780640314,0.0020903377541779083,4.76233810790131e-07,2.360225918626715e-06,4.369511926541542e-06,0.011690028433235992,0.03270512656640725,0.10899016155497003,0.5401577929768527,1.0,,2.3353755540323746
pure_arrangement,-0.06273486465215683,5.1426594736450225e-05,0.001485458748243225,0.0016959765427929372,2.64469464618709e-09,2.206587692732329e-06,2.8763364337038838e-06,0.0008197450496082671,0.02674054118413303,0.000919466379244619,0.7671521546910584,1.0,,0.40599273806170116
pure_arrangement,-0.06425778567790985,0.0001247943661297656,0.0018049137705817176,0.0015261113084374391,1.5573633817729988e-08,3.257713719235513e-06,2.3290157257406323e-06,0.0019420894264127536,0.02391913759984086,0.006686787747119027,1.3987512764429928,1.0,,0.29804206945635653
pure_arrangement,-0.06489452719688416,0.0007352960503578146,0.0019220273913946137,0.0021606215501681117,5.406602816718017e-07,3.6941892932711837e-06,4.668285483050854e-06,0.011330632676111386,0.034140129624923285,0.11581559946039659,0.7913374849682348,1.0,,0.7440769866498534
pure_arrangement,-0.06390071660280228,0.0005946027861580655,0.0019331531844390987,0.002302489120658633,3.535524733069341e-07,3.737081234507028e-06,5.301456150751365e-06,0.009305103569558248,0.03643225227744647,0.06668969114397481,0.7049159944437867,1.0,,0.3046784121735342
pure_arrangement,-0.06277763098478317,0.0005393743767681941,0.0018845236278372986,0.0016244589124748774,2.9092471831407783e-07,3.5514293038770527e-06,2.6388667583190614e-06,0.008591824321929804,0.025583393784311213,0.11024608097280164,1.3458160752835004,1.0,,0.4425992444073465
pure_arrangement,-0.06265957653522491,0.0006497303470145631,0.0018664261541200817,0.0016018219306448392,4.2214952383166456e-07,3.483546588783479e-06,2.5658334974947603e-06,0.010369210628950047,0.025186641948291965,0.16452724786851708,1.3576666577097694,1.0,,0.5858940569091822
pure_arrangement,-0.06175658106803894,0.0005271433817972663,0.001884114668667723,0.0020375424421676244,2.7788014497265846e-07,3.549888084688884e-06,4.151579203634408e-06,0.008535825213777586,0.03234154436505485,0.06693360076796667,0.8550693388147849,1.0,,0.610635860266598
pure_arrangement,-0.06671185791492462,0.0004622076952442569,0.0018062513799392383,0.002292630636881628,2.1363595354300784e-07,3.2625440475324025e-06,5.2561552371682605e-06,0.006928418870205875,0.03600152364500931,0.04064490942586841,0.6207092257210595,1.0,,1.3217867414423259
pure_arrangement,-0.06060466915369034,0.00042862422752861233,0.0017218013972327467,0.0018185144402009426,1.837187284244996e-07,2.9646000515126386e-06,3.3069947692193475e-06,0.007072462130626326,0.02849782568474511,0.055554586942352026,0.8964634837364636,1.0,,1.763925186914746
pure_arrangement,-0.064301036298275,0.001002925241261392,0.0016692052823390742,0.0019511196164506048,1.005859039559221e-06,2.7862462745886685e-06,3.806867757698355e-06,0.015597341800357538,0.030786889110267696,0.26422221720866046,0.7318999376729709,0.9996000799840032,,0.4746092601414546
pure_arrangement,-0.06272586435079575,0.0002978052808115038,0.0015251576149590454,0.002267358075277874,8.868798527921866e-08,2.326105750467564e-06,5.140912641527785e-06,0.004747727016498671,0.035742138912792626,0.01725140874069827,0.4524694179157045,1.0,,0.31344332408320896
pure_arrangement,-0.06669162958860397,0.00010625605957073396,0.0015124651024828485,0.0018292059053383431,1.1290350195499363e-08,2.2875506862284532e-06,3.3459942441246677e-06,0.0015932443130597998,0.028910767848744957,0.003374288588608432,0.683668446305678,1.0,,1.870145748837322
pure_arrangement,-0.06440241634845734,0.00014870589107986393,0.0020125577058756425,0.0022116415745031866,2.2113442041856354e-08,4.050388519479429e-06,4.891358454070934e-06,0.0023090110513132316,0.034170260771533345,0.0045209203638412535,0.8280702707666844,1.0,,0.1454792757781077
pure_arrangement,-0.06425812095403671,0.0,0.0017730936342738464,0.0018480315387327145,0.0,3.1438610359024364e-06,3.4152205681508045e-06,0.0,0.029248406229912687,0.0,0.9205440682868405,1.0,,0.581219932116298
pure_arrangement,-0.06324149668216705,0.00044119882770665534,0.002009316520050854,0.0016621684635102613,1.9465640556972694e-07,4.037352877749274e-06,2.762804001088063e-06,0.006976413444545587,0.026080116105158212,0.0704561038325796,1.46132439223313,1.0,,0.29580211112530025
pure_arrangement,-0.06497081369161606,0.00037841338772597483,0.0016495381666690255,0.0016646849579072657,1.4319669201024894e-07,2.72097616329781e-06,2.771176009082715e-06,0.005824359681288799,0.02597457426420652,0.05167361854350362,0.981885002749601,1.0,,0.529707242261795
pure_arrangement,-0.06444195657968521,0.0007134185582081631,0.0015478776676557339,0.0017107904264066563,5.089660391958143e-07,2.3959252740273543e-06,2.926803883084669e-06,0.011070715354925495,0.026894663848077944,0.17389823832657889,0.8186149020351163,1.0,,0.48584618218765063
pure_arrangement,-0.06214375048875809,0.0007166503001924043,0.0017483839289381706,0.002116156219274946,5.135876527658632e-07,3.0568463629692737e-06,4.4781171443760325e-06,0.011532137898919501,0.03318619428226616,0.11468830229483087,0.6826186686090379,1.0,,0.7666782106444925
pure_arrangement,-0.06278533488512039,0.00030256435825872646,0.001868559433577498,0.002061094901780032,9.154519088851496e-08,3.4915143568114605e-06,4.24811219414364e-06,0.004819029138131295,0.032437447440546,0.021549617030999623,0.8218978683342663,1.0,,0.36643921945743496
pure_arrangement,-0.0645950511097908,8.427065475696097e-05,0.0015366855731811337,0.001928365062119523,7.101543253166909e-09,2.3614025508230294e-06,3.718591812803232e-06,0.0013045992426529392,0.030265901053531895,0.0019097399259354216,0.6350260178309015,1.0,,0.45683122387350855
pure_arrangement,-0.0655875876545906,0.0007064133348641042,0.0018288857664503547,0.0024043805479624304,4.990197996738251e-07,3.344823146724701e-06,5.781045819420117e-06,0.01077053387882396,0.037514425661541624,0.08631998694725458,0.5785844380420795,1.0,,0.6219599020984456
pure_arrangement,-0.06489793956279755,0.00025626158550780053,0.0018849641261179811,0.0017724986307563963,6.567000020697176e-08,3.5530897567517244e-06,3.1417513960333e-06,0.003948686001962092,0.028013258620363978,0.02090235411047645,1.1309264511628039,1.0,,0.916434258766181
pure_arrangement,-0.060857582837343216,0.00048361961200259624,0.001622934232001063,0.002064926202556112,2.338879291135417e-07,2.6339155214008805e-06,4.263920222002806e-06,0.00794674368344842,0.032532843183991904,0.054852792016751716,0.6177215764519403,1.0,,1.2661303465304328
pure_arrangement,-0.06324907392263412,0.0004421954750547254,0.001742937231545776,0.0018690589788484472,1.9553683815887427e-07,3.037830193108454e-06,3.4933814664140003e-06,0.0069913351710985715,0.02917107704879415,0.05597351449843102,0.8695958979329059,1.0,,0.4404674450357294
pure_arrangement,-0.06326384842395782,4.5400697297592706e-05,0.0017263117209751595,0.0020864409301163053,2.061223315107642e-09,2.980152157976217e-06,4.353235754864594e-06,0.0007176404602094931,0.032596510074029514,0.00047349223225603954,0.6845832217209918,1.0,,0.3567124027857863
pure_arrangement,-0.06607190519571304,0.00036661582691343707,0.0018449579170106921,0.0018890413198336669,1.3440716454342326e-07,3.4038697155404317e-06,3.5684771080389218e-06,0.0055487400556632396,0.02962749197736836,0.037665132905192585,0.9538718093139313,1.0,,1.2239862789553573
pure_arrangement,-0.06607822328805923,0.00038038091404201996,0.0017100882247068874,0.0017996686198638258,1.4468963976744258e-07,2.924401736281154e-06,3.2388071413225673e-06,0.00575652454188727,0.02822036244201059,0.044673743589548384,0.9029255552051716,1.0,,1.281477651229836
pure_arrangement,-0.06300995498895645,0.0006379062118229586,0.0020507393089109183,0.002031333607987775,4.0692433508231736e-07,4.205531713112431e-06,4.126316226940632e-06,0.010123895691319926,0.03200601275982908,0.0986168564652212,1.01919762854204,1.0,,0.2251205032461045
pure_arrangement,-0.06542561948299408,0.00019213826202792657,0.0018949507226577679,0.0015255792899593306,3.691711173511217e-08,3.5908382413011966e-06,2.3273921699528157e-06,0.0029367434889610573,0.023886101797597658,0.01586200736245521,1.5428591226093173,1.0,,1.0204053803518256
pure_arrangement,-0.06292583048343658,0.0009427134255694368,0.0016851621255771921,0.0017090041622599842,8.88708602748862e-07,2.8397713894798405e-06,2.9206952266219506e-06,0.014981342611244185,0.026859992036170427,0.30427981483598143,0.9722929539499725,0.9998000399920016,,0.4099190252537816
pure_arrangement,-0.06852623075246811,0.0004652701685979725,0.00197940510017926,0.0021361334880912143,2.1647632978718577e-07,3.918044550615666e-06,4.5630662789447385e-06,0.006789665263782436,0.03346204192416788,0.0474409786213424,0.8586429192787792,1.0,,2.194956083279297
pure_arrangement,-0.06601829081773758,0.00043922015450377044,0.0016024413387459087,0.001997484677075056,1.9291434412231598e-07,2.5678182441217804e-06,3.989945035149642e-06,0.0066530070540051335,0.03138310228911833,0.048350125734271124,0.6435723353330544,1.0,,1.186430696787118
pure_arrangement,-0.06419086456298828,0.0001825956358978785,0.00181688695805875,0.0016938017818779144,3.334116624895062e-08,3.301078218363978e-06,2.868964476292798e-06,0.0028445735563929616,0.026645643141746576,0.011621324183153783,1.150616623399097,1.0,,0.36791915139136716
pure_arrangement,-0.06345833837985992,0.00038328612748917215,0.0019501713498158942,0.00191656563825726,1.4690825552564594e-07,3.803168293642747e-06,3.6732238457484585e-06,0.0060399647591594914,0.030124525424520113,0.039994365084960355,1.0353761309822411,1.0,,0.08510014197570709
pure_arrangement,-0.062223561108112335,0.0,0.001864167022374733,0.0017943399865410468,0.0,3.475118687309479e-06,3.219655987300124e-06,0.0,0.028125932521604696,0.0,1.07934471913056,1.0,,0.876689322346862
pure_arrangement,-0.06174127012491226,0.0005256218342421749,0.0016739721586625904,0.0019250587629475655,2.762783126321084e-07,2.802182787977493e-06,3.7058512408012107e-06,0.008513298044869494,0.030280246336637364,0.07455191659889095,0.7561509099786901,1.0,,0.9524223797382223
pure_arrangement,-0.06456173956394196,0.0005463137898096143,0.0014382732533836829,0.0021853225113883093,2.984587569361434e-07,2.068629951398884e-06,4.775634478780507e-06,0.008461881502875941,0.03446262123490766,0.06249614753019309,0.43316337558713736,1.0,,0.5264007861846877
pure_arrangement,-0.06264393031597137,0.0006099267168680374,0.0016784373833110841,0.002182791090634404,3.7201059994942304e-07,2.817152049696159e-06,4.7645769453529305e-06,0.009736405646829819,0.03448152393379602,0.07807841162314712,0.5912701341603545,1.0,,0.30203437464095906
pure_arrangement,-0.06268017739057541,0.00013308434290225854,0.002127407759615106,0.0017670315336586076,1.7711442325725932e-08,4.525863775670565e-06,3.1224004409438906e-06,0.0021232285619260083,0.027990037775796096,0.005672380164144425,1.4494821728574996,1.0,,0.2549774453118824
pure_arrangement,-0.06176260486245155,0.00010304965803848917,0.0019755986542697927,0.001871897928661189,1.0619232021849557e-08,3.902990042752616e-06,3.5040018553260495e-06,0.0016684797907728468,0.029377318654350344,0.00303060114129461,1.113866431554569,1.0,,1.045222805406271
pure_arrangement,-0.06542200595140457,0.00011824423645835469,0.0016430381030187859,0.0017589554117762754,1.3981699455619298e-08,2.6995742079715706e-06,3.0939241406170466e-06,0.0018074076870432014,0.02770380409856265,0.0045190828282010865,0.8725405295273893,1.0,,1.097543453249447
pure_arrangement,-0.06332146376371384,0.00037375880465047816,0.0019247965537975587,0.0018322529227734064,1.396956440537543e-07,3.7048417735109585e-06,3.35715077301169e-06,0.005902561034362245,0.02890978151025718,0.0416113703253291,1.1035672878604006,1.0,,0.0310220780127764
pure_arrangement,-0.06603854149580002,0.0007333232538075928,0.0017783433878063718,0.0018290511354867207,5.377629945749551e-07,3.1625052049546434e-06,3.3454280562252624e-06,0.011104473799655788,0.028578889863402072,0.16074564615857492,0.945321540862243,1.0,,1.1144932080872691
pure_arrangement,-0.06409604102373123,0.00015714942801493432,0.0016431544151987918,0.0021027980577294214,2.4695942725421022e-08,2.6999564321872836e-06,4.421759671590627e-06,0.002451780570296854,0.033016614325023806,0.005585093844898454,0.6106067793630303,1.0,,0.19352925778217026
pure_arrangement,-0.06767919659614563,0.00012905671264866098,0.001837661639515546,0.0022510081287634926,1.6655635079679052e-08,3.3770003013469643e-06,5.067037595759321e-06,0.0019068889576034187,0.03562253152770821,0.0032870557529745587,0.6664644257175486,1.0,,1.9940509976537693
pure_arrangement,-0.0645945817232132,0.00017175080827677274,0.0017230191172233301,0.0017404558534278916,2.9498340143724745e-08,2.9687948783170636e-06,3.029186577731411e-06,0.002658904256284565,0.027396115391589506,0.009738040027173354,0.980063393962489,1.0,,0.6120742998070777
pure_arrangement,-0.06201976165175438,0.0006127384048777829,0.001754845293619918,0.0016306231190245234,3.7544835281216986e-07,3.079482004539976e-06,2.658931756297265e-06,0.009879728469747355,0.02593500932985462,0.14120270365080978,1.1581651154628936,1.0,,0.5235257445255436
pure_arrangement,-0.06476327031850815,0.0006856645973781757,0.0018828515867011053,0.0019293608160042405,4.701359400977757e-07,3.54513009754287e-06,3.722433158332549e-06,0.010587244807219462,0.0302400356213609,0.12629802070331103,0.9523690410953944,1.0,,0.4984714004874528
pure_arrangement,-0.06094677001237869,0.00047151709319627645,0.001969257498900938,0.0019563697411864064,2.2232836917626604e-07,3.877975096977577e-06,3.827382564229767e-06,0.0077365394934056095,0.030483042136872213,0.05808888070247245,1.0132185721962161,1.0,,1.6521331998221576
pure_arrangement,-0.06315416097640991,0.0,0.0016962598242941192,0.0016521817471737438,0.0,2.8772973915143158e-06,2.7297045256940847e-06,0.0,0.02586587105145352,0.0,1.0540691728467213,1.0,,0.43627730503297757
pure_arrangement,-0.06499382853507996,0.0006312353322387596,0.0017924169642920804,0.0017407744824575761,3.984580446665771e-07,3.212758573882037e-06,3.030295798775442e-06,0.009712234937784205,0.02717743080452905,0.13149146853175062,1.0602128594773914,1.0,,0.5409197915190758
pure_arrangement,-0.06482382863759995,0.000758038436611271,0.001670046245961453,0.0018756457645368542,5.746222713800598e-07,2.7890544636499417e-06,3.5180470340250406e-06,0.011693823899990748,0.02972328871970897,0.16333558528995204,0.7927848708887074,1.0,,0.9171529911116665
pure_arrangement,-0.06254437565803528,0.0005876315802340132,0.0019675712545696683,0.0023702996373402797,3.4531087408832347e-07,3.871336641808859e-06,5.618320370775461e-06,0.009395434426381044,0.03717390950533966,0.0614615848331665,0.6890558719196931,1.0,,0.513891482811174
pure_arrangement,-0.06647792458534241,0.0006856577983156894,0.0019175178607989648,0.0018692546461293398,4.7012661639111857e-07,3.6768747464830383e-06,3.4941129320761237e-06,0.01031406745310561,0.029229743260767844,0.13454820308620644,1.0523056403612925,1.0,,1.3521404019505256
pure_arrangement,-0.059932004660367966,0.00020805829273990074,0.0019635385375661955,0.0017573984597010206,4.328825317784224e-08,3.855483588507593e-06,3.08844934615952e-06,0.0034715723913951806,0.027579136452760257,0.014016177157534115,1.2483557787023052,1.0,,2.156609200847272
pure_arrangement,-0.06402818858623505,0.0002902271396193964,0.0020348621564466496,0.0018380731008673448,8.42317925716566e-08,4.140663995738709e-06,3.3785127241320964e-06,0.004532802598788343,0.02900235438213079,0.02493161916188871,1.2255878055934808,1.0,,0.35444879488743536
pure_arrangement,-0.062012895941734314,0.0005897256445116929,0.00189348401497673,0.0018025859474328071,3.477763357947316e-07,3.5852817149723982e-06,3.2493160978822308e-06,0.009509725929680555,0.02802809398226237,0.10703062592814462,1.103395793751533,1.0,,1.2763020834439152
pure_arrangement,-0.06473623216152191,0.00020956422380279425,0.001757617419592105,0.002122262973485554,4.391716389806764e-08,3.0892189936536093e-06,4.504000128627746e-06,0.0032372014373637822,0.03356081349271465,0.009750702185580993,0.6858834159480398,1.0,,0.7067424484036526
pure_arrangement,-0.062290266156196594,0.00027307916367197324,0.001683633984120778,0.0018574434641819774,7.457222963178434e-08,2.834623392486404e-06,3.4500962226323447e-06,0.0043839781160544536,0.028839520749987236,0.021614536180932203,0.8216070537080995,1.0,,1.1391556942351755
pure_arrangement,-0.06257607042789459,0.00032764020038381406,0.0017904632541076704,0.001928185792327252,1.0734810090754584e-07,3.2057586643098284e-06,3.7179004497326728e-06,0.005235870487606738,0.03023088850299099,0.028873312332842172,0.8622497314419302,1.0,,0.625409210640398
pure_arrangement,-0.06550180166959763,0.00013321354239152636,0.0017530801755487552,0.0020411553916748542,1.774584787649899e-08,3.0732901019020544e-06,4.1663153329633276e-06,0.0020337385994888876,0.031884875536661125,0.0042593626401958165,0.7376518233237402,1.0,,0.727719069111327
pure_arrangement,-0.06468535214662552,0.000464181044151529,0.0017338438207356675,0.001899003653311633,2.1546404174960372e-07,3.0062143947032576e-06,3.6062148752909284e-06,0.0071759838780709835,0.030063765163334144,0.05974797653515345,0.8336204299142695,1.0,,0.8001510430701708
pure_arrangement,-0.06632526963949203,0.00037204890697208087,0.0018899625073346903,0.0016850473177478882,1.3842038917912007e-07,3.5719582791308296e-06,2.8393844630493527e-06,0.0056094593960090275,0.026152854114814522,0.04875013968008535,1.2580044462505546,1.0,,1.1243280278775145
pure_arrangement,-0.061110612004995346,0.00033653749696897366,0.0022435735926345404,0.00184528105170062,1.1325748686614194e-07,5.033622465567059e-06,3.405062159765346e-06,0.0055070222000307275,0.028910823979882615,0.03326150347691359,1.4782762338511737,1.0,,1.4718832561888309
pure_arrangement,-0.06404481828212738,0.0002467867312541844,0.0019896099587542676,0.001844747560326348,6.090369072312504e-08,3.958547787974158e-06,3.4030935613300124e-06,0.0038533442341431978,0.028912192013711945,0.01789656664606141,1.163220380701805,1.0,,0.12990405846114494
pure_arrangement,-0.06447853147983551,4.395785491206463e-05,0.001728112590533647,0.0018811009463582985,1.932293008470124e-09,2.9863731255609117e-06,3.5385407703900866e-06,0.0006817440457032067,0.029368919435410312,0.0005460705793301088,0.8439561161907132,1.0,,0.22741686711768108
pure_arrangement,-0.061731141060590744,0.00042139338245038304,0.00171859623264983,0.00206120803538586,1.7757238277297477e-07,2.9535730108781886e-06,4.248578565139237e-06,0.006826269127874606,0.032551507258911754,0.04179571592014452,0.6951908657434447,1.0,,0.7715331780821661
pure_arrangement,-0.06446436792612076,0.0006594368463328166,0.0020472169167241867,0.0015910205000066121,4.3485695430137065e-07,4.1910971041216865e-06,2.53134623144129e-06,0.010229478199314117,0.025023564287279528,0.1717888090139977,1.6556791212774449,1.0,,0.5552898033616263
pure_arrangement,-0.060298796743154526,0.00020133824382938714,0.0016469306878122614,0.0023497849394021396,4.053708842830175e-08,2.712380690457768e-06,5.521489261441117e-06,0.0033390093120265166,0.03742463434308834,0.00734169469664449,0.49124077980183056,1.0,,1.0589570971821982
pure_arrangement,-0.05899816378951073,0.0005489854307563549,0.0019621375338308923,0.002069441238264389,3.013850031827406e-07,3.849983701667977e-06,4.282587038629249e-06,0.009305127405574595,0.032593578001683096,0.07037451906154522,0.8989855120143132,1.0,,2.1716665844490524
pure_arrangement,-0.0640188604593277,0.0010228517768050382,0.0015338126806841402,0.002000198459817485,1.0462257573132239e-06,2.352581339427468e-06,4.0007938786562395e-06,0.015977350572412546,0.031350019828277786,0.2615045386103778,0.5880286290124094,0.9836032793441312,,0.10834779202468009
pure_arrangement,-0.06270688772201538,0.0006968728604746438,0.0016796005362408326,0.0016565870932375069,4.856317836661123e-07,2.8210579613404927e-06,2.7442807974810925e-06,0.011113178883377796,0.02588872379793179,0.17696140428190207,1.0279771530412893,1.0,,0.7737975205623339
pure_arrangement,-0.06610497832298279,0.00031367352306349377,0.0013986413489039545,0.0022169132867441814,9.839107907106416e-08,1.9561976228638733e-06,4.914704520942889e-06,0.0047450817021815524,0.03455668439954704,0.020019734381139923,0.39802954878121044,1.0,,0.8805157913126344
pure_arrangement,-0.06134588643908501,0.00047410265674063107,0.0016740136365344055,0.0017336635621076758,2.2477332912852468e-07,2.8023216553031443e-06,3.005589346579875e-06,0.007728352857227088,0.027406168336965547,0.07478510974371769,0.9323701052147947,1.0,,1.1030199815818784
pure_arrangement,-0.06183522939682007,0.00036041290604100633,0.0014755312091545892,0.0021176105826118895,1.2989746284092324e-07,2.1771923491892045e-06,4.484274579589866e-06,0.005828601422792504,0.03342250598563222,0.028967330286185047,0.485517180214315,1.0,,0.7194863257267515
pure_arrangement,-0.06223176792263985,0.00034557478439058105,0.0017374669764254685,0.0019743952750252173,1.194219316065966e-07,3.0187914941690594e-06,3.898236702041903e-06,0.005553028556414534,0.03102270827928841,0.03063485897201757,0.7743992283967289,1.0,,0.7150451367573818
pure_arrangement,-0.06381939351558685,0.0003154048925601382,0.001520501521363393,0.0017660772090955083,9.948024625087232e-08,2.311924876468393e-06,3.1190287084865794e-06,0.0049421480710735,0.027375050694820845,0.03189462347050415,0.7412323170280113,1.0,,0.3933706624243186
pure_arrangement,-0.06584352254867554,0.0003017475505889789,0.002136106044066547,0.001794999026313186,9.10515842864484e-08,4.562949031497632e-06,3.2220215044652857e-06,0.004582797804687754,0.02839389571932319,0.028259148537731118,1.416175846490783,1.0,,1.4628105349896992
pure_arrangement,-0.06202157586812973,0.0004989288970687572,0.001713455966732043,0.0021381103718466072,2.489300443302465e-07,2.9359313499296397e-06,4.5715159621980374e-06,0.008044440827004779,0.03318444032202839,0.05445240624524869,0.6422227055985188,1.0,,1.1269462910024184
pure_arrangement,-0.061960916966199875,0.000717331366406973,0.0016825973256732471,0.0018023422678503905,5.14564289231295e-07,2.831133760362763e-06,3.248437650480089e-06,0.011577158659518909,0.028115365169233325,0.1584036218627275,0.8715370479542212,0.9998000399920016,,1.1897431204377715
pure_arrangement,-0.06402207911014557,0.0006099923416412586,0.001593055679857217,0.0018703238732996597,3.7209065686098595e-07,2.5378263991253404e-06,3.498111391034642e-06,0.00952784336465876,0.029367853217396975,0.10636901323800672,0.7254847303117822,1.0,,0.17963983771622752
pure_arrangement,-0.06678919494152069,0.0,0.001750950138457012,0.0018863286330039165,0.0,3.0658263873626297e-06,3.558235711690424e-06,0.0,0.029677914477788753,0.0,0.8616141919125803,1.0,,1.7118871995668348
pure_arrangement,-0.06087953597307205,0.0003645602150465244,0.0019316356328477088,0.0018615691732964427,1.3290415039476815e-07,3.731216218086969e-06,3.465439786967601e-06,0.005988222630471017,0.029548834676621616,0.03835130851056126,1.0766934205923493,1.0,,1.1389387195471665
pure_arrangement,-0.06739578396081924,0.0006366347659452453,0.0016398799187308322,0.001845145419273855,4.0530382521015736e-07,2.689206147856641e-06,3.4045616182672904e-06,0.009446210556959394,0.028881281715262344,0.11904728733223273,0.7898832358996278,1.0,,1.9014991671850587
pure_arrangement,-0.06436764448881149,0.0006405488189874592,0.0017391687665101558,0.0020598624361037026,4.1030278950622884e-07,3.024707998404457e-06,4.2430332556710795e-06,0.009951409968074887,0.03190643159720782,0.0967003473182383,0.7128645514059418,1.0,,0.09312726433022994
pure_arrangement,-0.06663096696138382,0.0002773481907559992,0.0015253754725618627,0.0018179672512799265,7.692201891562612e-08,2.326770332293326e-06,3.3050049267262914e-06,0.004162451835896921,0.02842319418648052,0.023274403706205586,0.7040141796696392,1.0,,1.468822975391459
pure_arrangement,-0.06561547517776489,4.487558619385861e-05,0.001633358542295787,0.0020821038185616873,2.0138182362424336e-09,2.667860127690618e-06,4.335156311269159e-06,0.0006839177202067355,0.03246087679123301,0.0004645318626706839,0.6154011380755902,1.0,,0.707711491393108
pure_arrangement,-0.06400644034147263,0.0005471680362214662,0.0018218296398581119,0.001894817065394297,2.9939285986245565e-07,3.3190632366655372e-06,3.590331711309456e-06,0.008548640313417517,0.029837754026353278,0.08338863479365306,0.9244447320036113,1.0,,0.26515971735295185
pure_arrangement,-0.06669189035892487,0.0001610669586886742,0.0014551785517839995,0.002357460488736368,2.5942565181219082e-08,2.117544617572178e-06,5.557619955953113e-06,0.0024150906177923303,0.03732881503110971,0.004667927167893224,0.3810164484716059,1.0,,1.5007606799820719
pure_arrangement,-0.06321179866790771,0.00011430283906700081,0.001850513182462701,0.0018908373965399162,1.3065139018776685e-08,3.4243990384682338e-06,3.5752660601538483e-06,0.0018082516472519192,0.02942715129030223,0.0036543123781435376,0.9578025749280538,1.0,,0.5516382750893625
pure_arrangement,-0.06555993854999542,0.0006295802919414177,0.0019344214593113843,0.002188346893863605,3.963713440010407e-07,3.7419863822443854e-06,4.7888621278824884e-06,0.009603125107588461,0.03458970354737869,0.08276942067160867,0.7813936342951254,1.0,,1.0483216871261996
pure_arrangement,-0.06211621314287186,0.00015939517344956965,0.0016789903406011187,0.0018508173633873394,2.5406821319018392e-08,2.8190085638318603e-06,3.4255249126160625e-06,0.0025660800197679313,0.02902017945765192,0.007416913310262655,0.8229420704107484,1.0,,0.8972773559818721
pure_arrangement,-0.057852279394865036,0.00012191518825222235,0.0017551296681399297,0.001618990755523265,1.4863313126574814e-08,3.0804801519849795e-06,2.6211310664697924e-06,0.002107353237028091,0.025336375070856846,0.005670572264283262,1.175248422862673,1.0,,3.735399996714344
pure_arrangement,-0.062460243701934814,0.000367767209492486,0.001730834119128657,0.0019701354354808276,1.3525272037789005e-07,2.9957867479398738e-06,3.881433634137231e-06,0.005888020726391974,0.030920149121929023,0.0348460731592424,0.7718248024626552,1.0,,0.6378426652287225
pure_arrangement,-0.06389977782964706,0.0010132202825877967,0.0015827135563101047,0.0019040853153995338,1.0266153410472944e-06,2.504982201327779e-06,3.625540888320142e-06,0.015856397580739336,0.029855534282025874,0.2831619812521178,0.6909264792455388,0.9998000399920016,,0.06467642755879839
pure_arrangement,-0.062207698822021484,0.00045073791344980965,0.0019334571744940427,0.0018488090432619093,2.0316466662108809e-07,3.738256645602487e-06,3.4180948784470168e-06,0.007245693410704476,0.028834729101355858,0.05943798339307488,1.093666729140337,1.0,,1.032958072074387
pure_arrangement,-0.0647331103682518,7.479473185700808e-05,0.0017066207543758223,0.001954054844737218,5.594251913561739e-09,2.912554399266301e-06,3.818330336240993e-06,0.0011554323812268254,0.030640320018210453,0.0014651042264376413,0.7627821960877289,1.0,,0.49084626799327297
pure_arrangement,-0.06352819502353668,0.00011579689982554166,0.0019619746531639153,0.0022206568939980315,1.340892200920653e-08,3.849344539657666e-06,4.931317040860985e-06,0.00182276388905178,0.0347992667567453,0.0027191360640778017,0.7805915757924151,1.0,,0.12839860577586926
pure_arrangement,-0.06115960329771042,0.0005124513378751091,0.002027503113170335,0.0021519527738458016,2.6260637368998925e-07,4.110768873915401e-06,4.63090074086264e-06,0.008378918603847343,0.03358721100798273,0.056707407129842985,0.8876823546750541,1.0,,1.3527234900441172
pure_arrangement,-0.06510010361671448,2.1359332539896535e-05,0.001967143737639029,0.0014561036735823755,4.562210865498829e-10,3.869654484532449e-06,2.120237908220089e-06,0.0003280998240133756,0.02281413253837295,0.0002151744786663466,1.8251039043920176,1.0,,0.8759465506111626
pure_arrangement,-0.06387685239315033,0.0006446892642015791,0.0016632621135253096,0.0016535496181865116,4.156242473767734e-07,2.7664408582886795e-06,2.7342263398047583e-06,0.01009268991893393,0.0258366378287701,0.15200798899715512,1.011781950168113,1.0,,0.07458698407774006
pure_arrangement,-0.06392107158899307,0.0006658624838160464,0.001593564834252969,0.0022041683431988867,4.4337284735367467e-07,2.539448880967693e-06,4.858358085160124e-06,0.010416948077740063,0.034952970659679,0.09125981238557919,0.5226969351486154,1.0,,0.39021451000161067
pure_arrangement,-0.06570705771446228,0.0006483459076195718,0.0016701846004076642,0.0018610171392732689,4.2035241592704633e-07,2.789516599438909e-06,3.4633847926688613e-06,0.009867218685046511,0.029126767353989082,0.12137040528006868,0.8054307466336497,1.0,,0.9743868945376636
pure_arrangement,-0.06166818365454674,0.0001669971158323909,0.0015020236629068495,0.0019154108974473354,2.7888036696336984e-08,2.256075083932109e-06,3.6687989060600068e-06,0.0027079947216846296,0.030109645328004163,0.007601407820491988,0.6149356074560519,1.0,,1.016150146886468
pure_arrangement,-0.06587664037942886,0.0008718296280397095,0.0019900225825964066,0.001895984554142311,7.600869003278581e-07,3.960189879243671e-06,3.594757429546217e-06,0.013234275807300482,0.02985533130269247,0.21144316834301874,1.1016570538790385,1.0,,1.2504913101603312
pure_arrangement,-0.06309779733419418,0.00036302852722573453,0.001842514059637048,0.0017641195020919565,1.3178971157968587e-07,3.3948580599601956e-06,3.112117617661173e-06,0.005753426309051217,0.027803174124598106,0.04234727853207837,1.0908514641909675,1.0,,0.19981307321090966
pure_arrangement,-0.06424587965011597,0.00045534471190048897,0.0012826146207445004,0.0019937807414586437,2.0733880665573928e-07,1.6451002653475587e-06,3.975161645011379e-06,0.007087531751145804,0.031228686803123025,0.05215858502658343,0.4138448728021095,1.0,,0.20130224144623726
pure_arrangement,-0.06323481351137161,0.0011267944608442028,0.0017753265041035265,0.0022239115403003347,1.2696657569891775e-06,3.1517841961724486e-06,4.945782539081008e-06,0.017819210625829862,0.03496077339973665,0.25671685864803473,0.6372670393951635,0.9966006798640272,,0.16943550489096992
pure_arrangement,-0.06369265168905258,0.00035379984371747324,0.0018892061177295668,0.0019772195559604904,1.2517432941450847e-07,3.569099755266822e-06,3.909397172472599e-06,0.005554798463168459,0.03091352247343809,0.03201883152111115,0.9129539920881082,1.0,,0.1350614454467638
pure_arrangement,-0.06507788598537445,0.000990862979559978,0.0015699847206216205,0.0017507591924815014,9.818094442624773e-07,2.4648520229853476e-06,3.065157750058479e-06,0.015225801584622212,0.02739830487863126,0.32031285967051637,0.8041517676988474,0.9974005198960207,,0.6726292564874315
pure_arrangement,-0.06596171110868454,0.00032013702860549413,0.0015439289395900342,0.0018639976364799192,1.0248771708435497e-07,2.3837165705036076e-06,3.4744871888027247e-06,0.00485337665176707,0.029118323065519487,0.029497221176881434,0.6860628463923085,1.0,,1.0445919102578294
pure_arrangement,-0.06200273334980011,0.0002846918620849253,0.0016538673772300368,0.001566580814893567,8.104945633738213e-08,2.735277301465761e-06,2.4541754495925926e-06,0.004591601800500996,0.024551702459587984,0.03302512717696561,1.114540242801236,1.0,,1.1519914098294608
pure_arrangement,-0.06324572116136551,0.0002060968922176089,0.001909201672653068,0.0016784300494185533,4.24759289817567e-08,3.645051026861272e-06,2.8171274307911676e-06,0.0032586693365670074,0.026409807011427786,0.015077744981464213,1.29388929553591,1.0,,0.1832462548822327
pure_arrangement,-0.061836134642362595,0.0003620724442214718,0.002086771865024364,0.001832195660760031,1.310964548645108e-07,4.354616816657263e-06,3.356940939307886e-06,0.005855353771958181,0.028717697397872603,0.03905235666479717,1.2971979237606341,1.0,,1.0719892346742184
pure_arrangement,-0.06300854682922363,1.67872201195936e-05,0.0017337376833842198,0.001842533912041286,2.8181075934368823e-10,3.005846354786481e-06,3.394931217022165e-06,0.00026642766679087443,0.028817288859377687,8.30092692101362e-05,0.8853924167049939,1.0,,0.5047084064410213
pure_arrangement,-0.061051707714796066,0.0005007704340741298,0.0017564818240290564,0.0018759447686472128,2.507710276427924e-07,3.085228398144441e-06,3.5191687750148443e-06,0.008202398472021227,0.029139438635508202,0.07125859646834773,0.8766923655519838,1.0,,1.773238658910978
pure_arrangement,-0.06383217126131058,0.0005655717607434718,0.0017789183700398048,0.002064977529035562,3.198714165504708e-07,3.164550567265076e-06,4.264132195421814e-06,0.008860293321813907,0.0322342974129938,0.07501442307391426,0.742132378227555,1.0,,0.11105756945034546
pure_arrangement,-0.06509939581155777,0.0003064433466354037,0.0017565974012949972,0.0019482276877605905,9.390752469710619e-08,3.0856344302363373e-06,3.795591123356977e-06,0.004707314757919729,0.030712938306753965,0.024741212012860465,0.8129522727693796,1.0,,0.8551075168834112
pure_arrangement,-0.06275515258312225,0.0008315223409719324,0.0017744968432693567,0.0021961040284941453,6.914294035354428e-07,3.148839046772912e-06,4.822872903968213e-06,0.013250264030041847,0.034567385249245464,0.14336463292792587,0.6528969577825858,1.0,,0.35332933709646436
pure_arrangement,-0.0652492493391037,0.0005185004273257854,0.0017812793963848765,0.001754456788384474,2.68842693137022e-07,3.17295628798527e-06,3.078118622308363e-06,0.007946458121397108,0.027536596065892684,0.08733993913964555,1.0308102699452777,1.0,,0.8752615793208184
pure_arrangement,-0.06645716726779938,0.0004686363902884596,0.001883962878432632,0.0019028219460728024,2.1962006630259747e-07,3.5493161273121687e-06,3.620731358456287e-06,0.007051705776143259,0.029833696705582217,0.06065627205113427,0.980276020484832,1.0,,1.4064389582705028
pure_arrangement,-0.0656513124704361,0.00022176722087107555,0.0019069956038143363,0.0017002442149933507,4.918070025288041e-08,3.636632232967205e-06,2.8908303906183555e-06,0.0033779556344885123,0.026736133280891708,0.01701265505319409,1.2579887926905737,1.0,,1.2103057460775475
pure_arrangement,-0.06604932248592377,0.00048602663564455893,0.0017862568245201073,0.0014496698532311869,2.3622189055596885e-07,3.190713443144657e-06,2.101542683367331e-06,0.007358540819977971,0.022601517924153602,0.11240404129097546,1.5182720143623885,1.0,,1.3168147802504229
pure_arrangement,-0.0610283687710762,0.00029421582743939973,0.0016400678836866272,0.0020455294013031903,8.656295311585064e-08,2.689822663100332e-06,4.184190531595788e-06,0.004820968237624605,0.03195224144649939,0.020688100234010333,0.6428537713062684,1.0,,1.4617093715587859
pure_arrangement,-0.06314383447170258,4.051176951730405e-05,0.0014896895085035227,0.0016866346433164062,1.6412034694231654e-09,2.219174831745467e-06,2.844736420035061e-06,0.00064157917960239,0.026490598425787795,0.0005769263745717917,0.7800985764853801,1.0,,0.31147478516534005
pure_arrangement,-0.06173340976238251,9.816388391474042e-05,0.002007232635547512,0.0021096942964126007,9.636148105226632e-09,4.028982853207012e-06,4.450810024315858e-06,0.001590125740544417,0.03328018908265761,0.0021650324441128714,0.9052246290440836,1.0,,0.7861264912686092
pure_arrangement,-0.06422046571969986,0.00037008869873467035,0.0015357041107660412,0.0022295367116984366,1.369656449311216e-07,2.358387115823717e-06,4.970833948811077e-06,0.00576278441128066,0.03492684661846685,0.02755385642360494,0.47444496036480877,1.0,,0.17312861644107588
pure_arrangement,-0.06383967399597168,0.0,0.0018000709503349142,0.001944059547522261,0.0,3.2402554262396413e-06,3.7793675243124583e-06,0.0,0.030441866249547294,0.0,0.8573538840547421,1.0,,0.011164605988327058
pure_arrangement,-0.061738088726997375,0.00036423576735403136,0.0014430137413777321,0.001872552417530118,1.3266769421998008e-07,2.08228865780496e-06,3.5064525563978896e-06,0.00589969295882584,0.02957344524071284,0.0378353027985261,0.59384481161897,1.0,,0.8441001453374298
pure_arrangement,-0.06099822744727135,0.00031726772962577807,0.0016344577579414019,0.0018979482739986734,1.0065881226189583e-07,2.671452162494834e-06,3.6022076507745435e-06,0.005201261461245469,0.02988978708013875,0.02794364512558077,0.7416152597200834,1.0,,1.3172079175124012
pure_arrangement,-0.06211648881435394,0.00044924541053331494,0.0017318750181123364,0.0020097596564676314,2.018214388852467e-07,2.999391078361605e-06,4.0391338767648916e-06,0.007232305288149237,0.03164404689030698,0.04996651387224971,0.7425827342875648,1.0,,0.6940991112730265
pure_arrangement,-0.06287694722414017,0.000403821142941155,0.0017834031169208955,0.0020618480119754794,1.6307151548630076e-07,3.180526677443165e-06,4.251217224487236e-06,0.006422403770679839,0.03239053172776687,0.038358782173491444,0.7481449451990275,1.0,,0.37778696151992985
pure_arrangement,-0.06185751408338547,0.0,0.0022021285240185515,0.002229462685453026,0.0,4.849370036296123e-06,4.970503865827419e-06,0.0,0.03527184935041935,0.0,0.9756294667902585,1.0,,0.6057403355542835
pure_arrangement,-0.06393276154994965,0.0002074218921335816,0.0016570645544900047,0.0019546667358452336,4.302384133627516e-08,2.745862937747158e-06,3.82072204821986e-06,0.0032443756081383434,0.030744917419478976,0.011260657224809302,0.7186764446857636,1.0,,0.18205414904650577
pure_arrangement,-0.06506354361772537,0.000334873733154233,0.0016331644502167123,0.00216815623932713,1.1214041715665242e-07,2.6672261214516564e-06,4.700901478133162e-06,0.005146872035156148,0.03436374221826244,0.023855087726957852,0.5673860926161921,1.0,,0.9082575334148115
pure_arrangement,-0.061795465648174286,0.0005071554900577005,0.001881451688238016,0.001436194567810901,2.572066910956663e-07,3.5398604551736803e-06,2.0626548366095404e-06,0.00820700167460724,0.02273704919622991,0.12469691318710703,1.7161671416591813,1.0,,0.9538567054633583
pure_arrangement,-0.0615350604057312,0.00041485730682125517,0.0019089849757303592,0.001831485744793573,1.7210658502298506e-07,3.6442236375642403e-06,3.3543400333820687e-06,0.006741803844603304,0.028940179944671046,0.051308628019281564,1.086420458658716,1.0,,0.9555972327273737
pure_arrangement,-0.06471049785614014,0.00034029723129153154,0.0019771123780880106,0.002165853724854105,1.1580220562468212e-07,3.908973355588829e-06,4.6909223574644e-06,0.0052587639187702834,0.034111958174363397,0.024686446886167834,0.8333059167710802,1.0,,0.5623608737203779
pure_arrangement,-0.06254267692565918,0.0006371823051207804,0.0018221037880338288,0.0020764839015733802,4.060012899590314e-07,3.3200622143672283e-06,4.311785393493408e-06,0.010187960228791641,0.03258167610544252,0.09416082965810345,0.7699970920114171,1.0,,0.5725884649564423
pure_arrangement,-0.062459733337163925,0.000623280123593272,0.0014376834778688907,0.001979697098529137,3.8847811246644445e-07,2.066933782537189e-06,3.919200601924684e-06,0.009978911056644177,0.03135971330592212,0.09912177301556505,0.5273865750893528,1.0,,0.3379001978187664
pure_arrangement,-0.06370995193719864,0.00034549375677382996,0.0021238466795894437,0.001992856984233563,1.1936593596969437e-07,4.5107247184031055e-06,3.971478959608491e-06,0.005422916613002573,0.03132815727479194,0.03005578958964483,1.135779583444595,1.0,,0.04898743780103152
pure_arrangement,-0.06604812294244766,8.284816067000575e-05,0.001371246215275309,0.0020688110955251206,6.863817726403087e-09,1.8803161829068596e-06,4.279979348967849e-06,0.001254360562861069,0.03235205733914022,0.0016037034683492927,0.4393283307220425,1.0,,1.0157069360343405
pure_arrangement,-0.0633966401219368,0.0005737241050514064,0.001823920401321077,0.0020933732825638976,3.2915934871703725e-07,3.3266856303552384e-06,4.382211700152348e-06,0.009049755696010202,0.03293945897651884,0.07511260779701583,0.7591339392023406,1.0,,0.07428448941856813
pure_arrangement,-0.0648847222328186,7.030936704257681e-05,0.0018085317323703767,0.0017879815220176165,4.943407093927787e-09,3.270787026990596e-06,3.1968779230764323e-06,0.001083604346648716,0.02804150764669936,0.0015463233857771546,1.02311915115077,1.0,,0.6279489123773999
pure_arrangement,-0.06499619036912918,0.0007873000669678461,0.0014732294713554678,0.0021037998148004996,6.198413954475749e-07,2.1704050752703114e-06,4.425973660754617e-06,0.012113018663041287,0.03280236213817793,0.1400463362319001,0.49037912143839174,1.0,,0.40905552129546224
pure_arrangement,-0.06507618725299835,0.0002946833296652861,0.0015652868292312903,0.0020082799145366885,8.683826478261967e-08,2.4501228577649464e-06,4.033188215131489e-06,0.00452828203532635,0.03133090874567516,0.021530922969779775,0.6074903344636169,1.0,,0.4865792912503458
pure_arrangement,-0.06131229177117348,0.00030729466157436837,0.0018171406424228717,0.001758013429344387,9.443000903210559e-08,3.3020001143450068e-06,3.0906112177552116e-06,0.005011958494737685,0.027725067672827185,0.03055382976985778,1.068397116847111,1.0,,1.1925471689602523
pure_arrangement,-0.0663326308131218,0.0005694428117610028,0.002021627272520165,0.001998734684845072,3.242651158662769e-07,4.086976828997322e-06,3.9949403404027285e-06,0.008584655919426563,0.03139789559770651,0.08116895078177509,1.0230382635915198,1.0,,1.3380433408801704
pure_arrangement,-0.06263197213411331,0.0003325000883096088,0.0016551104200464761,0.0015414793600552997,1.1055630872589766e-07,2.7393905025464223e-06,2.3761586174764966e-06,0.0053087916120161316,0.02432183799197567,0.046527326884982755,1.1528651675011836,1.0,,0.4842331412216958
pure_arrangement,-0.06296636164188385,0.0,0.002201545315433861,0.0020463085598259804,0.0,4.846801775908778e-06,4.187378722017078e-06,0.0,0.03230769798051956,0.0,1.157478723007422,1.0,,0.18166826542441594
pure_arrangement,-0.06381388753652573,0.0002557613104976089,0.0020886682686898504,0.0016951031188281954,6.541384794745433e-08,4.362535136631857e-06,2.8733745834610753e-06,0.004007925553057969,0.02664864594068823,0.022765513526837554,1.5182618937824104,1.0,,0.12066217470253919
pure_arrangement,-0.06348491460084915,0.0007909371739072252,0.001966861831144644,0.0015987425161690864,6.255816130683482e-07,3.868545462813662e-06,2.5559776330066613e-06,0.012458663272686295,0.02489324715021475,0.24475238162880977,1.513528683841804,1.0,,0.4622568057036243
pure_arrangement,-0.06017456576228142,0.0004668887831470631,0.0015929617796781755,0.0019302578553963528,2.179851358285453e-07,2.5375272315154603e-06,3.725895388319327e-06,0.007758905730894663,0.03025154410210706,0.058505436441379476,0.681051657937204,1.0,,1.8817974295568842
pure_arrangement,-0.06500594317913055,0.0003367039162732733,0.0015553648302670917,0.0018048257295558289,1.1336952723375941e-07,2.4191597552317786e-06,3.2573959140667302e-06,0.005179586662491013,0.028356700767097263,0.03480372979660984,0.7426667863077022,1.0,,0.752817018077784
pure_arrangement,-0.06354238092899323,0.00042324020371762076,0.0019787228004739753,0.001800413763326044,1.791322700429331e-07,3.915343921115571e-06,3.241489719173848e-06,0.006660754563014871,0.028279397110412635,0.055262328608769486,1.2078841089502104,1.0,,0.0682228401605859
pure_arrangement,-0.06460412591695786,0.0003233895080620192,0.0016366263685593304,0.0018700122224573142,1.0458077392459477e-07,2.678545870263701e-06,3.4969457121397436e-06,0.005005709828466746,0.029445805553823864,0.02990631898045764,0.7659672442054376,1.0,,0.5867408417961594
pure_arrangement,-0.06293649226427078,0.0,0.0019489944097080705,0.001979925049409965,0.0,3.79857920907331e-06,3.9201032012810515e-06,0.0,0.031147112346344135,0.0,0.9689997977175631,1.0,,0.31839450521202084
pure_arrangement,-0.06162779778242111,0.00042666864317119626,0.0019054317119147983,0.002069970894835068,1.8204613106554962e-07,3.6306700087705593e-06,4.2847795054642915e-06,0.00692331477878803,0.032539846271652455,0.042486697584645815,0.8473411535273729,1.0,,0.9592510840684003
pure_arrangement,-0.060835786163806915,0.00039227102616563056,0.001825841860009433,0.0013670169454286579,1.538765579690368e-07,3.3336984977627056e-06,1.868735329089098e-06,0.006448030853244808,0.021630986171818824,0.08234261726300367,1.783932933610076,1.0,,1.7273935183786016
pure_arrangement,-0.06460734456777573,0.0005529811165585309,0.0019311343115950865,0.0024031057590017443,3.057881152703195e-07,3.7292797294198286e-06,5.774917288947349e-06,0.008559106093246584,0.0377999421030617,0.05295108136969672,0.6457719726232826,1.0,,0.4298690395625465
pure_arrangement,-0.06280281394720078,0.00044044905595154004,0.0018686125661998695,0.0019431789268393145,1.9399537088860284e-07,3.491712922560062e-06,3.77594434171239e-06,0.0070132057509689275,0.030616583394641406,0.05137665000661159,0.9247257391978853,1.0,,0.3424128068048868
pure_arrangement,-0.062190018594264984,0.0006630593542027447,0.0014748735699861599,0.002008884195032736,4.3964770719576095e-07,2.1752520474437203e-06,4.035615709052323e-06,0.010661829167934844,0.031450945063115826,0.10894191590383186,0.5390136733198838,1.0,,0.838053844092579
pure_arrangement,-0.06548415124416351,0.0,0.0016290691396989765,0.0014000245477194307,0.0,2.653866261919563e-06,1.9600687342169963e-06,0.0,0.02183612758834473,0.0,1.3539659174144847,1.0,,0.9779078782064989
pure_arrangement,-0.06581057608127594,0.00013111602366173237,0.0018693482026658577,0.0016020672600121715,1.7191411660863963e-08,3.4944627028100724e-06,2.5666195056029067e-06,0.0019923245087507565,0.025034812647983285,0.006698075668534144,1.361503991994798,1.0,,1.1341578244851167
pure_arrangement,-0.06373277306556702,0.0006136186152321019,0.0014438774345266238,0.0018568254952752558,3.765278049593624e-07,2.0847820459351844e-06,3.447800919904199e-06,0.009627991780631031,0.029369146747607124,0.1092081050230199,0.6046700764825808,1.0,,0.27417463202272463
pure_arrangement,-0.06476975232362747,0.0005938868491344123,0.0016758809965641,0.0016765992397134695,3.5270158957480013e-07,2.808577114644681e-06,2.810985010607784e-06,0.009169200557800608,0.02623358875849007,0.12547259705897182,0.9991433977932943,1.0,,0.5125547723266476
pure_arrangement,-0.06174216791987419,0.0005623181833805348,0.0016709875505579385,0.001969320532516758,3.1620173936038477e-07,2.792199394119619e-06,3.878223359792086e-06,0.009107522497594877,0.030758375905230877,0.08153262719178107,0.7199686905782834,1.0,,1.15945396590696
pure_arrangement,-0.06579185277223587,0.00041901774564294674,0.001948286517852611,0.0017127090292207933,1.755758711636972e-07,3.7958203556462522e-06,2.933372218774432e-06,0.006368839422922773,0.026858611586750524,0.05985461716721825,1.2940125127496274,1.0,,1.181904867853303
pure_arrangement,-0.06329409033060074,0.0006321543504443331,0.001489125257869027,0.0018186018633809021,3.996191227856967e-07,2.217494033623496e-06,3.3073127374924895e-06,0.00998757304421999,0.028698445469970673,0.12082894921170248,0.6704821133137645,1.0,,0.041383792918835774
pure_arrangement,-0.06211446225643158,0.0003643850283970873,0.0016567322295696991,0.0015647517992157794,1.3277644891994613e-07,2.744761680494986e-06,2.4484481931490184e-06,0.005866347629200596,0.02456256767344538,0.054228816967198556,1.1210209340655357,1.0,,1.0163081992905436
pure_arrangement,-0.06266985833644867,0.0005681669737059687,0.001816348466919513,0.0020535754818894027,3.228137100101989e-07,3.299121753280865e-06,4.217172259817293e-06,0.009066032520062741,0.032614953189463,0.0765474327634377,0.782306614485745,1.0,,0.14334693116087965
pure_arrangement,-0.06606171280145645,0.0005692864912563604,0.0016170185102474372,0.0020519112509018844,3.2408710912697805e-07,2.614748862482841e-06,4.210339781577736e-06,0.00861749517405503,0.03211192675778191,0.07697409851457006,0.6210303676495722,1.0,,1.0541320940283594
pure_arrangement,-0.06335201114416122,0.00046225455241079126,0.0012881682345608559,0.0015952518473161942,2.1367927122450094e-07,1.6593774005316323e-06,2.5448284563657303e-06,0.007296604228694554,0.024842364308346226,0.08396608057804271,0.6520586471676717,1.0,,0.5409588718749643
pure_arrangement,-0.06833130866289139,0.0003967966566511452,0.0018406440384015049,0.0020052037529343916,1.574475867295268e-07,3.387970476103e-06,4.0208420907821685e-06,0.005806952397307636,0.031606469305022845,0.03915786374463135,0.8426022210297602,1.0,,2.4378979004759374
pure_arrangement,-0.06364460289478302,8.009256703687845e-05,0.002084883535660311,0.0016633809658284286,6.414819294556869e-09,4.3467393572674386e-06,2.7668362374803164e-06,0.0012584345473768944,0.026071950389867548,0.002318467283195146,1.5710143225628337,1.0,,0.0932040942032559
pure_arrangement,-0.06109948083758354,0.0004905183459066772,0.0019966504886561164,0.0014286964262025725,2.4060824767102265e-07,3.986613173850708e-06,2.0411734782440024e-06,0.008028191715909792,0.022697558058822898,0.11787741230011234,1.9530986544467275,1.0,,1.2917082693385458
pure_arrangement,-0.0646362155675888,0.0006418969409497171,0.001597530248793406,0.0019762088813559046,4.120316828006046e-07,2.552102895809922e-06,3.905401542749955e-06,0.00993091775737548,0.031262311009854146,0.10550302658775415,0.6534802805482789,1.0,,0.7197794691647524
pure_arrangement,-0.06158526986837387,0.0003376355411421955,0.0018638784820860987,0.0020646634094764705,1.1399775864238318e-07,3.4740429959835792e-06,4.262834994431003e-06,0.005482407430605136,0.03229320176945358,0.02674224050222695,0.8149607011582886,1.0,,1.1380326633745805
pure_arrangement,-0.061935219913721085,0.000484275004340388,0.0018840720069833732,0.0015537997965976128,2.3452227982888285e-07,3.549727327498356e-06,2.414293807906783e-06,0.00781905683091152,0.024526742522521464,0.09713908019845191,1.470296330907631,1.0,,0.911333663191757
pure_arrangement,-0.0631551444530487,0.0003387382397060684,0.0020575978047457865,0.001976891347534387,1.1474359503916585e-07,4.23370872609468e-06,3.908099399956323e-06,0.005363589025718971,0.03120818953148233,0.02936045972639494,1.0833165415756816,1.0,,0.0961765189066716
pure_arrangement,-0.06510280817747116,0.00016338950933770412,0.0015202431327219837,0.001843348154061515,2.66961317616157e-08,2.311139182588351e-06,3.3979324170819948e-06,0.0025097152321341045,0.028883993442020188,0.007856581145466468,0.6801604325530002,1.0,,0.6964437035621102
pure_arrangement,-0.06504202634096146,0.00140204806597229,0.001665921834241105,0.002186410953540605,1.965738779296639e-06,2.7752955578012476e-06,4.780392857762338e-06,0.021556032996612278,0.03436026806321056,0.41120862610793557,0.5805580504319346,0.8522295540891822,,0.6449261509717601
pure_arrangement,-0.06321150809526443,0.00046377988186867833,0.0016299096734826923,0.002159888884988119,2.1509177882612523e-07,2.6566055437124568e-06,4.66511999549522e-06,0.007336953283407313,0.033982312276238574,0.04610637647773783,0.5694613528221686,1.0,,0.16098087758768115
pure_arrangement,-0.06351464986801147,0.00010487751169698732,0.002230480126528212,0.001838526058058796,1.0999292459751713e-08,4.975041594837308e-06,3.380178066161216e-06,0.0016512334070160378,0.028977898339589542,0.0032540571071876506,1.471828257996875,1.0,,0.03744623525174356
pure_arrangement,-0.06338604539632797,0.0002504312603757576,0.0017979983771390306,0.0021984819987893576,6.27158161733905e-08,3.2327981641945875e-06,4.833323099000849e-06,0.0039508894869511035,0.03440546927450291,0.012975713580239485,0.6688562088602924,1.0,,0.2334136306466078
pure_arrangement,-0.06196120008826256,0.0002474407082237795,0.0022532458879208723,0.001897838052846589,6.122690408628558e-08,5.077117031432321e-06,3.6017892748325324e-06,0.003993478303701428,0.029684266281592247,0.01699902448877506,1.4096096811961285,1.0,,1.0395726168858759
pure_arrangement,-0.06442773342132568,0.0004029363225006113,0.0018010895207741314,0.0017549590673906288,1.6235767999031665e-07,3.2439234618423898e-06,3.0798813282165854e-06,0.006254081916332613,0.027614079869763435,0.0527155635845003,1.0532624851882828,1.0,,0.4984053183142052
pure_arrangement,-0.06350124627351761,9.784751528733621e-05,0.0017680008373921366,0.0017674356174551488,9.574136247905492e-09,3.1258269610192963e-06,3.123828661849063e-06,0.0015408755107872943,0.027516064183902008,0.003064872399960102,1.0006396955103967,1.0,,0.41394325386475966
pure_arrangement,-0.06527125090360641,0.0004562262074276831,0.0017799051456667343,0.0022626926245057958,2.0814235234384733e-07,3.168062327570919e-06,5.119777912992927e-06,0.006989696093023328,0.03529108676382338,0.04065456663962425,0.6187890141740403,1.0,,0.5109490532095824
pure_arrangement,-0.06419681012630463,0.0002821904248765628,0.0018586667320125852,0.0015348638069023009,7.963143589201504e-08,3.4546420206903436e-06,2.3558069057386232e-06,0.0043957078914258286,0.024082935177841415,0.033802191384207675,1.4664368341373883,1.0,,0.30255930791355024
pure_arrangement,-0.06417056918144226,5.518278840643344e-05,0.001728790187040347,0.0019508171030083227,3.0451401363092048e-09,2.988715510806998e-06,3.8056873693897847e-06,0.0008599392074956375,0.03060146964609558,0.0008001550943995359,0.7853286990534426,1.0,,0.2160315249419179
pure_arrangement,-0.06238597258925438,0.0003639144696262213,0.001579127247017911,0.0018444336782601437,1.3243374120333393e-07,2.4936428622743667e-06,3.401935593500243e-06,0.00583327396404017,0.02913692425774983,0.03892893841269734,0.733007076041867,1.0,,0.4967949682491111
pure_arrangement,-0.06479762494564056,0.0006678553311536981,0.0019191993912392332,0.0018160973603788006,4.4603074335041576e-07,3.683326303333043e-06,3.298209622374847e-06,0.01030678719650557,0.028333518685389365,0.13523420110249246,1.1167653742641428,1.0,,0.3857118997167135
pure_arrangement,-0.06282007694244385,0.0002644788381573166,0.0018122847138693908,0.001652620866758118,6.994905583304408e-08,3.28437588412466e-06,2.7311557292443534e-06,0.004210100512924138,0.026220745689880497,0.025611522288550473,1.2025589932337435,1.0,,0.1253458360769912
pure_arrangement,-0.06598755717277527,0.0005501790183878977,0.0017817080061532313,0.0017576407883444195,3.0269695227427063e-07,3.174483419190523e-06,3.0893011408519924e-06,0.008337617604897292,0.027412077521330163,0.09798233920011774,1.0275733165705685,1.0,,1.0629850953416673
pure_arrangement,-0.0646987035870552,0.00047344355287837284,0.0019391426746047473,0.0016571218569470462,2.2414879776209665e-07,3.7602743124732528e-06,2.746052848771627e-06,0.0073176667634666254,0.026115414079982063,0.0816258135244424,1.3693379259453475,1.0,,0.7512538018670064
pure_arrangement,-0.06448692083358765,0.0002823124110360985,0.0018396591832082181,0.0024245147700007763,7.970029742501504e-08,3.3843459103623283e-06,5.878271869951916e-06,0.0043778243306828455,0.03836807490302288,0.013558457177256584,0.5757382416526461,1.0,,0.5345314960762503
pure_arrangement,-0.065465547144413,0.0009780281189984892,0.001935221161409382,0.00176908687267464,9.56539001551723e-07,3.7450809435666773e-06,3.1296683630697383e-06,0.014939585196485396,0.027605734854125957,0.3056358983076088,1.1966382725271603,1.0,,0.7809183257891652
pure_arrangement,-0.06391379982233047,0.0,0.0017216715776937096,0.0016861555136387658,0.0,2.9641530214383473e-06,2.8431204161744103e-06,0.0,0.02655879520126282,0.0,1.04257034087455,1.0,,0.2527341549711002
pure_arrangement,-0.06417233496904373,0.0,0.0019076044334083498,0.0018774837811195617,0.0,3.6389546743591914e-06,3.5249453483670063e-06,0.0,0.029639447441515025,0.0,1.03234357265851,1.0,,0.4411470827186682
pure_arrangement,-0.061497922986745834,0.0007490944246440719,0.001687878606368872,0.002070344160921652,5.611424570328331e-07,2.848934189837726e-06,4.2863249446623796e-06,0.012180808525932143,0.032410771902317566,0.13091458633615854,0.6646566059779043,1.0,,1.1497367615721528
pure_arrangement,-0.061960265040397644,0.0007987268639602111,0.0015105557675992758,0.0017102280934097047,6.379646032117137e-07,2.2817787270274374e-06,2.9248801314877933e-06,0.012890952991234737,0.02697222306084862,0.21811649521760107,0.7801272614432816,1.0,,0.8459384952341564
pure_arrangement,-0.06380028277635574,0.00026237688042869933,0.0015586945809836351,0.0017597092789911834,6.884162738349598e-08,2.4295287967877496e-06,3.0965767465676707e-06,0.004112472061423773,0.027685229103145175,0.022231526300713164,0.7845853649455661,1.0,,0.135805507017419
pure_arrangement,-0.06404411047697067,0.0002588710853470796,0.0015408204304969524,0.0013934522523717213,6.701423882877498e-08,2.3741275990368134e-06,1.941709179639823e-06,0.004042074804679594,0.021731923800857398,0.034513015404915456,1.2226998893197805,1.0,,0.054504388434100375
pure_arrangement,-0.062435686588287354,0.0003398305514529867,0.002035629964767029,0.002092893809099426,1.1548480370084102e-07,4.143789353457416e-06,4.380204496166706e-06,0.0054428896360809356,0.03272948337845523,0.02636516258588074,0.9460264599709475,1.0,,0.7212631192518495
pure_arrangement,-0.06432992219924927,0.00040476168660370787,0.001788378109807339,0.0015596540874856994,1.638320229422782e-07,3.198296263638071e-06,2.43252087261085e-06,0.00629196605197249,0.024698190451498146,0.06735071620020082,1.3148073258690298,1.0,,0.7574793020110382
pure_arrangement,-0.06251389533281326,0.0006211695673571356,0.0016832033035548179,0.0016443542925879957,3.8585163141065107e-07,2.8331733610978527e-06,2.703901039552568e-06,0.009936503941245947,0.026040142782102555,0.14270183182240295,1.0478095609470517,1.0,,0.38495638265379295
pure_arrangement,-0.06055431067943573,2.3585357881927932e-05,0.0018137811400456903,0.001822110450364333,5.5626910641862e-10,3.289802023985444e-06,3.3200864933269117e-06,0.00038949098119182336,0.028552225117787173,0.0001675465707103333,0.9908784095226625,1.0,,1.7904774423931977
pure_arrangement,-0.062376756221055984,0.00038200729835583235,0.0019204432646206795,0.001670860777788759,1.4592957599712192e-07,3.6881023326269334e-06,2.7917757387528573e-06,0.00612419307284981,0.026204647645615954,0.052271238685637274,1.3210596687377487,1.0,,0.8290607560355698
pure_arrangement,-0.060748208314180374,0.0007594349021599732,0.0021397093312988482,0.001570927936227175,5.76741370618728e-07,4.578356022447365e-06,2.467814580818971e-06,0.01250135474337437,0.024677146485507822,0.2337053095890738,1.8552269113054627,1.0,,1.8530533479790687
pure_arrangement,-0.06282027810811996,0.00039229301312381296,0.00156903565022819,0.0019885822171509175,1.5389380814576008e-07,2.461872871686999e-06,3.9544592343688584e-06,0.006244687622182085,0.03135163619398806,0.03891652411238522,0.6225561387232051,1.0,,0.3057762237074777
pure_arrangement,-0.0630028024315834,0.0005524984931675274,0.0019411735389347822,0.002194692004709873,3.0525458495238835e-07,3.7681547082605865e-06,4.816672995537441e-06,0.008769427261073057,0.03463021587035233,0.0633745710442044,0.7823148284618268,1.0,,0.16961717424794173
pure_arrangement,-0.0625981017947197,0.00024951733072803615,0.0019945876466956136,0.0019061400550151552,6.225889833364416e-08,3.978379880350746e-06,3.6333699093331785e-06,0.003986020719067292,0.030078622560461347,0.017135304108100116,1.0949559168559542,1.0,,0.40596070088677794
pure_arrangement,-0.06270725280046463,7.091969264900407e-05,0.0026723471859490294,0.0018465171171893255,5.029602805429203e-09,7.141439482249697e-06,3.4096254640731773e-06,0.0011309647525888518,0.028985947563067316,0.0014751188535003438,2.094493825641029,1.0,,0.539729641541294
pure_arrangement,-0.06596619635820389,0.0003657849928010639,0.0019717764082130204,0.0021453613883670375,1.3379866095847435e-07,3.887902203985439e-06,4.6025754866961425e-06,0.005545036897607528,0.033563949682091095,0.029070389251674995,0.8447231805808544,1.0,,0.9544196562907102
pure_arrangement,-0.0651983842253685,0.000431349261902746,0.0016995409519619932,0.0019276011984329495,1.8606218574404374e-07,2.8884394473958784e-06,3.715646380200143e-06,0.006615950180785451,0.030169809845288685,0.050075321143456475,0.7773719971813606,1.0,,0.6778679518487027
pure_arrangement,-0.06423045694828033,6.327393058573762e-05,0.001856703837212452,0.002377307205567334,4.003590291768742e-09,3.4473491391194436e-06,5.651589549642366e-06,0.0009851079003950895,0.037463470642177005,0.0007084007528505127,0.6099786810133075,1.0,,0.3254875758741833
pure_arrangement,-0.06266015022993088,6.392461627279913e-05,0.0016226490259086807,0.001993611481310558,4.086356565624616e-09,2.63298986128239e-06,3.974486738413277e-06,0.0010201797480253129,0.03147876905032904,0.0010281469871644357,0.6624729265881388,1.0,,0.3369707573432736
pure_arrangement,-0.06248364597558975,0.000498717440681153,0.0017426826520478044,0.0017083176214711213,2.4871908563955936e-07,3.036942825748369e-06,2.9183490958287493e-06,0.007981567542905308,0.026849067754417026,0.08522595394603688,1.0406372664905401,1.0,,0.6691118683615777
pure_arrangement,-0.0642320066690445,0.0002088972753097895,0.001563073894102816,0.0018856702734875743,4.3638071631853984e-08,2.443199998425741e-06,3.555752380314703e-06,0.003252230253152965,0.02979840487639595,0.012272528276558949,0.6871119631253695,1.0,,0.504379502959662
pure_arrangement,-0.06417915970087051,3.876962855396334e-05,0.0017487300709415766,0.0016249588678166193,1.5030840982122894e-09,3.0580568610153314e-06,2.6404913220958693e-06,0.0006040843902391803,0.025386599067376378,0.0005692440969732967,1.1581393339282111,1.0,,0.10500604007567634
pure_arrangement,-0.06180855259299278,0.00027465542026175075,0.0020349126608135595,0.0020070691792160988,7.543559987915894e-08,4.14086953713932e-06,4.028326690159184e-06,0.004443647500862014,0.031548972403778755,0.018726286540622656,1.0279378649341098,1.0,,0.9013263538012545
pure_arrangement,-0.06750483810901642,0.00017103131234816573,0.0017955284746241176,0.0017471548218301297,2.9251709803535826e-08,3.2239225031860103e-06,3.0525499714442723e-06,0.002533615621327171,0.027574039318971597,0.009582712839159773,1.0561407784786092,1.0,,2.371013864903845
pure_arrangement,-0.06314238905906677,4.377618853153231e-05,0.0018489139871987156,0.0020197951876463408,1.9163546823482608e-09,3.4184829320590525e-06,4.079572600039316e-06,0.0006932931931128187,0.03164282660890026,0.00046974398306572415,0.8379512432322218,1.0,,0.3409611516147507
pure_arrangement,-0.06619181483983994,0.0005011462302523174,0.0017927033466150944,0.0021222878465600565,2.5114754409610865e-07,3.213785288964959e-06,4.504105703656522e-06,0.007571120862374126,0.03349398238279374,0.05575969140604806,0.7135235050891333,1.0,,1.332786625804717
pure_arrangement,-0.06312216073274612,0.00044220206527726915,0.001597690701230007,0.0017592696488298,1.9554266653548218e-07,2.552615576796831e-06,3.0950296972937274e-06,0.007005496328769783,0.02765149496880323,0.06317957682488906,0.8247467153639335,1.0,,0.2846568030772705
pure_arrangement,-0.06725700199604034,0.00029090940420652557,0.0019268010518392932,0.0018988917123756363,8.462828145579569e-08,3.7125622933690062e-06,3.605789735328876e-06,0.004325340047474201,0.029762073690584107,0.02347010992533011,1.0296114210415521,1.0,,1.8192730951189093
pure_arrangement,-0.0628400444984436,0.0003874564452802724,0.0014686204888314266,0.0017202970235757314,1.5012249698922474e-07,2.156846140215459e-06,2.959421849323521e-06,0.00616575701644942,0.027186730082352912,0.05072696784459454,0.7288065879180021,1.0,,0.254049299908268
pure_arrangement,-0.06325818598270416,7.32613922602988e-05,0.0018211654539232543,0.001904941015025812,5.3672315959173686e-09,3.316643610563493e-06,3.628800270727571e-06,0.0011581329929430744,0.03008732279875493,0.001479065034031549,0.913977999097346,1.0,,0.029164548350240422
pure_arrangement,-0.06029222905635834,0.00020226443735372316,0.0018266925540090186,0.0022212548874917825,4.0910902618018204e-08,3.3368056868719913e-06,4.933973275206132e-06,0.003354734772944883,0.03506430726950277,0.008291674951625883,0.6762918039381934,1.0,,1.3757105383846697
pure_arrangement,-0.06293641775846481,0.000506073880942898,0.0017974400789378636,0.0013622011510589101,2.561107729726064e-07,3.230790837372153e-06,1.8555919759462195e-06,0.008041034093886477,0.021403595830415217,0.13802106082184806,1.7411105885628118,1.0,,0.5191213077601515
pure_arrangement,-0.06429649889469147,2.4880226634930287e-05,0.00209267409310312,0.002011526930736213,6.190256774054945e-10,4.379284859944965e-06,4.046240593077049e-06,0.00038696083087946305,0.03166003679271252,0.00015298785704058774,1.0823095560451204,1.0,,0.3784656295190754
pure_arrangement,-0.05977330356836319,0.0002777551649799469,0.0019671338856588672,0.001820212229677925,7.714793167303752e-08,3.869615724107354e-06,3.313172561069083e-06,0.004646809669174068,0.028403890888276426,0.023285213870099086,1.1679487418122043,1.0,,2.36779903022676
pure_arrangement,-0.06461426615715027,0.0007097467005678541,0.0016531621750834598,0.0015096853114906419,5.037403789669551e-07,2.7329451771266755e-06,2.279149739730596e-06,0.010984365261406176,0.023659446281922056,0.2210211861843264,1.1991073379187975,1.0,,0.5334083037633246
pure_arrangement,-0.0655616968870163,0.00017463296586114451,0.0017647571233570473,0.0017026163776025208,3.0496672765459664e-08,3.1143677044394406e-06,2.8989025292803294e-06,0.0026636431659493617,0.026919317629212396,0.01052007525517964,1.0743264642335533,1.0,,1.358396722655235
pure_arrangement,-0.06567908078432083,0.0003031211570768507,0.0016860945305626268,0.0022583954539939517,9.18824358676088e-08,2.8429147659932046e-06,5.100350026620547e-06,0.004615185740376759,0.03540670856346551,0.018014927483024024,0.5573960122648481,1.0,,0.8389525612682498
pure_arrangement,-0.061311352998018265,0.0004878933191573062,0.0019080808845029424,0.0017508784297099143,2.3803989087833307e-07,3.6407726618055306e-06,3.0655752756234553e-06,0.007957634194976517,0.027452853297674957,0.0776493380446912,1.1876311408027962,1.0,,1.408604689257863
pure_arrangement,-0.06563757359981537,0.0006633219202259632,0.0018589199824034775,0.0015856204715890773,4.399959698522591e-07,3.455583500978945e-06,2.5141922799223677e-06,0.01010582634072002,0.025045684970752036,0.17500490052648046,1.3744308772937786,1.0,,1.468476097601295
pure_arrangement,-0.06569311022758484,0.0004258201498817313,0.001843815779863183,0.0019379731538893504,1.813228000453001e-07,3.3996566300724783e-06,3.755739945195836e-06,0.006481960564913662,0.030259610479679927,0.048278848560119186,0.9051895710780395,1.0,,0.8504912315261258
pure_arrangement,-0.06252699345350266,0.00046049521903455834,0.0014046962194396858,0.0014617818035184155,2.1205584675368584e-07,1.9731714689081462e-06,2.1368060410975517e-06,0.007364742707115757,0.0229607234924546,0.0992396327393221,0.9234209520928928,1.0,,0.7781293149783597
pure_arrangement,-0.060568198561668396,0.0005901581238825558,0.0019951704194315235,0.0015521834011695426,3.4828661118457805e-07,3.980705002574561e-06,2.409273310866249e-06,0.009743696162296749,0.02414015185725704,0.1445608555964754,1.6522430164402175,1.0,,2.403470166351947
pure_arrangement,-0.06593736261129379,0.0007585630507991498,0.001917514254815537,0.00205380143066375,5.754179020377135e-07,3.6768609174207843e-06,4.218100316596466e-06,0.01150429772678264,0.03266766173900582,0.13641636254445724,0.8716864563305593,1.0,,1.4937205188621816
pure_arrangement,-0.06489521265029907,8.32937560826133e-05,0.0018962364951262047,0.0018436230105045948,6.937849802349879e-09,3.595712845448513e-06,3.398945804862025e-06,0.0012835115670466863,0.028891866350828712,0.0020411769415168745,1.057890608407178,1.0,,0.5880105685143746
pure_arrangement,-0.0625031366944313,0.00044967556374502947,0.0014345796446395354,0.0019844396205877936,2.0220811262941008e-07,2.058018756814096e-06,3.938000607758626e-06,0.007194447951363266,0.031524201085269266,0.05134791300717954,0.5226049870991384,1.0,,0.2250423512356325
pure_arrangement,-0.0690452978014946,0.00012115803373800543,0.001654150938284419,0.0016768430328547713,1.467926913925966e-08,2.7362153266272237e-06,2.8118025568335874e-06,0.0017547615492417032,0.0264218662469343,0.005220590294857048,0.9731178741470796,1.0,,3.328326776041699
pure_arrangement,-0.061445556581020355,0.00021623903388246263,0.001682042939462489,0.001983223774111724,4.6759319774420824e-08,2.8292684501956103e-06,3.933176538201951e-06,0.0035191972522429027,0.0312442014218205,0.011888436565269661,0.7193342131266267,1.0,,1.0232744674069898
pure_arrangement,-0.06425183266401291,0.0004251837784695413,0.0014817040355324456,0.001626448076292641,1.8078124547363597e-07,2.195446848913135e-06,2.6453333448760325e-06,0.006617457601449621,0.025563297371798414,0.06833968423064953,0.8299320209173938,1.0,,0.38580185638873055
pure_arrangement,-0.06106680631637573,0.00045702927697341574,0.001879764639679857,0.0022227310240458095,2.0887576001084313e-07,3.5335151005907422e-06,4.940533205255733e-06,0.007484086765658454,0.03500739561266384,0.04227797918423893,0.7152092605777436,1.0,,1.0916201871292919
pure_arrangement,-0.06318292021751404,0.0004047777306723388,0.0016864347470939424,0.0016754986483956793,1.6384501124824848e-07,2.844062156205809e-06,2.8072957207757483e-06,0.006406442267607253,0.026240107843024527,0.05836400135393385,1.013096744727663,1.0,,0.3996793368826621
pure_arrangement,-0.06574523448944092,0.0007326523259783431,0.0016095554641196925,0.0018855636302881433,5.367794307614764e-07,2.5906687920775585e-06,3.5553502038654023e-06,0.011143808850450012,0.02979647836623122,0.15097793465686896,0.7286676820924601,1.0,,1.3066696888011315
pure_arrangement,-0.061958953738212585,0.0003440551164887826,0.0018001791006041427,0.0020190304719475355,1.1837392318210978e-07,3.24064479425194e-06,4.076484046652689e-06,0.005552952329415949,0.031767375359082674,0.029038240264747217,0.7949607448882134,1.0,,0.7913577570826547
pure_arrangement,-0.06301762908697128,0.000301013509935518,0.0018429542203591794,0.0017573230292043164,9.06091331637002e-08,3.3964802583397112e-06,3.0881842289718347e-06,0.004776655585059954,0.027685969337041247,0.02934058542027694,1.099830841202929,1.0,,0.2593639228973704
orientation_only,-1.0112956762313843,0.3752571074189693,0.18574280097669033,0.49193184700940007,0.14081789666845185,0.034500388114666394,0.24199694210207978,0.3710656697528592,1.3970322682673737,0.5818994878416756,0.1425653886986446,0.0001999600079984003,5.5066490682853674e-05,1.3399607062850174
orientation_only,-0.032685287296772,0.23662840230017698,0.29614691262971576,0.4372520262423789,0.05599300077513441,0.08770299386011252,0.19118933445306602,7.2395998894446425,2.1475188108723513,0.29286675920136024,0.45872325520146745,0.9262147570485902,,0.3909020656001959
orientation_only,0.1954713612794876,0.12851650516214683,0.46536037917125184,0.4952325540724021,0.01651649209909211,0.2165602825024113,0.24525528261307464,0.6574697404311427,1.617375782375142,0.06734408296170828,0.8829994616020818,1.0,,1.0129917070522718
orientation_only,-0.5721110701560974,0.10427738666054352,0.30537333338748757,0.4170471546017862,0.0108737733687525,0.09325287274418563,0.17392832916144618,0.18226773104056876,1.285967458103383,0.06251870193416907,0.5361568940136552,1.0,,0.5941892134103889
orientation_only,0.1815887689590454,0.4777661741007433,0.29349911481999036,0.7182060101175519,0.22826051711486173,0.0861417304001179,0.515819872968973,2.631033718877714,8.696007126063733,0.4425198195661449,0.16699963478394209,0.001999600079984003,0.00193660340693959,0.1378412985915625
orientation_only,0.6697580218315125,0.40159872840837546,0.351530052094812,0.5818046215124274,0.1612815386592241,0.12357337752578121,0.3384966176132189,0.5996176459524416,2.1123429917152814,0.4764642547876548,0.36506532442513673,0.15816836632673464,,0.677765463785984
orientation_only,0.30716127157211304,0.22618803209370947,0.3800800926654664,0.5697792780917817,0.05116102586242494,0.14446087684058953,0.3246484257427919,0.7363820019888371,2.0439476205511284,0.15758901570327685,0.44497636638793087,0.9996000799840032,,1.0283375037765496
orientation_only,-0.3637886643409729,0.2925896094479363,0.2156058074672642,0.4687023125828965,0.08560867955689593,0.046485864213611006,0.21968185782055522,0.8042845699383779,1.3163983576062064,0.3896938982864232,0.2116053855097242,0.013197360527894421,,0.016512973964002066
orientation_only,-0.9274795651435852,0.3407244043434487,0.21843186898533715,0.451733151138199,0.11609311971519791,0.04771248138842749,0.20406283983724693,0.36736594222504554,1.0894451654721655,0.5689086744445463,0.23381268939744848,0.0001999600079984003,7.659452407976852e-05,1.1352596472670324
orientation_only,1.1159824132919312,0.5317523181277396,0.2924689605607279,0.5520322263506665,0.2827605278342248,0.08553809289147263,0.30473957892967346,0.4764880806312831,1.8100189043536545,0.927875955028077,0.2806924298835917,0.0001999600079984003,0.0,2.5740696654348953
orientation_only,-0.40298789739608765,0.48326924489711415,0.37563241835854855,0.6174440446557773,0.23354916306342688,0.14109971372189165,0.38123714828088545,1.1992152816989434,5.544082005942945,0.6126086193766039,0.37011008596133216,0.0665866826634673,,0.47229860966295806
orientation_only,0.31909626722335815,0.68314798426413,0.3053354125218927,0.5140460213335858,0.46669116840414404,0.09322971413991439,0.26424331204888934,2.140883659368996,3.033341140202965,1.7661418364215724,0.35281768691525245,0.0001999600079984003,0.0,0.950423759964107
orientation_only,-0.3294845223426819,0.4127469084258873,0.3380653314846643,0.5397851993821309,0.17036001041512777,0.11428816835183596,0.2913680614720068,1.252704999589049,1.4387556640543975,0.5846900636756823,0.3922467266125399,0.041991601679664065,,0.08464572144683404
orientation_only,-0.11703087389469147,0.28954305085360893,0.29651084939412026,0.3526161755286321,0.08383517829761558,0.08791868380842267,0.12433816724443908,2.4740740730873294,0.9629202107193285,0.6742513594623137,0.7070932904743678,0.5840831833633273,,0.7066145494833638
orientation_only,0.24854083359241486,0.3969107162946536,0.24077559381370617,0.5036348812868436,0.15753811670953496,0.057972886576342815,0.2536480936488131,1.5969638089552411,3.404178296981374,0.621089299128159,0.2285563661937425,0.0001999600079984003,1.6636971154743105e-05,0.7872507286954532
orientation_only,0.1675691157579422,0.6699086563491038,0.30863365210337135,0.5974874321667262,0.44877760785146165,0.09525473121066486,0.3569912315971882,3.997805044915339,8.60267495317981,1.2571110103842573,0.2668265290004258,0.0001999600079984003,0.0,0.16421338862103466
orientation_only,-0.10733336955308914,0.4061526094784097,0.2889913131039793,0.3742314070182839,0.1649599421861216,0.08351597904956219,0.14004914599888446,3.7840292461657867,2.124321614553768,1.177871817850539,0.596333368931985,0.001799640071985603,0.002139531381889739,0.1839283544126998
orientation_only,-0.3129575848579407,0.15547069821267476,0.2571464438262944,0.3113029605337702,0.024171138002736587,0.0661242935725096,0.0969095332370901,0.49677881519710354,1.0770762322005594,0.24941961018016323,0.6823301213383814,0.9998000399920016,,0.07687576769584603
orientation_only,-0.6990763545036316,0.2471777213450324,0.22123757815115624,0.322479118243957,0.06109682592932249,0.04894606598618897,0.10399278170339997,0.35357757382673477,0.7013599671775568,0.5875102572366806,0.4706679173732374,0.17076584683063387,,0.7420176170396723
orientation_only,0.8313007354736328,0.6688968107516913,0.34213533018401815,0.6055286491377255,0.4474229434337839,0.11705658416012714,0.36666494492655866,0.8046387813798672,1.3933110063393077,1.220250121056434,0.3192467286000658,0.0001999600079984003,1.1541379462036276e-05,2.090566054799265
orientation_only,0.6667932271957397,0.598463710532459,0.36985020928912415,0.5501556287714584,0.35815881282427886,0.13678917731120896,0.3026712158689187,0.8975251789064402,6.304250180683022,1.1833263093620068,0.451939828234112,0.0009998000399920016,0.0009154061344248479,1.0533852240828308
orientation_only,-0.5425889492034912,0.0,0.27044322720269603,0.26264935149738045,0.0,0.07313953913980906,0.06898468184199451,0.0,0.9251612169807356,0.0,1.0602286940647347,1.0,,0.9849374562319261
orientation_only,0.5903440117835999,0.30176195582870147,0.28966976914324394,0.5910915339709447,0.09106027798556318,0.08390857515550025,0.34938920153212455,0.5111628979126788,41.99413797055988,0.26062705311512224,0.24015789494222617,0.40011997600479904,,0.9749225054923693
orientation_only,0.7725121378898621,0.5847835748919686,0.3603323461530339,0.6385667916690474,0.34197182946343063,0.12983939968414984,0.40776754742250054,0.7569894972644973,2.46873102281012,0.8386440549892585,0.31841523560387514,0.0003999200159968006,0.0002472904866294836,0.8046929311438664
orientation_only,0.9380932450294495,0.6355935278678411,0.4067669323753558,0.7128784222622825,0.40397913266748803,0.16545933727405732,0.5081956449271612,0.6775376874693175,3.441416218334382,0.7949283641055005,0.3255819661692936,0.0023995200959808036,,1.6065012324695718
orientation_only,-1.058651328086853,0.49950017540440034,0.2336950555928043,0.5285476791090867,0.2495004252290267,0.05461337900852389,0.27936264909160213,0.47182690103178215,1.644418591105735,0.8931058824088409,0.19549277323260322,0.0001999600079984003,0.0,1.3948261903443513
orientation_only,-0.5553039908409119,0.27814869365933304,0.29100480413097857,0.48170838449969955,0.07736669578439348,0.0846837960273092,0.2320429676973104,0.5008944618570541,0.8382828275262538,0.33341538660768577,0.3649487716334304,0.6402719456108779,,0.04013439623493042
orientation_only,-0.6957203149795532,0.3282637648385672,0.24831218644764358,0.45951161946767133,0.10775709930599013,0.061658941938409303,0.21115092842580196,0.4718329446053543,1.4652131502748755,0.5103321122448001,0.2920135961423259,0.03219356128774245,,0.8315483648231501
orientation_only,-0.558549702167511,0.1312933511201926,0.23877875500172796,0.2884688085637205,0.01723794404837018,0.05701529384017523,0.08321425351417241,0.23506117828135065,0.9465172947313523,0.20715133910844188,0.6851625945363413,1.0,,0.8797521035081521
orientation_only,-0.7204472422599792,0.2663028482263148,0.23161327046552094,0.6112928431004142,0.07091720697344765,0.05364470705573455,0.37367894002578755,0.3696354605938199,22.490573251812144,0.1897811178991079,0.14355828308663188,0.1925614877024595,,1.1341001154945587
orientation_only,-0.11251799762248993,0.28476321613269967,0.37027824733463405,0.4196681932417,0.08109008926223862,0.13710598044920844,0.17612139241875285,2.530823709537661,0.8912203121622174,0.46042157712128334,0.7784743157334352,0.9866026794641072,,0.8539452044597015
orientation_only,-1.0330541133880615,0.4948531331779382,0.2667514127028353,0.6671451370813632,0.24487962341602226,0.07115631617895837,0.4450826339313109,0.47901956612416985,2.7978592338081474,0.5501891216313199,0.15987214677519826,0.0001999600079984003,7.1533554339433215e-06,1.1910537016003844
orientation_only,-0.9886236190795898,0.2924991729036749,0.2441622135052723,0.5194122932771411,0.0855557661493339,0.05961518650379418,0.26978913040741886,0.2958650463722403,0.9846469400804706,0.3171208788883854,0.2209695639470983,0.04359128174365127,,0.8877579923333401
orientation_only,-0.6980530023574829,0.4067106886843603,0.2487238980585754,0.5358261476597383,0.1654135842901066,0.0618635774654526,0.2871096605158757,0.5826358275242801,6.178609195366636,0.5761338158837748,0.21547020519719454,0.0001999600079984003,1.0057771768645508e-07,1.1409115213744268
orientation_only,-0.3081551790237427,0.2849306982184931,0.22564755890935592,0.4173171168562692,0.081185502787278,0.05091682084175125,0.17415357602122905,0.9246338131365296,1.3868184632518834,0.4661718963346559,0.2923673576220138,0.0015996800639872025,0.0023906346387872813,1.4594946081272524
orientation_only,0.8595905900001526,0.5967032106765403,0.3153610890073269,0.5300886033281063,0.3560547216316916,0.09945261645988716,0.28099392737834233,0.6941714085963114,9.822574754906258,1.2671260370416624,0.35393155071988397,0.0001999600079984003,2.4219999342555058e-05,1.7234042461177623
orientation_only,0.3395487666130066,0.9521638835893982,0.3200655289665773,0.6883644203506246,0.9066160612120451,0.10244194283265494,0.4738455752046515,2.8042036290905057,9.882624151124734,1.913315452656664,0.21619267582779642,0.0001999600079984003,0.0,0.5944566081977616
orientation_only,-0.5159679651260376,0.3408305714455438,0.3199106401584531,0.510174368974517,0.11616547843189592,0.10234281768659126,0.2602778867585465,0.6605653732054619,7.183728069593958,0.4463132841541004,0.3932059652133729,0.3053389322135573,,0.8721526223756363
orientation_only,-0.720815896987915,0.23015330729752206,0.2603278179039928,0.44891159376013273,0.052970544859987624,0.06777057277465443,0.20152161901226245,0.3192955486404606,3.4284986118378105,0.2628529143404927,0.3362943048335208,0.7934413117376524,,1.314023910664543
orientation_only,-0.606703519821167,0.0009379766261131417,0.29336787153505767,0.3286685315169983,8.798001511345923e-07,0.0860647080490101,0.10802300360954013,0.0015460214016718105,0.8980028533917351,8.144562933231493e-06,0.7967257451949729,1.0,,0.7323612327054185
orientation_only,-0.04020538926124573,0.3094166650937652,0.25593410561002117,0.4677216110954629,0.09573867263774727,0.06550226641440147,0.21876350548573542,7.695900245692043,2.0879563804521073,0.4376354841506686,0.29942044615239805,0.02959408118376325,,0.39297712374029475
orientation_only,-0.3190576434135437,0.5256340689170628,0.43782882833592746,0.67136520603799,0.2762911744063075,0.19169408292201104,0.4507312398784327,1.6474580056863484,5.360255414115524,0.61298430186651,0.4252957549019968,0.11477704459108179,,0.28867881056396266
orientation_only,0.3167625069618225,0.30185399931776885,0.24081504307233406,0.39141083166784324,0.0911158369041316,0.057991884969930116,0.1532024391469127,0.9529347466433251,1.0140357095525274,0.5947414245588906,0.37853108144263353,0.0651869626074785,,1.7954425225703852
orientation_only,0.35825419425964355,0.44938490746394116,0.32310408711666405,0.642913600298984,0.20194679505637497,0.10439625111149282,0.4133378974494018,1.2543744488257154,25.859851477047123,0.4885755608245334,0.25256878635057256,0.01779644071185763,,0.5959053466171266
orientation_only,0.31160426139831543,0.017042038863876823,0.33146340859859463,0.34928763864598045,0.00029043108863788806,0.10986799123979889,0.12200185451088501,0.05469128948173285,5.805379951696456,0.002380546507282607,0.9005436161627892,1.0,,0.719859610675233
orientation_only,-0.2710840404033661,0.4781225775753218,0.2199659270041036,0.44703648184647343,0.2286011991872696,0.04838500904277464,0.19984161610167236,1.763742995950214,6.935326470996223,1.1439118820524619,0.24211678221296035,0.0001999600079984003,6.372452563020098e-06,0.7505918193640201
orientation_only,-0.6533210873603821,0.4524397768364813,0.19152406943661662,0.40335788689068097,0.204701751663845,0.03668146917356195,0.16269758491691538,0.6925228430395183,0.9415610624053304,1.2581732652539361,0.22545798201180453,0.0001999600079984003,7.951405810927001e-08,0.5576397374321086
orientation_only,-0.08688683807849884,0.37950531817415867,0.3214797888196483,0.47023271568509245,0.1440242865224694,0.10334925461952565,0.22111880690057698,4.3678113574727,1.2854732418997938,0.6513434498912973,0.46739242160435146,0.021595680863827234,,0.5931494978304761
orientation_only,-0.8568531274795532,0.15679741990906618,0.22251607010076635,0.351026436161479,0.02458543089014002,0.04951340145308917,0.12321955888422888,0.18299217786633776,1.063560926484952,0.19952539282533302,0.40183069880658767,0.9966006798640272,,1.5007555284059628
orientation_only,-0.6133804321289062,0.48354708987970046,0.3303694594192816,0.517534872737974,0.2338177881311271,0.10914397971698833,0.267842344499911,0.7883314572025336,5.490641279571442,0.872967971392607,0.40749337047796264,0.0001999600079984003,5.888599810916368e-06,1.3673244189428395
orientation_only,-0.3800949454307556,0.31834244802256745,0.2808725179202365,0.5627281976887706,0.10134191421300105,0.07888937132285356,0.31666302447405204,0.8375340210372831,4.814789284165534,0.32003077840022714,0.24912719586974671,0.235752849430114,,0.46775691852425905
orientation_only,-0.5545373558998108,0.6153876432046296,0.23787011897036342,0.6390065717183888,0.3787019514089484,0.05658219349897484,0.40832939869928836,1.109731628820715,9.271837533526886,0.9274422870733369,0.13856997237821822,0.0001999600079984003,1.6726249512776465e-07,0.7599581773169258
orientation_only,-0.15337921679019928,0.5139732858222665,0.28575662747057656,0.6642428992807783,0.2641685385389373,0.08165685014335788,0.4412186292449341,3.350996938035667,3.5581900978283025,0.5987248067721301,0.18507117499344672,0.0001999600079984003,2.0974828580235104e-08,0.05013343059533277
orientation_only,-0.3062742352485657,0.40735956389491557,0.2041466493930147,0.6994546768255937,0.16594181429665578,0.04167585445839446,0.4892368449331958,1.3300484239698165,2.3872224643459137,0.33918503075808765,0.08518543705367326,0.0001999600079984003,3.6163803662807583e-06,0.01897887915196694
orientation_only,0.28534865379333496,0.2071852317354781,0.3047898093345404,0.33241529030423184,0.04292572024928376,0.09289682787418549,0.11049992522804672,0.7260774809385746,4.043408215574876,0.3884683194191746,0.8406958437525416,0.9994001199760048,,1.1057262459194481
orientation_only,-0.1505735069513321,0.2973789819241041,0.2944915631111896,0.3834180664392462,0.08843425889021664,0.08672528074367179,0.1470094136720102,1.9749754651076967,1.7746165335031412,0.6015550751567553,0.5899301179253925,0.46610677864427114,,0.1707883728776306
orientation_only,-0.6214807033538818,0.48838132461996997,0.3472728798593828,0.4915409860316017,0.23851631823755648,0.12059845308582932,0.24161254094891924,0.7858350580868755,1.487134367215424,0.9871851738357516,0.499139873336814,0.0001999600079984003,0.0,0.5919175505721517
orientation_only,-0.10082673281431198,0.6650020248441857,0.2927219853416163,0.7235573363027105,0.44222769304686693,0.08568616070233744,0.5235352189174737,6.595493142368203,6.721012298677794,0.8446952125995874,0.163668379138872,0.0001999600079984003,5.5475611487432e-07,0.009438467748836277
orientation_only,-0.040533825755119324,0.5106186031740982,0.2813239823345271,0.46349762774347064,0.26073135790746715,0.07914318303655732,0.2148300509238249,12.597345393917285,6.888380889352587,1.2136633435883608,0.36839903307857125,0.0001999600079984003,1.8002754900176165e-08,0.05771992823292837
orientation_only,-0.9228273630142212,0.3101933793694483,0.18955449029328986,0.45783765129029147,0.09621993260463849,0.03593090479034892,0.2096153149390105,0.33613370366074424,2.482788570119144,0.45903102372378923,0.17141354772099235,0.0001999600079984003,0.0,1.6128484706964052
orientation_only,-0.009163759648799896,0.26123041106399036,0.3190742997082088,0.3629581128764521,0.06824132766466139,0.10180840873428383,0.13173859170283533,28.506903397253726,2.216247559815016,0.5180055956465236,0.7728062629053645,0.8062387522495501,,0.4259657004801683
orientation_only,0.03230080008506775,0.5441481633188813,0.3247694955389205,0.6805749319883594,0.29609722364331187,0.1054752252326049,0.46318223805096,16.84627507324297,2.1098035385006475,0.6392672242555528,0.2277186311729863,0.0003999200159968006,0.00012378227374460485,0.5214388300634566
orientation_only,0.4833863377571106,0.5212858324190128,0.29790525381546434,0.4799728354368793,0.27173891908078307,0.08874754025085624,0.23037392275731763,1.0784041494382197,1.7860606416346438,1.1795558969017534,0.38523257836063934,0.0001999600079984003,0.0,1.5670032694944334
orientation_only,-0.9452432990074158,0.55757888009349,0.23001817327819754,0.5559873416577114,0.3108942075263105,0.05290836003823891,0.30912192408360867,0.5898786912099713,1.7405767141092627,1.0057332829043288,0.17115693167052332,0.0001999600079984003,0.0,1.125594360907846
orientation_only,-0.4444817304611206,0.2586156839865903,0.2956285403057295,0.42140960649577464,0.06688207200385193,0.08739623384329631,0.1775860564469236,0.5818364766495431,1.717811581756289,0.37661781190485216,0.49213454925396716,0.847630473905219,,0.47261385506373776
orientation_only,-0.668805718421936,0.2236359960802821,0.2653208953763817,0.4175863966760042,0.05001305874281995,0.07039517752332489,0.17437839868884916,0.33438110638162133,1.1521480059533444,0.2868076500235582,0.4036920745495204,0.7466506698660268,,0.7336543883031761
orientation_only,0.49062061309814453,0.35669011005203827,0.2786492332970188,0.4801233419744826,0.12722783460893516,0.0776453952170164,0.23051842350874593,0.7270181898792039,5.140823438026468,0.5519204611604855,0.33682945612401566,0.007398520295940812,,0.8273423302114421
orientation_only,-0.7865250706672668,0.4603358844393964,0.24775467083231334,0.473589186647085,0.2119091265026013,0.06138237691922793,0.22428671770904748,0.5852780815350993,2.0720485841386234,0.9448135345112018,0.27367816313962595,0.0001999600079984003,4.0323507901191033e-07,1.178160810907984
orientation_only,-0.3636362552642822,0.45351595344948337,0.2250872014109877,0.47455240518104375,0.20567672003319395,0.05066424823903055,0.2251999852631135,1.247169243671478,1.363583036449314,0.9133069870892334,0.22497447404286783,0.0001999600079984003,6.922653515139578e-07,0.03291006036700591
orientation_only,-0.04791233688592911,0.0030992466341230717,0.22533884400106352,0.26463505983309876,9.605329699123189e-06,0.05077759461573564,0.07003171489286777,0.06468577480371779,0.763492900984021,0.0001371568540598657,0.7250657033518819,1.0,,1.1287192710817464
orientation_only,-0.940250039100647,0.397650342384771,0.2190748623581024,0.48925888136688034,0.1581257947987256,0.04799379531722151,0.2393742529963711,0.42291978287512244,1.6400581163735584,0.660579794273542,0.20049689854467803,0.0001999600079984003,0.0,1.312049814093638
orientation_only,0.8075075745582581,0.41835380686409257,0.3483453156208744,0.641373385967653,0.17501990771767847,0.12134445891500661,0.4113598202276121,0.5180803500115159,3.8783858852360398,0.4254667060600063,0.2949837416008806,0.15696860627874426,,1.516868037892471
orientation_only,-0.5106635093688965,0.0,0.2841883543524712,0.29732773646213767,0.0,0.08076302074956573,0.08840378286969838,0.0,1.3231817756471835,0.0,0.9135697379444198,1.0,,0.9617564394735599
orientation_only,0.06500469148159027,0.3516098988168359,0.22850705403217145,0.4491306533579652,0.12362952094598559,0.052215473742461715,0.2017183437857527,5.408992655805681,2.1773186740857744,0.6128818957451578,0.25885337328527913,0.00599880023995201,,0.6040149755441476
orientation_only,1.0713990926742554,0.4773336329233842,0.34563959414874335,0.48053418650454477,0.22784739711983612,0.11946672904330803,0.23091310439958462,0.4455236486451936,1.4467115406783746,0.9867235456917013,0.517366605736573,0.01859628074385123,,2.9208229452536254
orientation_only,0.7667093276977539,0.4137088259650028,0.3551492606599842,0.4309486464692527,0.171154992681341,0.1261309973473334,0.18571673589368096,0.5395901823801625,6.058437248041926,0.9215916479348621,0.6791579484766566,0.11477704459108179,,1.6140608674835133
orientation_only,-0.7708970308303833,0.0,0.24951158359635522,0.2153623267019013,0.0,0.06225603034876096,0.04638093176245647,0.0,0.4902968795180576,0.0,1.3422764050452896,1.0,,1.5399546152055092
orientation_only,-0.5382270216941833,0.33791362056016216,0.23894808882484508,0.41022799803746784,0.11418561496007726,0.05709618915304606,0.1682870103738287,0.6278273050961054,1.1354094072467456,0.6785171042401198,0.3392786467964103,0.0007998400319936012,0.0006224521364206557,0.4312796529213144
orientation_only,-0.401431143283844,0.41327248308750736,0.28251499302187694,0.4886457210134044,0.17079414527731404,0.07981472128215118,0.23877464066470985,1.0294978105256039,30.152280340624873,0.7152943243966396,0.3342679987286755,0.0001999600079984003,3.7773625625138404e-07,0.8546827579650702
orientation_only,-0.5756235718727112,0.09644225220212249,0.18798264896355707,0.44725312655348815,0.0093011080098178,0.03533747631135592,0.20003535921187046,0.1675439591335029,1.7422295809366994,0.04649731950622985,0.17665614944569724,0.9998000399920016,,0.7130425036840441
orientation_only,0.048075757920742035,0.35083101942389106,0.3728391435489974,0.31816142024260663,0.12308240419000661,0.13900902696234987,0.10122668933079254,7.297462059823852,0.9120469296725806,1.215908620579234,1.3732448219074984,0.6680663867226555,,1.2475397339412078
orientation_only,-0.6277936697006226,0.5152663916825335,0.32122504134240365,0.6533700193517435,0.265499454397538,0.10318552718542894,0.42689238218769776,0.8207575459119392,7.888842266847514,0.6219353295482376,0.24171320803766394,0.0007998400319936012,0.0007274224747172115,1.087616036651313
orientation_only,-0.18823789060115814,0.002614959644654009,0.2761774159012595,0.343282841628611,6.83801394316902e-06,0.07627396505389725,0.11784310935661402,0.013891781491509768,5.597353647246928,5.802642157443406e-05,0.6472501062669586,1.0,,0.3696904876409554
orientation_only,0.7135182619094849,0.5658561243417057,0.36387498430376325,0.52459721339843,0.320193153455016,0.13240500420206397,0.2752022363053979,0.7930506541309644,0.9778558948986941,1.1634831088352446,0.4811189254113882,0.003799240151969606,,2.3827714803432865
orientation_only,-0.5603958964347839,0.17991145725083493,0.42574378202386526,0.44661796229805484,0.032368132450119005,0.18125776793198448,0.19946760424726676,0.32104349513517916,0.5511617495462312,0.16227262854169733,0.9087078005273039,1.0,,0.5595949223305543
orientation_only,0.1348617523908615,0.0,0.37382025345602865,0.3583926111880885,0.0,0.13974158189392952,0.1284452637542164,0.0,15.18472565707565,0.0,1.0879465525589869,1.0,,0.44215178082111756
orientation_only,-0.34050899744033813,0.2220109051599817,0.2983135821435446,0.4142917310881137,0.04928884200995439,0.08899099329131331,0.17163763844798588,0.65199717725192,0.9150627677587068,0.2871680271043299,0.5184818090950469,0.9898020395920816,,0.270914875932922
orientation_only,-0.4529552459716797,0.1964926821479964,0.3075012560287543,0.530043245061184,0.038609374137713544,0.09455702245926148,0.28094584163499037,0.43380153755914724,28.930272410675627,0.13742639475645096,0.33656672727020315,0.997000599880024,,0.8199969431993784
orientation_only,-0.7782785892486572,0.5857948791911147,0.29232539465946406,0.6014980466335562,0.3431556404865327,0.08545413636281142,0.3617999001039838,0.7526801935495047,21.540388468729297,0.9484680354746019,0.236191708008353,0.0001999600079984003,2.057100301904132e-06,1.2474760253230845
orientation_only,-0.5115560293197632,0.40106526996611713,0.2338965395564262,0.5393912849010501,0.16085335077299442,0.05470759121647084,0.2909429582272059,0.7840104445634819,1.5133398236371782,0.5528690288746543,0.18803545392477958,0.0005998800239952009,0.00016269246913392667,0.28760494114532303
orientation_only,0.09480199217796326,0.3228349767074334,0.2571500561959841,0.3867254078972521,0.10422242218568907,0.06612615140159776,0.14955654111329603,3.405360681676439,0.8150687771909738,0.6968763880861335,0.4421481729207961,0.030193961207758448,,1.472030653748628
orientation_only,-0.7569870948791504,0.30619264162397336,0.2506109254498481,0.44458138747290643,0.093753933784667,0.0628058359548293,0.19765261008733456,0.40448858863684545,0.8262106697977558,0.47433693763639645,0.3177586975809628,0.013397320535892822,,0.49235126887631775
orientation_only,-0.9449858069419861,0.2260135835070416,0.2726953693008901,0.44188636890447563,0.051082139929694466,0.07436276443814885,0.19526356302358233,0.23917140537637394,5.688329736256313,0.26160610376409643,0.3808327743623521,0.9082183563287343,,1.96272819064656
orientation_only,-0.5023057460784912,0.32360323584539946,0.2213718756221327,0.4671658654844084,0.10471905424961324,0.04900550731646099,0.21824394587379636,0.6442355843463368,9.255340591327203,0.4798257006871063,0.22454463568395772,0.0001999600079984003,8.100640959200637e-05,0.9671735544860633
orientation_only,1.1447803974151611,0.702409212995489,0.28056563557007014,0.6480720010609301,0.4933787025009421,0.07871707586283741,0.41999731855911815,0.6135755072164782,14.047654289606427,1.17471869628495,0.1874228057762167,0.0001999600079984003,0.0,1.6952538796558805
orientation_only,-0.6008340716362,0.2730989301369091,0.2255016494849747,0.4745359580742255,0.07458302564192436,0.050850993920444384,0.22518437550542308,0.454533028383697,1.8809386657121292,0.33120870608595215,0.225819370488339,0.07058588282343531,,0.7345013299496918
orientation_only,-1.3117387294769287,0.380322000577388,0.2378627235683534,0.4517574697235179,0.14464482412318672,0.0565786752633549,0.20408481145099516,0.28993731147135215,22.479893367011368,0.7087485986575676,0.277231190606953,0.0005998800239952009,0.0002308163072292177,2.948119039336313
orientation_only,-0.17280806601047516,0.44817107931782296,0.3899034409274069,0.524603192137736,0.20085731633690238,0.15202469324703188,0.27520850920110235,2.5934615765600664,2.1487363853832933,0.7298368677624371,0.5523982295763367,0.10457908418316336,,0.7947969965614426
orientation_only,0.9908384084701538,0.7881451782268246,0.47229579286577267,0.6617908421459616,0.6211728219621931,0.22306331595870882,0.43796711874826105,0.7954326068604003,8.623154483222272,1.4183092642606279,0.5093152120557326,0.0011997600479904018,0.0008567105565823541,1.3812409536808201
orientation_only,0.6101782321929932,0.4788645735705796,0.23550272617935408,0.5704144894014764,0.22931127982093302,0.05546153403790783,0.3253726897191471,0.7847945867382559,1.3702458359059964,0.7047649881705447,0.17045540633966766,0.0001999600079984003,0.00013346289887331255,1.7995063117908956
orientation_only,-0.4216175079345703,0.2525186330810648,0.3109503795630364,0.37602396825151796,0.06376566005312943,0.09669013855039642,0.1413940246996186,0.5989282426104859,0.8017039903313993,0.4509784638254338,0.6838346864784961,0.9634073185362927,,0.12609148929460498
orientation_only,1.094083309173584,0.5409917948114646,0.21276214873997557,0.5966584378362453,0.2926721220533298,0.045267731936451484,0.3560012914411886,0.49447038472792615,2.995867291058861,0.8221097200757747,0.12715608910629392,0.0001999600079984003,0.0,2.1674776229986406
orientation_only,-0.8803256750106812,0.4503160765391787,0.20309233530085627,0.5684396286417505,0.20278456878963946,0.04124649665795543,0.3231236114103712,0.51153350325005,3.3575827412700305,0.627575830514287,0.12764928096069042,0.0001999600079984003,0.0,1.250837168816688
orientation_only,-0.3003517985343933,0.5409288563805696,0.2698257628330157,0.4818600305437552,0.29260402766519095,0.07280594228841883,0.2321890890356287,1.800984242545256,1.334238105981495,1.260197147421909,0.31356315058046064,0.0001999600079984003,3.8318336934382773e-07,0.1261738919383832
orientation_only,-0.17824998497962952,0.0,0.27507795430824744,0.21039706977969364,0.0,0.07566788094641026,0.04426692697188127,0.0,0.477237281813206,0.0,1.7093547287453486,1.0,,1.2481861680885116
orientation_only,-0.48497116565704346,0.010620086894363775,0.2589617778487301,0.22836152032073936,0.00011278624564383722,0.06706120238657502,0.05214898396319946,0.02189838828866368,0.4548989604240062,0.0021627697621765425,1.285954150782666,1.0,,0.07459121527591381
orientation_only,0.9936705827713013,0.686131621097851,0.2895413965790778,0.5595910575480141,0.470776601470365,0.0838342203329628,0.31314215168770476,0.6905020969668455,2.3987704580387863,1.5033958185861491,0.26771937243559046,0.0001999600079984003,0.0,2.1925887120641687
orientation_only,-0.7907654047012329,0.5380796171315636,0.2141488600301521,0.5682087459762555,0.2895296743724501,0.04585973425221367,0.3228611790039088,0.6804541700137487,2.7683937716921942,0.8967621169745676,0.1420416489641155,0.0001999600079984003,0.0,1.030460866820369
orientation_only,-0.4666290283203125,0.3975046966311803,0.20788523451825028,0.41378146955273093,0.1580099838438467,0.04321627073070792,0.17121510454521757,0.8518644844321975,11.326490602942826,0.9228740902477829,0.25240921848279213,0.0001999600079984003,0.0,1.0394299243714862
orientation_only,-0.2989591956138611,0.04071020765730409,0.30191585272077953,0.2605785967709027,0.0016573210075008205,0.09115318212411543,0.06790120509509272,0.13617312414061294,1.6373706084197412,0.024407829068421004,1.3424383557914668,1.0,,0.5365546311464292
orientation_only,-0.6042789816856384,0.15935079856341466,0.20426496835683233,0.33284341993577016,0.02539267700279796,0.04172417729781771,0.11078474219453945,0.2637040231300202,1.0955336857905857,0.22920734841092186,0.37662386057232966,0.9164167166566687,,0.9027081399575878
orientation_only,-1.4305592775344849,0.45567321083440626,0.2550494451801808,0.5371127628213179,0.20763807507213727,0.06505021948671806,0.2884901199855493,0.31852801767134176,2.799639174228612,0.7197406797936028,0.2254850859016471,0.0001999600079984003,1.7429282809094233e-05,2.306235586743149
orientation_only,-0.45445722341537476,0.24540188979864294,0.2924005387717404,0.4649922012289804,0.06022208751674529,0.08549807507400405,0.2162177472037726,0.539988973999309,5.52075510871119,0.2785251825789744,0.3954257972793838,0.8498300339932013,,0.7962091117875058
orientation_only,-0.40691471099853516,0.4025876463459343,0.2783128152000554,0.628524903765932,0.1620768129903591,0.07745802310458018,0.395043554653974,0.9893661631402252,5.9618196864328175,0.4102758065052477,0.19607464086441584,0.004199160167966407,,0.8151462552244113
orientation_only,0.588415265083313,0.4797332677139928,0.3211120472270408,0.6267140909073546,0.23014400815154545,0.10311294687434128,0.392770551741832,0.8152971144385045,2.5515244137133575,0.5859502631521598,0.2625271839170809,0.0023995200959808036,,0.5469669092788089
orientation_only,0.27175360918045044,0.33517762685731894,0.2785701104757944,0.5037070880730901,0.11234404154570414,0.0776013064504963,0.25372083057507167,1.2333879497245372,2.22292782132909,0.4427860388564488,0.30585311531027565,0.015396920615876825,,0.9893643783581093
orientation_only,-0.22342745959758759,0.5174255122954489,0.39662784021861425,0.5368207483685392,0.2677291607742077,0.1573136436364826,0.28817651587895854,2.315854609936386,6.7343098608608,0.9290457272606515,0.5458933499722035,0.01279744051189762,,0.2677116471144764
orientation_only,0.3780154585838318,0.3664744054039251,0.3692451746091381,0.4766010191329781,0.13430348981616044,0.13634199897213287,0.22714853143859337,0.9694693618532343,1.961907475002648,0.5912584552740885,0.6002327996956086,0.5190961807638472,,1.3028566906942114
orientation_only,-0.333346426486969,0.3074752609498114,0.2705890256973764,0.4517207818763542,0.09454103609615462,0.07321842082785543,0.2040516647789848,0.92238955188509,1.1319296903096052,0.4633191118462826,0.358822952545674,0.05818836232753449,,0.14549914457642693
orientation_only,0.030243709683418274,0.47687460202509535,0.2289685211843594,0.4217229171940603,0.22740938605659308,0.05242658369335244,0.17785021888666824,15.767728463765526,1.7768789650626777,1.2786567679261924,0.29477941619380466,0.0001999600079984003,6.236831304638786e-08,0.6344991797370342
orientation_only,-0.17584124207496643,0.007104025149639294,0.24274755078522434,0.2357310178913398,5.04671733267076e-05,0.058926373412225064,0.055569112796087165,0.040400221619286754,1.583433327047462,0.0009081874945871222,1.0604159477668373,1.0,,0.11440113443872922
orientation_only,-0.5536030530929565,0.4673919720243305,0.17226346789876273,0.4909393613488119,0.21845525551279257,0.029674702372508063,0.2410214565215793,0.8442727499659397,2.723652372001112,0.9063726469233816,0.12312058353962858,0.0001999600079984003,0.0,0.7604863400937811
orientation_only,0.042778246104717255,0.013426672276873513,0.32356874994530405,0.2814182078822016,0.00018027552843056377,0.10469673594116671,0.07919620772763004,0.31386682483443196,1.020277705910627,0.002276315162091645,1.3219917840161937,1.0,,1.1321348251504595
orientation_only,-0.17937444150447845,0.5158340601038097,0.23170401755927103,0.581979926462221,0.2660847775631808,0.053686751753106984,0.33870063480497214,2.8757389055950364,1.7008338855123666,0.7856046024726099,0.1585079749969186,0.0001999600079984003,1.8258022503447344e-08,0.27973275564945216
orientation_only,0.027780622243881226,0.3081155073770758,0.3621971474945099,0.43089841727792366,0.09493516588623287,0.13118677365315976,0.18567344601261962,11.091022536219084,7.02391333158286,0.5113017931480651,0.7065456933687945,0.9142171565686863,,0.20684217261425983
orientation_only,-0.9222061038017273,0.35570032674672936,0.23621124245583525,0.557019130822602,0.12652272244773002,0.05579575106252939,0.310270312102367,0.385705890776889,1.6955204567786117,0.4077822386241923,0.17982948701879278,0.001999600079984003,0.002125282914010681,1.0658199865293332
orientation_only,0.9425444602966309,0.5686744010028638,0.3607465205470633,0.5396850461503098,0.3233905743559659,0.13013805208681276,0.29125994903826197,0.6033396035491999,2.6371717826022443,1.1103159752097707,0.44681066695413346,0.0003999200159968006,0.00011725610535274136,2.1256654372735553
orientation_only,-0.64933180809021,0.27986516577043635,0.2789333770953477,0.4349537828696052,0.07832451101171382,0.07780382885781545,0.18918479323257967,0.4310048611257242,13.545995077318963,0.41401060663170414,0.41125836558208523,0.49750049990002,,1.4190528551978359
orientation_only,0.21955238282680511,0.5220274418499121,0.2934269392458449,0.6323339690597084,0.2725126500443634,0.08609936867518474,0.3998462484268042,2.3776897118065707,2.0303780744260105,0.6815435961111675,0.21533119046119067,0.0001999600079984003,7.147762991461635e-05,0.8397286430801381
orientation_only,-0.17545342445373535,0.3423763048763327,0.26298741939685,0.40973136615428135,0.11722153414077151,0.06916238276101468,0.1678797924106538,1.9513800083543686,2.855612774818723,0.6982468375588278,0.4119756271310803,0.0009998000399920016,0.0005859277751892026,0.07802821496653524
orientation_only,-0.2929980754852295,0.3081672583197027,0.2818612958416578,0.6423626354259305,0.09496705910028239,0.07944579009353855,0.4126297553913469,1.0517722951229347,8.270952634615618,0.2301507776874055,0.1925352911551191,0.21675664867026595,,0.5770307083802783
orientation_only,-0.19731147587299347,0.37755416808459186,0.31837861798866085,0.4015096895124496,0.14254714983804825,0.10136494439236962,0.1612100307723837,1.9134932036473034,1.3864564473916745,0.8842325080832842,0.6287756655507946,0.10517896420715857,,0.22983924423000254
orientation_only,-0.6476908922195435,0.31852619422655654,0.2574847794785093,0.4297271784731836,0.10145893640845403,0.06629841166309657,0.18466544791852338,0.49178736037959886,2.1125927212125526,0.5494202491698336,0.35901903908059846,0.013197360527894421,,1.0338621642056744
orientation_only,-0.18819747865200043,0.0029373016512811217,0.26350383589747967,0.2941960008213847,8.627740990618804e-06,0.06943427153268589,0.0865512868992962,0.01560755049600076,1.0793138919071297,9.968356681579234e-05,0.8022326879261052,1.0,,0.28681351767700264
orientation_only,-0.2772830128669739,0.3572404929202344,0.3058708219166428,0.48742256490119634,0.12762076978189205,0.09355695969996261,0.23758075677486098,1.2883605426330966,2.318173826116631,0.5371679571794171,0.39379014096086973,0.07778444311137772,,0.13750199218012624
orientation_only,0.4935178756713867,0.6456996593273538,0.3668337320585661,0.6310969317617436,0.4169280500554608,0.13456698697601588,0.3982833372790869,1.3083612390917705,1.925745466382036,1.046812685922909,0.3378674787032868,0.0001999600079984003,3.8416362539907247e-07,0.2627206931043928
orientation_only,-0.6171841621398926,0.3338798561238914,0.22843955851279,0.4095933015917069,0.11147575832531043,0.05218463189351841,0.167766672708795,0.5409728191440748,2.147456666945218,0.664469030263282,0.31105481828383835,0.0001999600079984003,8.28982744581001e-05,1.04115477475066
orientation_only,-0.21882589161396027,0.3336705569146335,0.26307206693429025,0.5177611151062659,0.11133604055172167,0.06920691240107968,0.2680765723160839,1.5248221060754337,2.7101998983578124,0.4153143245223514,0.2581609866283994,0.022595480903819236,,0.0536622404086885
orientation_only,-0.8694524765014648,0.2575653525630607,0.22274026322418936,0.5428930423078537,0.06633991084093374,0.04961322486118116,0.294732855386277,0.2962385633766456,1.0947025671605062,0.22508488493415035,0.16833286128266237,0.15116976604679064,,0.6880269350151277
orientation_only,0.9642179012298584,0.2584018100721123,0.33689442837537653,0.6316184071363697,0.06677149544854402,0.11349785587037171,0.39894181223348496,0.26799109386220815,3.642167259619648,0.16737151484504034,0.2844972684987601,0.9598080383923215,,1.2520211654591162
orientation_only,0.13369308412075043,0.17986809722120478,0.2809462358761186,0.29310477682229025,0.03235253239797677,0.07893078745295967,0.08591041019604458,1.3453807158697115,1.21305257404656,0.37658454108354755,0.91875696173307,0.9994001199760048,,1.2804938568350963
orientation_only,0.31248772144317627,0.438444185880466,0.3210326934415153,0.5988329931926311,0.19223330413238465,0.10306199025831396,0.35860095373604567,1.4030765236329263,6.236025121259268,0.5360646761522035,0.2874002123657889,0.010997800439912017,,0.682186388747899
orientation_only,-0.5493466854095459,0.2250749367903177,0.2538395824282208,0.3381158986372426,0.05065872717116551,0.06443453360733349,0.11432236091127014,0.40971383421112495,0.862539191330991,0.44312177221815463,0.5636214393555391,0.7874425114977005,,0.4653613303759992
orientation_only,0.26670968532562256,0.577218280332164,0.37031453678331566,0.7675055280667265,0.33318094314962077,0.13713285615304166,0.5890647356129846,2.164219419431452,8.33374464068336,0.5656100645761972,0.23279759907939546,0.0011997600479904018,0.0011339628990157458,0.22750789557785875
orientation_only,-0.5462640523910522,0.45529554611767153,0.2891624371603909,0.4453756439999555,0.20729403431458876,0.08361491506453704,0.1983594642683751,0.8334715493812882,3.3017497761213304,1.045042317890743,0.4215322690698956,0.0001999600079984003,0.0,0.9236545945297341
orientation_only,-0.10777983069419861,0.4272312140785054,0.28167230295683443,0.37533597257716794,0.1825265102829937,0.07933928625300671,0.14087709231044857,3.9639254517914333,0.8809830222235838,1.2956436514232064,0.5631808901774322,0.0001999600079984003,2.0942042252649874e-08,0.8479400428344378
orientation_only,-0.5678443312644958,0.27842249871894575,0.30433849029749194,0.4051672243476419,0.07751908779290136,0.0926219166765566,0.1641604796855724,0.4903148334666733,1.1092668866898205,0.47221528556312015,0.5642156800099609,0.772245550889822,,0.5000097818663052
orientation_only,-0.14452742040157318,0.7140295297779825,0.2961844983425606,0.7174263401498329,0.5098381693949667,0.08772525705843429,0.5147005535407837,4.940443327598548,20.39606698405756,0.990552984424891,0.1704394068647201,0.0001999600079984003,1.233724723287194e-10,0.15242356590632816
orientation_only,-0.8350662589073181,0.5554011012044311,0.28917422651262004,0.614412365052045,0.30847038321909465,0.08362173327917209,0.37750255432884744,0.6650982425408636,10.049133981788748,0.8171345589105128,0.22151302638955947,0.0003999200159968006,1.8862005733214735e-05,1.2596189068655033
orientation_only,0.03710967302322388,0.35519118966028407,0.26246895228157396,0.4547736453220397,0.12616078121228788,0.06888995091178714,0.20681906847949633,9.571390980405548,2.3915978790431645,0.6100055577070508,0.3330928401247333,0.0027994401119776045,,0.4997308085915448
orientation_only,-0.40913814306259155,0.34786924470905206,0.23656810643176762,0.43715678580762957,0.12101301141444634,0.05596446898071214,0.1911060553776577,0.8502488721904221,14.055045520652433,0.6332243694492269,0.29284508473641474,0.001799640071985603,0.0013152628276481369,1.0070559346467196
orientation_only,-0.16689923405647278,0.5723649155172184,0.2902246410567521,0.6647813311759738,0.32760159651503246,0.0842303422765206,0.4419342182800997,3.429404087759626,2.558637984606878,0.7412904069523696,0.1905947509661609,0.0001999600079984003,1.086914754956564e-06,0.13977409137190988
orientation_only,-0.7098579406738281,0.434891011123499,0.17054432230086103,0.35218696623962653,0.18913019155601932,0.029085365869059965,0.12403565918907183,0.6126451310957816,0.6657042056835709,1.5248049858607324,0.23449196835181194,0.0001999600079984003,0.0,0.5134026298763719
orientation_only,0.0016054362058639526,0.37408329193920126,0.3464219152245618,0.4488071405112686,0.13993830930806966,0.12000814334785345,0.2014278493739016,233.0103747335705,7.887693380896824,0.6947316855292853,0.5957872445189426,0.27074585082983404,,0.12320265776769428
orientation_only,-0.011157196015119553,0.1857617292771585,0.2900069714244529,0.3184097331529401,0.034507420064040326,0.08410404347478347,0.1013847581665265,16.649499482255713,3.338534603646246,0.3403610235708329,0.8295531300340124,0.9972005598880224,,0.264492241346845
orientation_only,-0.8774816989898682,0.2060839362950525,0.24668144443159856,0.4182592657328388,0.042470588798863264,0.060851735026859845,0.17494081337137346,0.2348583868270876,1.3398691801667664,0.24277118632519726,0.3478418435021256,0.8322335532893421,,1.3515957429483108
orientation_only,0.2431320697069168,0.17795944413853182,0.3229661401464759,0.39528624810123725,0.03166956375809522,0.1043071276811131,0.15625121793795288,0.7319455814819196,4.502398559389243,0.20268362817287708,0.6675604136572766,0.9994001199760048,,0.39297465485525196
orientation_only,-0.6580585837364197,0.41003964709900187,0.2398086599069332,0.5198928335752369,0.16813251219307399,0.05750819336635916,0.27028855840288896,0.6231050809653144,1.4930987222663976,0.6220482035442197,0.21276591841759768,0.0003999200159968006,7.756404339778511e-05,0.596010057263557
orientation_only,-0.3688626289367676,0.347909530950645,0.19043511883491543,0.4047762568289894,0.12104104172629777,0.03626553448566836,0.163843818092488,0.9431953894420828,1.3995551520328418,0.7387586735678454,0.2213420982731059,0.0001999600079984003,0.0,0.19676260977088836
orientation_only,-0.364729642868042,0.14333431382018746,0.37674932360744234,0.4936917256882205,0.020544725518303983,0.14194005283866531,0.24373152001301315,0.3929878380410263,7.373994453224094,0.08429244406799363,0.5823623174839551,1.0,,0.6031684309492745
orientation_only,-0.48258495330810547,0.28120544131666264,0.26897914133901246,0.3557617947146923,0.07907650022609901,0.07234977847547246,0.1265664545786189,0.5827066082127255,2.013155987161039,0.6247824551092194,0.5716347093418119,0.3251349730053989,,0.8597508593916066
orientation_only,-1.0020540952682495,0.0,0.292074388864513,0.244641072519261,0.0,0.08530744863057874,0.05984925436337433,0.0,0.6258370597467824,0.0,1.4253719538865959,1.0,,2.4981574292284927
orientation_only,-0.449188232421875,0.6432198704764058,0.3131850836530092,0.5643795349646679,0.41373180177568425,0.09808489662274236,0.3185242594869347,1.4319606437781687,6.4931299764151476,1.298902012807771,0.30793540429458444,0.0001999600079984003,2.000799711241434e-14,0.6418885194913505
orientation_only,-0.5759931802749634,0.3764224340559565,0.24603102844955962,0.48430689980099123,0.1416938488606109,0.060531266959948024,0.23455317319484736,0.6535189077694682,3.1561466513211838,0.6041011806858114,0.25807055234193593,0.004999000199960008,,0.872472363425818
orientation_only,-0.726335883140564,0.37994753248043234,0.21766246207870835,0.5469424615322819,0.14436012743796917,0.04737694739816515,0.2991460562269916,0.5231016961981804,40.80357210419558,0.4825740618436531,0.15837396620136485,0.0001999600079984003,2.758164492893379e-06,1.3034855663252596
orientation_only,-0.8136569261550903,0.6135877125626145,0.21715025466058188,0.6058890679934545,0.3764898810078216,0.04715423309915556,0.367101562713977,0.7541110913442395,4.3577526212732005,1.025574171421219,0.12845010179347902,0.0001999600079984003,3.321824188444907e-09,1.572390106093457
orientation_only,0.6127634048461914,0.3072449509176176,0.2720094495445444,0.5187922190525021,0.09439945986436926,0.07398914064152606,0.26914536654941923,0.501408779453366,3.8370620057335203,0.350737822740991,0.2749040103870431,0.1921615676864627,,0.9205184672668901
orientation_only,-0.7127671837806702,0.4441372940713791,0.31428413568027713,0.5317229194053106,0.19725793598504665,0.09877451794029883,0.2827292630209064,0.6231169225771304,0.8790969387178778,0.6976919682009018,0.3493607873656678,0.0005998800239952009,0.000155460691366218,0.2029551249010938
orientation_only,0.1963401585817337,0.35040273283857276,0.28938266372935734,0.4546124364050291,0.12278207518074019,0.0837423260670983,0.2066724673341166,1.7846717419895783,5.493520533169932,0.5940901406196735,0.4051934306842936,0.14357128574285144,,0.24985207460122716
orientation_only,-0.8750529289245605,0.26160643243235854,0.20467800664014607,0.34239731263152307,0.06843792548998619,0.04189308640218368,0.11723591969728893,0.2989606957305687,0.564768672647772,0.5837624310595041,0.3573400243743936,0.008798240351929614,,0.7850288405633258
orientation_only,-0.18344974517822266,0.31273866325455635,0.30320022882257447,0.4571154802504998,0.0978054714942468,0.09193037875806152,0.2089545622846451,1.7047647733210458,10.712815928968679,0.46807052416023737,0.43995391989972826,0.4143171365726855,,0.3079742128768384
orientation_only,0.8043909072875977,0.38214104867384496,0.3647730491518218,0.6159095386209064,0.14603178108154594,0.1330593773875174,0.3793445597642177,0.47506883184746923,61.38823615653841,0.3849581530108465,0.3507612642981376,0.355128974205159,,1.3223109538959124
orientation_only,-0.2963922619819641,0.013959047287070234,0.2904133462421109,0.2733163843669536,0.0001948550011626629,0.08433991167554018,0.07470184596342432,0.04709653077218211,1.6581325326394187,0.0026084362260347387,1.1290204490640683,1.0,,0.48134107700378914
orientation_only,-0.7914758324623108,0.48423014229891365,0.23546490669502246,0.5085553696243165,0.23447883071082615,0.05544372228489563,0.25862856397372513,0.6118066053797949,8.526002404271562,0.906623874440441,0.21437586565468586,0.0001999600079984003,2.9519573864450656e-12,1.4390335860495924
orientation_only,-0.6762637495994568,0.3598784261504503,0.24739834234702665,0.4292007947047496,0.1295124816085251,0.0612059397960566,0.1842133221751886,0.5321569082530331,3.1082601141138797,0.7030570866387043,0.3322557732162779,0.002599480103979204,,1.2539115000268537
orientation_only,-0.8900495767593384,0.3987586850745079,0.21379300017591724,0.5989005171172468,0.1590084889223506,0.04570744692421975,0.3586818294033057,0.44801850985243347,10.782591355576598,0.4433134769800668,0.12743173246399891,0.0001999600079984003,2.8484330973412374e-05,1.393397184451207
orientation_only,-0.39478522539138794,0.5114728505765795,0.2704564405027472,0.5190023530567431,0.26160447687693206,0.07314668620941604,0.2693634424784363,1.2955724218643394,1.3618221266512762,0.971195179530996,0.2715538735931909,0.0001999600079984003,7.289824734538204e-10,0.02635143600560198
orientation_only,0.27374255657196045,0.7136307206866398,0.332222409828967,0.6846458421541032,0.5092688055077329,0.11037172959256612,0.46873992917890117,2.606941096858804,12.229895335902077,1.086463460451997,0.23546474862063907,0.0001999600079984003,0.0,0.3180640416729216
orientation_only,-0.894686222076416,0.1863403658597425,0.2804888897779497,0.40369735964422465,0.034722731948742695,0.07867401728886683,0.16297155818371847,0.20827454504359966,30.089654495348423,0.2130600721728366,0.4827469171042551,0.9894021195760848,,2.249464070301628
orientation_only,-0.5724276900291443,0.4720193707478544,0.22305266612688385,0.3862399566598087,0.22280228636120042,0.049752491866311116,0.1491813041205709,0.824592134464743,1.8984468012506077,1.4935000580309163,0.3335035322261313,0.0001999600079984003,0.0,0.9553055831043987
orientation_only,-0.5412089228630066,0.16944451843342673,0.26640143136691935,0.3660634256302444,0.02871144482713589,0.07096972263434345,0.13400243158414948,0.31308522693428936,15.709518687528798,0.21426062562981157,0.5296151853018921,0.9994001199760048,,1.4148010222337597
orientation_only,-0.6505616903305054,0.6654221471872704,0.19525104413859642,0.5488191530105584,0.44278663396731743,0.038122970237212124,0.3012024627112267,1.0228425022217578,2.760823526116161,1.4700631262495103,0.1265692514398926,0.0001999600079984003,0.0,0.8231736864081123
orientation_only,-0.2520163059234619,0.0,0.2523148943499124,0.24876152835400145,0.0,0.06366280591080745,0.06188229798901867,0.0,0.8249042803735491,0.0,1.0287724919670038,1.0,,0.19917793677050555
orientation_only,-0.4398442506790161,0.4604070705479825,0.25252918522649825,0.4389890123742413,0.21197467061057496,0.06377098939115908,0.19271135298531178,1.0467502299671356,4.591143753119906,1.0999594332500555,0.33091454345203847,0.0001999600079984003,9.531992896866865e-08,1.2197588486838409
orientation_only,0.058371856808662415,0.49021350774428296,0.2762540774503945,0.5703383260388495,0.24030928317495417,0.07631631530796856,0.325285806148797,8.398113997832171,2.0169300811731636,0.7387635077597834,0.23461311211672986,0.001999600079984003,0.001126910821792087,0.598149025815153
orientation_only,-1.11970853805542,0.5243278029075902,0.29928918990717995,0.5929988690139247,0.27491964490190074,0.08957401919529602,0.35164765865179387,0.46827168418147636,7.713083288278893,0.7818042808984825,0.2547266190786539,0.0005998800239952009,0.0004478840858722648,2.0178634529924673
orientation_only,-0.5230787396430969,0.8145465447056089,0.2785352950119539,0.5619771802444418,0.6634860734918466,0.0775819105673962,0.3158183511154938,1.557215927493792,2.712961464800119,2.1008471203410592,0.2456535862889891,0.0001999600079984003,3.0856749300067765e-07,0.5621819962063888
orientation_only,-0.6502240300178528,0.00608742392718667,0.2010215419859399,0.333007648075905,3.705673006928478e-05,0.04040966034240501,0.1108940936770458,0.0093620408446294,1.020123389236777,0.00033416324387125794,0.36439867086239136,1.0,,0.9723062961604412
orientation_only,-0.06694252789020538,0.018624573926187545,0.3195492713427898,0.29667912124128953,0.00034687475393202494,0.10211173681570791,0.08801850098050379,0.2782173681390448,1.5860603308930266,0.003940930032526436,1.1601167445276737,1.0,,0.8561325379058061
orientation_only,0.2828595042228699,0.27357741725184304,0.38083924224240756,0.3192225413779982,0.07484460323018903,0.1450385284317712,0.1019030309238278,0.9671848149613056,1.189198460702306,0.7344688627184714,1.423299455540111,0.9744051189762047,,1.726991289704068
orientation_only,0.5269404649734497,0.5630164463648734,0.30217167215913976,0.5560541188268131,0.3169875188773303,0.09130771945545063,0.3091961830642636,1.0684631069152022,3.9100203706344048,1.0251986804489346,0.2953067484551488,0.0003999200159968006,0.0003645565327931545,0.6918892662329201
orientation_only,-0.11478268355131149,0.0008513673695112054,0.2525795975925014,0.2108470987732839,7.248263978684294e-07,0.06379645311998997,0.04445649906111093,0.007417210882080634,0.4121853751005601,1.6304171789867354e-05,1.4350309733632844,1.0,,1.8817046187982838
orientation_only,-1.008283257484436,0.2753624373300374,0.30186835263975703,0.47026889008448325,0.07582447189233878,0.09112450232544071,0.2211528289812918,0.27310027741315335,3.339885481301466,0.3428600585469023,0.4120431230529242,0.6944611077784443,,1.8446454340044132
orientation_only,-0.09106264263391495,0.26306055600544437,0.35371979671569054,0.3147671183881345,0.06920085612589354,0.12511769458858943,0.09907833881836986,2.888786755980562,1.158034439476689,0.6984458656775863,1.262815829178917,0.9856028794241152,,0.5742305394812386
orientation_only,-0.14676889777183533,0.5339339859858822,0.4428801858245016,0.48592321181563564,0.28508550139077216,0.19614285899594508,0.2361213677812231,3.637923252758413,1.9147572055046598,1.207368498961587,0.830686611885461,0.14437112577484504,,0.2202180870217585
orientation_only,-0.7156883478164673,0.462649883296731,0.21800443310150996,0.524405121149552,0.21404491451447882,0.04752593285191073,0.2750007310878763,0.6464404299836023,6.433478627390141,0.7783430744628853,0.17282111456177857,0.0001999600079984003,1.2719957480310184e-06,1.2093254122615624
orientation_only,-0.7054991722106934,0.3633214056101411,0.25525004240072663,0.46451825671133395,0.13200244377452866,0.06515258414557275,0.21577721081813678,0.514984878680534,1.8907951731816683,0.6117534065531327,0.3019437682901797,0.010997800439912017,,0.9898979674667066
orientation_only,-0.35440969467163086,0.0,0.20407760707074102,0.20004809627871367,0.0,0.04164766970771977,0.04001924082473749,0.0,0.4001052008898182,0.0,1.0406911487929997,1.0,,0.7277202361915538
orientation_only,-1.3349967002868652,0.5326756979535328,0.1991597725721488,0.7245657402156984,0.2837433991902833,0.03966461501099004,0.524995511894323,0.39900899967698117,4.700466005832225,0.5404682378454282,0.07555229351936665,0.0001999600079984003,2.0561604467915606e-11,1.6297335011326304
orientation_only,0.010981202125549316,0.3260403729783593,0.3202479182947254,0.49051367232508153,0.10630232481186766,0.1025587291721051,0.24060366273783743,29.6907723991147,31.666230713196573,0.44181507298039363,0.4262558932191046,0.4553089382123575,,0.053966530012574565
orientation_only,0.33060359954833984,0.3946638312862219,0.3903687261405026,0.4774891894098229,0.15575953972551942,0.15238774234855873,0.2279959260032497,1.1937674962565414,1.2529989532980967,0.6831680831143419,0.6683792338744978,0.4563087382523495,,1.4904644983682938
orientation_only,0.5002653002738953,0.6048200555184727,0.2867611577216522,0.5269579310748206,0.3658072995573684,0.08223196157786229,0.2776846611226554,1.208998615709172,14.076921935335793,1.3173478797080138,0.29613433181870935,0.0001999600079984003,0.0,1.020384060222805
orientation_only,-0.24170152842998505,0.21675601565734473,0.2779627285253068,0.3377632230660766,0.04698317032364707,0.07726327844923339,0.11408399485598422,0.8967920768450316,0.9017119791385859,0.4118296381798081,0.6772490615074266,0.9588082383523295,,0.3934069992149621
orientation_only,-0.5830734372138977,0.2877478050139551,0.2643044151367311,0.317074920282798,0.0827987992903491,0.06985682386076948,0.1005365050723427,0.49350182438236534,1.0024279519181318,0.8235695007576587,0.6948403846990986,0.2349530093981204,,0.8413358418265663
orientation_only,-0.11703166365623474,0.17511484642487485,0.35668853055253913,0.375340070531987,0.030665209438407504,0.12722670782772963,0.14088016854695695,1.4963031452688897,1.5363089691055722,0.21766874468343955,0.903084579894746,1.0,,0.33910905724217755
orientation_only,-0.4925374984741211,0.4958729635909987,0.28599094677637754,0.5950808450520713,0.24588999602051992,0.08179082163804881,0.3541212121478872,1.006772002390094,18.636946955311842,0.6943667523588842,0.23096843349754356,0.0003999200159968006,5.56530855152961e-05,0.8813385117582435
orientation_only,0.38907110691070557,0.045478873367862875,0.24647330391158973,0.25313714628403555,0.002068327922810107,0.06074908954109487,0.06407841482882522,0.11689090389922113,18.243374631526773,0.03227807567236642,0.9480429518017247,1.0,,1.5918117063811732
orientation_only,0.6399708390235901,0.17429451351268022,0.2571064819742798,0.4159048909142804,0.03037857744062187,0.06610374307319067,0.17297687828641947,0.2723475866159825,1.5934081074419426,0.17562218570230095,0.3821536365324759,0.9914017196560688,,0.9111576285771514
orientation_only,-0.6415624022483826,0.10149468088047445,0.2652169762549528,0.3671987796674369,0.010301170247029345,0.07034004449382018,0.13483494378925487,0.158199234438898,1.493787653103033,0.07639837239172903,0.5216751868399981,1.0,,1.077740912219533
orientation_only,0.25392335653305054,0.40472694174083834,0.32067726511399636,0.5237265088815868,0.16380389737089193,0.1028339083609923,0.27428945610529476,1.5938941075243673,1.4031153753757535,0.5971935622199439,0.3749101763558721,0.05718856228754249,,1.197539376633408
orientation_only,1.080642580986023,0.6483260474375501,0.31374664413422315,0.6338999208955959,0.4203266637859964,0.09843695670548687,0.4018291097114427,0.5999449390990965,5.220718907897252,1.0460333849079202,0.2449721892377966,0.0001999600079984003,1.79367415123188e-07,1.896297168728771
orientation_only,-0.5669971108436584,0.002044164184730333,0.21137021865885425,0.2584541807210829,4.178607214134226e-06,0.04467736933589186,0.06679856353220617,0.0036052462096124904,0.8901119983956837,6.255534540229383e-05,0.668837276932627,1.0,,1.0703471444946668
orientation_only,0.08670534193515778,0.24248219894324657,0.3097320633056212,0.4367438648417737,0.058797616804352214,0.09593395103955735,0.1907452034769295,2.7966235243566175,2.3645893104479825,0.308252138101411,0.5029429274805355,0.9718056388722256,,0.6214331742498801
orientation_only,-0.03171314671635628,0.02688097181573617,0.3083149052606914,0.23039778622449358,0.0007225866457584024,0.09505808080590912,0.05308313989714744,0.8476286524374486,4.92015382368856,0.013612356901993139,1.7907396018790762,1.0,,0.06560048954228043
orientation_only,0.13309092819690704,0.4197280033802519,0.2247491379949494,0.5439011252317164,0.17617159682157277,0.0505121750294728,0.2958284340283272,3.153693561737487,1.6914918982676648,0.5955194854755016,0.17074820814768596,0.0015996800639872025,0.0008379279572021602,0.8358909984441857
orientation_only,0.7113240957260132,0.433407916308378,0.32040815665659633,0.44768087157020914,0.18784242191877,0.10266138685207797,0.2004181627698621,0.6092973918815727,0.7860514054420301,0.9372524891093195,0.5122359442540289,0.020595880823835233,,2.861090271794352
orientation_only,-0.8127791285514832,0.3403165292670566,0.28962687804894316,0.33140137247285417,0.11581534009237537,0.08388372848837738,0.10982686967689141,0.41870726906282785,1.4475113084793199,1.0545264599920032,0.7637814747444022,0.11357728454309138,,1.7617112000292028
orientation_only,-0.9468210339546204,0.4476797138070884,0.2405441547001699,0.5569702995122328,0.20041712615439655,0.05786149036041927,0.3102159145387463,0.4728240055433168,3.2290686295638547,0.6460568809062961,0.18652005796173396,0.003199360127974405,,1.3902620533945529
orientation_only,-0.3503066897392273,0.5717420406533666,0.3247148287184918,0.661876810207122,0.32688896105047593,0.10543971998967944,0.4380809118899545,1.6321185332743107,5.518758542747066,0.7461839860591555,0.24068549240092385,0.0011997600479904018,0.0005611812225365728,0.34806250044574655
orientation_only,0.25096964836120605,0.3172825434062859,0.2915080228212955,0.4845061788206694,0.1006682123503617,0.08497692736918093,0.23474623731540648,1.2642267520319412,2.397256913745336,0.4288384491339185,0.36199484320170555,0.23455308938212358,,0.9351340461646941
orientation_only,-0.5332115888595581,0.48589824300265955,0.22087455554396207,0.5186526151503412,0.23609710255307156,0.04878556928674278,0.26900053520228795,0.9112672214081222,7.637141156236211,0.8776826498710382,0.1813586327999538,0.0001999600079984003,2.8040201119083296e-07,0.8971317122168896
orientation_only,-0.3937048316001892,0.8759405899762189,0.378330929742001,0.5665963036727997,0.7672719171678865,0.14313429239944692,0.32103137133567944,2.2248662441251024,2.019314378199773,2.3900216168145305,0.44585764875228245,0.0001999600079984003,0.0,0.1996419228468882
orientation_only,-0.779924750328064,0.49137249353149565,0.22784813716085087,0.462465320956437,0.24144692739935975,0.051914773607669905,0.2138741730873403,0.6300255163396302,2.1658995648226806,1.1289204484767756,0.24273512251743154,0.0001999600079984003,2.522127352091382e-05,1.2247483117031173
orientation_only,-0.4821966290473938,0.30906729676906586,0.27606846988651756,0.39436898253230585,0.09552259393213784,0.07621380006548305,0.15552689438356615,0.6409569834190784,1.5873148124497145,0.6141869823270341,0.4900361469156696,0.20575884823035392,,0.5927094940399038
orientation_only,0.78951495885849,0.2536163150817654,0.28038504794126007,0.5546215506919865,0.06432123527565331,0.07861577510902272,0.30760506449198377,0.3212305381122269,204.5351308831453,0.20910330388051698,0.2555737345835262,0.7680463907218557,,1.4186310248515985
orientation_only,-0.6260107159614563,0.2010879348234358,0.3633960840410617,0.47847064868108996,0.04043635753155436,0.1320567138963784,0.22893416164930303,0.32122123423174254,6.999376275491774,0.17662876191233326,0.5768327144581938,1.0,,1.1654877402765864
orientation_only,1.3302316665649414,0.35847723436858153,0.32501457643648934,0.6351223274363981,0.12850592756054693,0.10563447489619057,0.4033803708082272,0.2694848148475353,3.3931081575782183,0.3185725852328112,0.2618731166430771,0.2881423715256949,,1.7997345019164677
orientation_only,-0.2597930431365967,0.5686736792508675,0.17422924080217567,0.5934714894070167,0.32338975347271853,0.03035582835050251,0.3522084087389827,2.1889488355231452,3.420416476796094,0.9181772650759701,0.08618711989070892,0.0001999600079984003,0.0,0.14538945633294983
orientation_only,-0.29476994276046753,0.5987558449525529,0.3511941915920427,0.574295355436358,0.35850856186484553,0.12333736020798838,0.32981515527577276,2.0312649225538806,27.494865864572006,1.086998447858107,0.37395904413446573,0.0001999600079984003,0.00020551700076078293,0.47690195143150244
orientation_only,-0.3847575783729553,0.0,0.31245386876240755,0.2476173824184247,0.0,0.0976274201045958,0.06131436807575239,0.0,1.0933839502295817,0.0,1.5922437622447567,1.0,,0.6392473267711813
orientation_only,-0.34042590856552124,0.1852814977476833,0.22705589646631874,0.3410989359390621,0.03432923340762477,0.05155438012012365,0.11634848409876038,0.5442637974542482,1.0666126961438405,0.29505527015276795,0.4431031527352141,0.8618276344731054,,0.06047944772664673
orientation_only,-0.22052760422229767,0.6603514223757019,0.3371787289705699,0.5685429565685893,0.43606400103361265,0.11368949527020902,0.3232410934637529,2.9944161625682475,1.3739344019920239,1.3490363999233015,0.3517173328797619,0.0001999600079984003,1.4306230379226521e-05,0.3399547422716171
orientation_only,0.28056013584136963,0.46214986728328317,0.3620717874207668,0.4840466558864414,0.21358249982995622,0.13109597924606894,0.23430116507484705,1.6472399612202406,0.9752264801860944,0.9115725043950494,0.5595191095366111,0.03839232153569286,,1.605016666942851
orientation_only,-0.3236203193664551,0.33670240862574025,0.26567016358507406,0.3596707336485426,0.11336851197437496,0.07058063581932,0.12936303664328086,1.0404241899423858,1.8349447837290973,0.8763593907198478,0.5456012602266473,0.020995800839832032,,0.35479275880751315
orientation_only,-0.4275817275047302,0.4003524766749313,0.2716721537428392,0.4682467616072946,0.16028210557975142,0.07380575911927285,0.2192550297557186,0.9363180204432433,2.845382111485785,0.731030461460011,0.3366205974909812,0.0005998800239952009,0.0006349337622398716,0.5617080461600232
orientation_only,-0.5833796262741089,0.4268212191491921,0.32711829376175444,0.5083191785206321,0.18217635311600264,0.10700637811360149,0.25838838725189023,0.7316354564440073,6.122420905312445,0.7050485319930722,0.41412998181410604,0.011397720455908818,,1.3109980912991714
orientation_only,-0.5450706481933594,0.5210786839991974,0.2856964608753257,0.5062946947798438,0.2715229949183355,0.0816224677566865,0.2563343179622152,0.9559837531635881,2.2282811595834913,1.0592533886093207,0.31842192807253383,0.0001999600079984003,0.0,0.6278113129040221
orientation_only,-0.7754337787628174,0.3191964866191022,0.2742083174114602,0.5621334931485101,0.10188639706997869,0.07519020133762411,0.31599406411934605,0.4116360356758912,7.786597711694759,0.32243136387365107,0.2379481448399168,0.15496900619876025,,1.2510219488547645
orientation_only,-0.6388700008392334,0.2285102242853005,0.2645390557027207,0.4408976579338562,0.05221692260291833,0.06998091199208717,0.19439074477155968,0.35767875152241385,1.0557090885582836,0.26861835765011133,0.3600012545572886,0.8624275144971005,,0.5017904366808059
orientation_only,-0.49231451749801636,0.18815639001459322,0.2825949447754906,0.5006032549815241,0.035402827103323715,0.07985990281266257,0.2506036188980969,0.382187368698408,1.598441809443279,0.14127021492742126,0.31867018985522333,0.9892021595680864,,0.35783324029230934
orientation_only,-0.48339158296585083,0.004714077938901577,0.3235505951532735,0.27044551650541787,2.222253081403854e-05,0.10468498762403748,0.07314077739788225,0.009752089413676453,1.1724627274804311,0.00030383230264492624,1.4312807622286576,1.0,,0.9344843158063131
orientation_only,0.5165094137191772,0.3413500373573888,0.3660394343550927,0.38014346318301784,0.1165198480038907,0.13398486750299618,0.14450905260077845,0.6608786370406379,1.299618836064982,0.8063152162915987,0.9271728316781894,0.7604479104179164,,2.128178710612097
orientation_only,-0.06148979812860489,0.3898677373010133,0.2203538672890838,0.5203351382205132,0.15199685258821194,0.048555826829255154,0.2707486560669606,6.340364567234575,25.589983729348187,0.5613946706003986,0.17933912409613773,0.0013997200559888023,0.0011196827416940153,0.0790956598037153
orientation_only,0.616202712059021,0.2908709801760724,0.3371999228534649,0.451296545534794,0.08460592710858908,0.11370378797238266,0.20366857201163838,0.4720378123688171,3.4167002036067093,0.41540983114348334,0.5582785151843909,0.8002399520095981,,1.072725283506296
orientation_only,0.22999270260334015,0.06880460381767801,0.2567339793920343,0.3060567890177037,0.004734073506507632,0.06591233617446948,0.09367075810382722,0.2991599430715102,0.8942906590602101,0.05053950242678997,0.7036596853567733,1.0,,1.869675357252048
orientation_only,0.059205345809459686,0.21459042661791156,0.3592337182723125,0.4555362484260007,0.04604905119605728,0.12904886434375118,0.20751327363003505,3.6245109910940645,13.229292535157935,0.22190894293420388,0.6218824564149371,0.9998000399920016,,0.20555829445880358
orientation_only,0.6057906746864319,0.5849914532138951,0.3539621723349499,0.5289467195413439,0.3422150003333049,0.12528921944407678,0.27978463211354904,0.9656659926577728,8.994475293800813,1.223137231477456,0.4478059373655264,0.0007998400319936012,0.00024152350918052687,1.2564566666022086
orientation_only,0.4556431770324707,0.023400428855874244,0.25494367528100476,0.27465179428790226,0.000547580070638832,0.06499627756578641,0.07543360810556418,0.05135691706891651,1.2253236663130287,0.007259099549799223,0.8616355388281117,1.0,,2.4750957909964884
orientation_only,-0.28463345766067505,0.3529561184985493,0.36068726790857564,0.49667669440863116,0.12457802158556198,0.13009530523135263,0.2466877387686848,1.2400373497880384,1.2533280596650085,0.5050028923503849,0.5273683478583463,0.5378924215156968,,0.22479976946410246
orientation_only,-0.4493585228919983,0.35246817010378323,0.3255339023397363,0.510675805045276,0.12423381093630947,0.10597232157253696,0.2607897778586407,0.7843807386479631,4.128216378251998,0.4763753087118681,0.4063515159324171,0.3219356128774245,,0.6376937771271253
orientation_only,-0.36519813537597656,0.5337782304586995,0.312711706244338,0.6267356219060426,0.2849191993116205,0.09778861122224511,0.392797539765954,1.4616126939124907,12.746125227936133,0.7253589202248768,0.24895423550898982,0.0005998800239952009,0.000178377298538216,0.5042436493601622
orientation_only,-0.8430696725845337,0.3304850667047024,0.23180467884482941,0.44878388392373886,0.1092203793148116,0.0537334091343545,0.20140697446967593,0.39200208173965007,1.3377584431817477,0.5422869769152704,0.2667902105964293,0.006798640271945611,,1.1310458364416458
orientation_only,-0.4951542019844055,0.39434763320081534,0.33551404128527307,0.5545275834294038,0.15551005581108482,0.11256967189957592,0.3075008407840543,0.796413787099872,4.739985061015424,0.5057223759602445,0.36607923286502214,0.10977804439112178,,0.681958667016208
orientation_only,0.49195849895477295,0.3568848008261009,0.27881965094747,0.45201877176919414,0.12736676106068573,0.07774039775446902,0.20432097003173083,0.7254368032757785,2.193235149383303,0.6233660746662754,0.38048173783824546,0.029394121175764846,,1.544306020746526
orientation_only,0.2280694991350174,0.17108546514016507,0.32188368975804194,0.4334824122130428,0.029270236382226634,0.10360910973225138,0.18790700169803837,0.7501461869694478,2.8222835838550333,0.1557698016450879,0.5513850404507465,0.9998000399920016,,0.8804562289760198
orientation_only,-0.45548129081726074,0.2981109209326017,0.2398334371522757,0.5250259145844849,0.08887012117928392,0.05752007757627458,0.27565221098527487,0.6544965225634348,6.12985999117026,0.32239944987791624,0.20866902308049057,0.03699260147970406,,0.7044047252669674
orientation_only,-1.0389158725738525,0.37473544786108226,0.19552408999267104,0.6890352678806501,0.14042665588364592,0.03822966976746212,0.47476960038335914,0.3606985490872301,1.237079381010398,0.2957785329352522,0.08052257292082951,0.0005998800239952009,0.0002183263175621718,0.6994277403100904
orientation_only,-0.010344330221414566,0.5333498020946608,0.22630574634944922,0.5637420865994824,0.28446201139441385,0.05121429083078125,0.3178051402035384,51.55962645029774,15.927635493634149,0.8950831041065921,0.1611499763596682,0.0001999600079984003,3.2278936000226735e-07,0.08113336022246537
orientation_only,-0.10435786843299866,0.24023009859838532,0.3419259780726673,0.42027710177931815,0.057710500272589935,0.11691337448095013,0.17663284228002335,2.301983570626697,306.98509442118853,0.3267257636102526,0.6619005444955843,0.9982003599280144,,0.25156477772268376
orientation_only,-0.7265036106109619,0.4615287682294475,0.22409413851267598,0.5238532261665049,0.21300880390339108,0.05021818291573841,0.2744222025650553,0.6352738809395859,1.849063560079289,0.7762083457984585,0.18299606389841416,0.0001999600079984003,1.5840511800749805e-05,0.8460314394996827
orientation_only,0.47980207204818726,0.4443834311621225,0.3583810253766538,0.4871160509923979,0.19747663389142084,0.12843695935002175,0.2372820471344284,0.9261807254502485,1.065640465340054,0.8322443112585908,0.5412839315115054,0.04579084183163367,,1.923387944063759
orientation_only,0.39704668521881104,0.5230514639074423,0.28323576788967547,0.5002607859116293,0.2735828338957184,0.08022250021205411,0.25026085392092096,1.3173550702713723,94.75363009330333,1.0931906832786837,0.3205555281826192,0.0001999600079984003,0.0,0.8042330949943451
orientation_only,-0.6467680335044861,0.32748729941434224,0.22435207630135345,0.4872495423656455,0.10724793127769904,0.05033385414072832,0.23741211653553096,0.5063442879819922,7.075698931711137,0.4517373958950759,0.2120104688641508,0.02419516096780644,,1.4687144095714995
orientation_only,0.14977110922336578,0.43292478874518364,0.3085735550587186,0.5833673918757275,0.18742387271006186,0.09521763888157604,0.3403175139038886,2.890576099690414,4.080029666380299,0.5507323750695755,0.2797905925830991,0.003999200159968006,,0.011639226099029842
orientation_only,0.0828784853219986,0.4256726252904862,0.3027892970876188,0.47532314985204555,0.18119718392169468,0.09168135843081428,0.22593209678527013,5.136105270706475,33.93535077907891,0.8019984167805414,0.40579165039109016,0.0007998400319936012,0.00048558915699831645,0.203830196469214
orientation_only,-0.3903152346611023,0.22934691542188926,0.20956639298072188,0.4441050386809777,0.05260000761353522,0.04391807306695036,0.19722928538183274,0.5875940651433285,2.280757424523578,0.26669471276389023,0.222675212668979,0.1867626474705059,,0.4404296102163802
orientation_only,-0.4499759078025818,0.5564420075760105,0.3157416207888792,0.6036422862409735,0.3096277077952209,0.0996927710983884,0.3643840097382293,1.2366040001860248,21.779216446348578,0.8497291305885104,0.27359260679415354,0.0011997600479904018,0.0006873626910128283,0.7913500361925258
orientation_only,0.08423443138599396,0.30447655474294594,0.2941933133255192,0.4330441619537567,0.09270597238813416,0.0865497056054471,0.1875272462022315,3.6146329919141906,2.0618115349228328,0.49436001576090444,0.4615313633524535,0.3899220155968806,,0.6795273360476308
orientation_only,-0.30917221307754517,0.6923754904699537,0.3210991262829385,0.6622327702496837,0.47938381980350897,0.10310464889966649,0.43855224199257037,2.239449281608937,4.596008832412405,1.0931053906495143,0.23510231855436098,0.0001999600079984003,0.0,0.6844434419033366
orientation_only,-0.6691045761108398,0.47060060902926604,0.21854850826836883,0.5318855607623159,0.2214649332187161,0.04776345046632928,0.28290224974744316,0.7033289351638049,7.437548644366284,0.7828319973292036,0.16883375974906314,0.0001999600079984003,1.9866689913970323e-05,1.1235330735554003
orientation_only,-0.33955490589141846,0.4952350214837648,0.28919339340672795,0.567869535893551,0.245257726504025,0.08363281879009853,0.3224758097959571,1.4584828930203386,8.593147616411551,0.760546121767115,0.25934602301802495,0.0001999600079984003,3.2438116036462086e-05,0.7143170686618617
orientation_only,-0.39918452501296997,0.43364284864096597,0.29815174958374835,0.43896239084056254,0.18804612017745173,0.08889446577985019,0.1926879805724628,1.0863217922259798,10.200999873842347,0.9759099639675478,0.4613389248034611,0.0005998800239952009,0.00022708937618212723,0.8113524578743051
orientation_only,-0.300309956073761,0.020443888343918023,0.20785797053863114,0.1859688263907288,0.0004179525706185872,0.04320493591643845,0.03458440438914502,0.06807595928953042,0.3724075746133537,0.01208500125998323,1.2492606618374829,1.0,,1.070389718986357
orientation_only,-0.09169098734855652,0.44022060201326113,0.30049969987474046,0.45672871042603386,0.19379417843691804,0.09030006962480908,0.2086011149274279,4.801132747538152,2.1010621693085314,0.9290179417513604,0.4328839261296584,0.0003999200159968006,0.00022011498860092057,0.27519383440738043
orientation_only,-0.14849050343036652,0.3863280871475339,0.2945661175176531,0.40781207237131567,0.14924939091907255,0.08676919758942381,0.1663106863717872,2.6017023191567232,1.1527183333235387,0.8974131138237614,0.5217295381455611,0.02419516096780644,,0.503399587779132
orientation_only,0.31689155101776123,0.0,0.35556929159068934,0.3835758333009437,0.0,0.12642952112230466,0.14713041989251335,0.0,13.577587854460997,0.0,0.8593023877364598,1.0,,0.8998017658395863
orientation_only,-0.6763833165168762,0.2125434539791358,0.28017057715258664,0.33340737457550623,0.04517471982938101,0.07849555230201351,0.11116047742133191,0.3142352106992466,0.6729643766022163,0.4063919198381555,0.7061462322124757,0.9612077584483103,,0.542736570918111
orientation_only,-0.46701306104660034,0.01855399251964614,0.2707656516379095,0.25087181786146817,0.00034425063841908495,0.07331403810690176,0.06293666899711765,0.03972906555989181,0.8458047928254696,0.005469794380678946,1.1648858968093683,1.0,,0.679254573712005
orientation_only,-1.1413931846618652,0.6398768658279309,0.24925786561063862,0.7571704476966805,0.4094424034217759,0.062129483568771175,0.5733070868651916,0.5606103789882825,3.9042273983539686,0.7141764209833549,0.10837033937342624,0.0001999600079984003,0.0,1.2513128788331966
orientation_only,-0.24330584704875946,0.21168586443012136,0.29583911809361624,0.3441902980210186,0.04481090519952772,0.08752078379440863,0.11846696125179758,0.8700401860367074,0.9524484018621702,0.37825655968573074,0.7387779923584443,0.9752049590081984,,0.3430322508314107
orientation_only,-0.09861664474010468,0.0,0.3203294371792403,0.40778752622093656,0.0,0.10261094832356886,0.16629066654139102,0.0,2.3989734483089276,0.0,0.6170577727405296,1.0,,0.17501156175609905
orientation_only,-0.9354618787765503,0.6931405075331795,0.3535355896813524,0.5670995644721226,0.4804437631833537,0.12498741317134159,0.32160191602447114,0.7409607203232136,3.3678845660452192,1.4939082736895015,0.3886401384556152,0.0001999600079984003,1.7138132960759015e-08,1.35263263300165
orientation_only,-0.6706700325012207,0.44970952490829946,0.2187580353820117,0.39118170071005565,0.2022386567932484,0.047855078044197474,0.15302312297041157,0.6705376759285587,1.0650905731994902,1.3216215488711016,0.31273102466645314,0.0001999600079984003,5.866897356256349e-06,0.775584608794835
orientation_only,-0.5851379036903381,0.3512572107406884,0.20902295930099382,0.4271412679334761,0.12338162809732836,0.04369059751494492,0.18244966277181765,0.6002981665097837,1.954932093865797,0.6762502392324875,0.23946658410427957,0.0001999600079984003,7.072417708409541e-07,0.8583664465256472
orientation_only,-0.65839684009552,0.20120297804134188,0.19306910582484696,0.3186127720978118,0.0404826383727047,0.03727567962400596,0.10151409854385217,0.3055952972255326,0.9700290280997202,0.39878833534848335,0.36719707073893354,0.4273145370925815,,1.0355513745616556
orientation_only,-0.5309351682662964,0.006236558408767677,0.28026225870550736,0.2677858270869203,3.889466078597082e-05,0.07854693365471274,0.07170924918862598,0.011746365246688015,1.3419105440602757,0.0005423939202551296,1.0953528944097675,1.0,,1.2374796854793937
orientation_only,0.49218451976776123,0.7128597233208718,0.3735034029357018,0.7688742127439009,0.5081689851331098,0.13950479200454918,0.5911675550225534,1.4483586839692497,14.499478848164063,0.8596022917964822,0.23598181398711401,0.0003999200159968006,8.704708578818193e-05,0.7091045900647066
orientation_only,-0.0939483717083931,0.36764679249823945,0.34344711626657903,0.512425453782318,0.13516416403424353,0.11795592167182907,0.26257984568401443,3.91328541211316,14.140622691844488,0.5147545261219268,0.44921925125120177,0.35372925414917017,,0.11262232042033637
orientation_only,-0.2001645565032959,0.36628332285402193,0.2982545737855595,0.4814190256220551,0.13416347260098366,0.08895579078400576,0.23176427823088894,1.8299109954963018,56.69709579914566,0.5788789956117694,0.38382011008351313,0.04399120175964807,,0.43341790765923904
orientation_only,-0.3352839946746826,0.02746404235836967,0.24165234359010454,0.2988449532883919,0.0007542736226623234,0.058395855162589945,0.08930830610594113,0.08191277482546495,1.8601067093370516,0.008445727564999088,0.6538681306229055,1.0,,0.5843293661047596
orientation_only,0.6780729293823242,0.5394487094886239,0.286975998569854,0.6994197284778464,0.2910049101689417,0.08235522375516485,0.4891879565840243,0.7955614892044474,163.70255966860583,0.594873414711627,0.16835088159211312,0.0001999600079984003,2.303730241040464e-07,0.9755879122540567
orientation_only,-0.5836200714111328,0.4135630378593684,0.22345170448762477,0.44913016106671877,0.17103438628346934,0.049930664238424786,0.20171790157981673,0.7086168864264998,1.7327350848214653,0.847888982306281,0.24752718448574568,0.0001999600079984003,0.0,0.7223230209607489
orientation_only,0.5502654910087585,0.6746872758067471,0.33167926390588137,0.7630862665848602,0.4552029201355297,0.1100111341051473,0.5823006502504204,1.2261122800375794,4.089967807300131,0.7817317736804315,0.18892497210476517,0.0001999600079984003,3.058784111809494e-06,0.9656059231220427
orientation_only,-0.8680177927017212,0.6073637223031231,0.23789583243537119,0.7227310730317067,0.36889069116990514,0.0565944270901182,0.5223402039255621,0.6997134475926956,2.8854759646595545,0.7062268774212049,0.1083478289911289,0.0001999600079984003,0.0,1.5475878677283863
orientation_only,-0.49778908491134644,0.2952664065219411,0.23840781741883346,0.5054975028934744,0.08718225082038018,0.056838287406411836,0.2555277254315381,0.5931556465817776,2.1376479866757316,0.34118509321501533,0.2224349131211601,0.054789042191561686,,0.5169469591662254
orientation_only,0.47026538848876953,0.45134422614353026,0.28360908351158676,0.5363524347857159,0.20371161047310218,0.08043411225028219,0.2876739343005657,0.9597649267660464,2.723173305748223,0.7081337103703719,0.2796016693199722,0.0005998800239952009,0.00015436955306556794,1.2440029303627174
orientation_only,-0.66624516248703,0.5187895424163754,0.21701183981057104,0.5799935864265354,0.2691425893205922,0.04709413861796895,0.33639256029591497,0.7786766368100644,2.2679583226520217,0.800084844575145,0.13999756289658002,0.0001999600079984003,7.283771409037555e-10,0.7077860481912494
orientation_only,-0.31410616636276245,0.0,0.2514049597293416,0.3345695814344454,0.0,0.06320445377651189,0.11193680482121998,0.0,1.169401949858098,0.0,0.5646440764274,1.0,,0.08369863235495158
orientation_only,-0.3236199617385864,0.6034134941566055,0.2881695328532453,0.5272872294927538,0.36410784493028375,0.08304167966485763,0.27803182238614393,1.8645743943447795,1.1187551728598764,1.3095905418502538,0.2986768886819199,0.0001999600079984003,3.6553769837070983e-05,0.28010549980398475
orientation_only,-0.055666472762823105,0.46829778179586556,0.31493515176037,0.4817814452250387,0.21930281243492813,0.09918414981432729,0.23211336096312693,8.41256430582788,2.3704661170271506,0.9448090860644862,0.42730909329292543,0.0005998800239952009,0.0005586042995222003,0.30631496142377407
orientation_only,0.06898857653141022,0.3556289584878778,0.20740687630676513,0.35781719141892354,0.1264719561151727,0.043017612339329776,0.1280331424749266,5.154896308462915,1.1122388321189804,0.9878063888023398,0.3359881004854204,0.0001999600079984003,1.2093781288886637e-08,1.0918914463213534
orientation_only,-0.5990802049636841,0.38742717733648785,0.31711229422241677,0.3877267941501145,0.15009981773891842,0.10056020714700462,0.15033206690192527,0.6467033531177574,1.242663136085199,0.9984550923313097,0.6689205385076546,0.1245750849830034,,0.7403858017068985
orientation_only,-1.0388802289962769,0.19215131765318488,0.31951008674762776,0.48318655369593005,0.03692212887585516,0.10208669553347662,0.23346924567254992,0.1849600293566406,1.0827948027018988,0.15814557831586923,0.43725971375543543,1.0,,1.2265242873367064
orientation_only,0.20623214542865753,0.5850475847504875,0.34854228305849455,0.4867982650689169,0.34228067642237886,0.12148172307962773,0.23697255087410746,2.8368399287824633,2.340220328963723,1.4443895512785223,0.5126404835983107,0.0001999600079984003,0.0,0.8509603169576037
orientation_only,-0.07794566452503204,0.0,0.3448998412043374,0.2814391755319989,0.0,0.11895590046277715,0.07920800952413128,0.0,1.1770075117693273,0.0,1.5018165609443375,1.0,,0.5726583950177
orientation_only,-0.38312798738479614,0.4314703815225597,0.2456698614456306,0.419479838548669,0.1861666901312232,0.06035368082271534,0.17596333494881738,1.1261781851744772,8.708323665636703,1.0579856888105337,0.3429900941595047,0.0001999600079984003,0.0,1.0281733109437343
orientation_only,-0.7987593412399292,0.27835824364314793,0.2580757535186319,0.4797354771101438,0.07748331180409809,0.06660309455420962,0.23014612799809733,0.3484882483014811,2.2374588705831684,0.3366700647022776,0.2893948081314679,0.40931813637272546,,1.2180639346184934
orientation_only,0.3658705949783325,0.3814351052590447,0.3000634363888501,0.5829591634991059,0.1454927395239785,0.09003806585748549,0.3398413863075773,1.0425410254181098,3.198350850458291,0.4281195445462862,0.2649414388157995,0.07998400319936012,,0.9402704369971687
orientation_only,-0.12439704686403275,0.38801043983115124,0.21974731789455776,0.5223563800771539,0.15055210141796344,0.04828888372185182,0.272856187807308,3.1191290276790142,1.472859025746383,0.5517635595066066,0.17697558596674962,0.0003999200159968006,0.00019894451528415071,0.4408056735624948
orientation_only,0.42321860790252686,0.3881314682836443,0.32338021370410425,0.49809319214271874,0.1506460366720176,0.10457476261531212,0.24809682805892336,0.917094525231831,2.5982138050799946,0.6072066211029467,0.42150785817574205,0.04339132173565287,,1.2345573557817036
orientation_only,0.24139504134655,0.0,0.30031852854872765,0.3156703382247374,0.0,0.09019121858967294,0.09964776243492011,0.0,14.754363264299231,0.0,0.9051002891166449,1.0,,0.8324826865917038
orientation_only,-0.6123356223106384,0.4077945045726138,0.23142344591011574,0.4190852137136403,0.16629635795962353,0.05355681131691227,0.1756324163534076,0.66596567260583,1.8210340790658495,0.9468431933715582,0.3049369383448283,0.0001999600079984003,1.7208840284074186e-05,0.9119858357365702
orientation_only,0.20319201052188873,0.3202789157393231,0.32035496916780154,0.536334703126427,0.10257858386715643,0.10262730627050307,0.2876549137777126,1.5762377414185842,1.631307122158879,0.3566029257766296,0.35677230373964364,0.508498300339932,,0.9918583526401084
orientation_only,0.3463432788848877,0.6458461647492398,0.3214294473894246,0.6892673344694853,0.41711726852130226,0.10331688964907088,0.4750894583666694,1.8647573206232084,2.075487503529763,0.877976265681263,0.2174682848242276,0.0001999600079984003,0.0,0.9842948443827836
orientation_only,-1.118140459060669,0.5058513090366532,0.2543213773063117,0.5929668152057623,0.2558855468540956,0.06467936295497935,0.35160964393526467,0.452404082991157,1.2696636712576572,0.7277546315004005,0.1839521869510711,0.0001999600079984003,1.2469308980588204e-05,1.0980610677664626
orientation_only,-0.7423429489135742,0.30793413234373973,0.22190600202157412,0.3934074267490254,0.09482342986229182,0.04924227373319886,0.15476940342128978,0.4148138441867121,1.2518289057706864,0.612675553217569,0.31816542963055183,0.006998600279944011,,1.0881259196453712
orientation_only,-0.06989212334156036,0.2775463836457796,0.32888354033258765,0.5128697590235567,0.07703199507485028,0.1081643831016968,0.2630353897208811,3.9710681315177694,12.965416482748571,0.29285791222463436,0.4112160847119279,0.885622875424915,,0.05914829490593965
orientation_only,0.04865952581167221,0.4836012846701676,0.3051663774495883,0.491573809681637,0.23387020253463647,0.09312651792570459,0.24164481036491828,9.938470969525225,1.2535790003415093,0.9678262991928482,0.3853859629142054,0.0001999600079984003,0.0,0.896703201355958
orientation_only,-0.35995006561279297,0.3822834580161239,0.35109356086994586,0.6224373883528039,0.14614064227276558,0.12326668848433837,0.38742830241945925,1.062045807285268,1.7547212975229804,0.3772069344447186,0.3181664522559338,0.20595880823835233,,0.00840013095750857
orientation_only,-0.3203534483909607,0.445344992634032,0.3285719963036243,0.6954691361830018,0.19833216246420599,0.10795955675494891,0.4836773193831307,1.3901676253864796,6.94204518346392,0.4100505740421188,0.22320574570798085,0.028994201159768047,,0.6046790496057578
orientation_only,0.395149290561676,0.6679426544630943,0.3606548113959316,0.6382475605842005,0.44614738965120454,0.13007189298303498,0.40735994859168273,1.6903551908537209,34.82585251250485,1.0952166289141017,0.3193045694175805,0.0001999600079984003,0.0,0.6478303223552973
orientation_only,1.4182621240615845,0.6426308944455672,0.23616804103258532,0.6795031545578664,0.4129744664959097,0.055775343605168906,0.46172453705409167,0.4531115112946939,3.300219113838061,0.894417414181151,0.1207978765023587,0.0001999600079984003,0.0,2.3902148045496716
orientation_only,-0.47669970989227295,0.016357528938279194,0.21717319500778295,0.2193533271165035,0.0002675687529666412,0.04716419662988852,0.04811588211707978,0.034314115571783654,1.589241000206979,0.0055609237780483685,0.9802209697647123,1.0,,1.5439736432856823
orientation_only,0.27264416217803955,0.15450463690860672,0.31058528631537785,0.35302464595846134,0.0238716828262604,0.09646322007560523,0.12462640065409697,0.566689694267921,1.1693813775645712,0.19154595415554626,0.7740191449750747,1.0,,1.6274621499750124
orientation_only,-0.7687792778015137,0.5728315880655637,0.2406914951476986,0.5763329563214236,0.32813602828571564,0.05793239583643463,0.332159676542192,0.7451184034300408,1.1186181764715686,0.9878864036165894,0.17441128447473025,0.0001999600079984003,2.9608964550789264e-06,0.4399550927312881
orientation_only,-0.19744496047496796,0.20495880411935113,0.22706272272326466,0.3206639131441306,0.04200811138603455,0.051557480050502175,0.10282534519290654,1.0380553832638124,0.7793659650821747,0.4085384912370078,0.5014082856106852,0.7854429114177165,,0.6673562525938582
orientation_only,-0.7663285732269287,0.2059373030947438,0.22914132206539356,0.3126913317230288,0.04241017280593638,0.05250574547787642,0.09777586893472126,0.2687323822829202,0.662515586725291,0.4337488714546834,0.5370010622245779,0.7686462707458508,,0.9413524834029406
orientation_only,-0.3578948378562927,0.3578601096515329,0.28991678322740555,0.45971419680642855,0.12806385807980716,0.08405174119692645,0.21133714274537974,0.9999029653376176,9.572903232672068,0.6059694780396424,0.3977140038189713,0.03179364127174565,,0.8829774746129702
orientation_only,0.17166811227798462,0.01297209698854043,0.25018393329236593,0.3083283368600652,0.0001682753002800997,0.06259200047763902,0.09506636331089384,0.07556497719002425,1.3990718648210854,0.0017700824394617052,0.6584032279950114,1.0,,1.2715300343523832
orientation_only,-0.10069605708122253,0.36307303275298936,0.23660154283365212,0.5152835209793194,0.13182202711245328,0.055980290071264524,0.2655171069928447,3.6056330632701012,0.9340805031473761,0.4964728209245127,0.21083496542003644,0.0001999600079984003,1.3546529803770866e-08,0.8751527957705872
orientation_only,-0.6416913270950317,0.25397410109642615,0.19107818232169194,0.5028991541743277,0.0645028440277377,0.03651087175936175,0.25290755926925423,0.39578858303443093,1.6625398579407116,0.25504514065973694,0.1443644937496352,0.0003999200159968006,0.000233993770820355,0.6744947660305254
orientation_only,-0.21782533824443817,0.4909178115563239,0.2617238647221236,0.5200338555927233,0.24100029770325038,0.06849938136508445,0.27043521096263334,2.2537222506475723,1.8612709910710785,0.8911572455576058,0.2532931311764324,0.0001999600079984003,1.6510349311821632e-07,0.11839966847706553
orientation_only,-0.5645664930343628,0.5711042259517292,0.23549061930046908,0.5392321053659057,0.3261600368999237,0.055455831778518455,0.2907712634573472,1.0115800937498578,2.8032100723482634,1.1217065710751282,0.19071978131241013,0.0001999600079984003,4.3166980994729706e-09,0.6902484648689994
orientation_only,-0.4536544680595398,0.21481114703230328,0.2721581321394878,0.3599576869075659,0.04614382888933381,0.0740700488896549,0.12956953636384524,0.4735126889659785,1.2795251202627917,0.3561317743682972,0.5716625293900737,0.8752249550089982,,0.47875948002153523
orientation_only,-0.3345005512237549,0.5006699841039381,0.32776102831020004,0.501009925943855,0.25067043298263764,0.10742729167895977,0.251010945894267,1.496768786395897,1.7644437811310445,0.9986434340127431,0.4279785142286633,0.0009998000399920016,0.0006992669516822618,0.1009017004143681
orientation_only,-0.01721109449863434,0.2582904953165691,0.257508035354342,0.4320047266385743,0.06671397997087862,0.06631038827205307,0.18662808383806934,15.007209177607146,8.032738065383004,0.35747020812132435,0.3553076627502015,0.4861027794441112,,0.08465049189616804
orientation_only,0.3726556897163391,0.492741148799195,0.3945183508070064,0.7449522589782697,0.24279383971995044,0.1556447291234802,0.5549538681568269,1.3222423872670868,5.178812086712632,0.43750274329349886,0.28046426568828936,0.08658268346330734,,0.6933355106907106
orientation_only,0.28279536962509155,0.5980845982983236,0.2799742037072834,0.5583524132648714,0.3577051867216671,0.0783855547415274,0.31175741739870577,2.1149023730169922,4.512547602407238,1.1473830829955807,0.2514312422638539,0.0001999600079984003,1.0024422255759239e-05,0.7280861719605706
orientation_only,-0.33362889289855957,0.02389617834775291,0.30136092712957185,0.2667036911921844,0.000571027339627615,0.09081840840039511,0.07113085889553607,0.07162502665804363,0.7880445634109444,0.008027842605784291,1.2767793024089937,1.0,,0.018029103720047953
orientation_only,-0.308854341506958,0.5183527680657676,0.3089671109449588,0.4404645207433291,0.26868959216144345,0.09546067564567448,0.1940089940336506,1.6783081809264122,0.7783206617124243,1.384933690831053,0.4920425267970667,0.0003999200159968006,0.00031418877529994097,0.5836160846794645
orientation_only,-0.5677133798599243,0.31048034187790996,0.23826831180879174,0.3821949548687939,0.09639804269262385,0.0567717884122116,0.14607298352715942,0.5468962911434584,0.8266509897717292,0.6599306755085242,0.38865358289649776,0.016396720655868825,,0.27570224040427177
orientation_only,-0.3166993260383606,0.16623007316295593,0.26504123634605137,0.4343897500088832,0.027632437223761686,0.07024685696384345,0.18869445491278006,0.5248829394187631,1.9245098771263127,0.14644011259649461,0.3722783321656884,0.998000399920016,,0.20945439905520394
orientation_only,0.11682561039924622,0.43638780284470763,0.3181643170304733,0.6694316469018963,0.19043431447163142,0.10122853263146753,0.44813872987378506,3.7353778966219147,38.724166645374,0.42494500425184367,0.2258865969026551,0.021395720855828835,,0.14869095397519233
orientation_only,0.03329681605100632,0.428005474233871,0.24084821668853512,0.5691322231932627,0.1831886859741608,0.05800786348204756,0.3239114874769058,12.85424629124368,1.5746354853980733,0.5655516801861551,0.17908553949073325,0.0001999600079984003,6.0456836569644516e-05,0.6935721485630638
orientation_only,-0.7441800236701965,0.0036552146587490583,0.21444758761581886,0.24972804276148558,1.3360594201533996e-05,0.04598776783424431,0.062364095341482365,0.004911734449309762,0.6115992603376682,0.0002142353565521379,0.7374077597443299,1.0,,1.344904214079929
orientation_only,0.2445468157529831,0.5036685898601367,0.36209888020610886,0.4696845478115473,0.25368204841169867,0.13111559904651798,0.22060357445293763,2.0595998696989484,3.351105626910362,1.1499453217872397,0.5943493860952351,0.0003999200159968006,0.00022571927840006639,0.22225285265795122
orientation_only,-0.41628819704055786,0.0,0.31787110204200997,0.3146979889330362,0.0,0.1010420375134019,0.09903482423849738,0.0,0.8901334865602828,0.0,1.0202677521804928,1.0,,0.19939109542907446
orientation_only,0.4479563236236572,0.0,0.2188239887943816,0.3158078868128435,0.0,0.04788393807188365,0.09973462137319378,0.0,1.4382928923052423,0.0,0.48011349933047104,1.0,,2.113714330593914
orientation_only,0.6973894834518433,0.7779370585888999,0.3222321250845736,0.7144293812580147,0.6051860671259495,0.10383354243652028,0.5104093408047097,1.1154986948446273,3.455131685886928,1.1856876799547107,0.2034319008990248,0.0001999600079984003,2.2203524548491783e-08,1.2655735096065814
orientation_only,-0.6589316725730896,0.6686251413622339,0.3093719609663344,0.609789527451139,0.4470595796616674,0.09571101023215514,0.3718432677890834,1.0147108861094685,1.6219636928623833,1.2022796118370176,0.25739610885316405,0.0001999600079984003,3.8600000160785773e-07,0.4640520877133067
orientation_only,1.0964692831039429,0.39126484833253494,0.2914931779703004,0.678423557201526,0.15308818154068157,0.08496827280322522,0.4602585229659722,0.35684068342062614,2.7819723290963565,0.3326134637424187,0.1846098845832934,0.015596880623875225,,1.975658871348807
orientation_only,0.4440855383872986,0.35515939942179103,0.3372296672852497,0.5762786998173645,0.1261381989976473,0.11372384849732022,0.33209713986319206,0.7997544813360872,718.2546000124729,0.37982320187885427,0.3424415173950879,0.32733453309338134,,0.7720012393274612
orientation_only,0.004800274968147278,0.26268288703698556,0.2796334618395925,0.404420798190733,0.06900229914208571,0.07819487298039483,0.1635561820092296,54.7224666878554,3.507354314530521,0.42188744133310624,0.47809182153678687,0.7144571085782844,,0.2732456866452182
orientation_only,-0.5342819690704346,0.4583674223337643,0.29360046126921724,0.6861275336740091,0.21010069385689945,0.08620123085749715,0.4707709924655785,0.8579129539618388,9.248427836371658,0.4462906534587758,0.18310650451514374,0.003799240151969606,,0.6705654379779825
orientation_only,0.13050197064876556,0.40059074292835256,0.27074505265069376,0.5349589132643515,0.16047294331988946,0.07330288353482695,0.28618103888097596,3.069614511849073,3.7943640305458866,0.5607392577347897,0.25614165012977663,0.0033993201359728054,,0.5074964287713223
orientation_only,-0.06326831877231598,0.007388001679863122,0.33890253564578376,0.3045126858916469,5.458256882166031e-05,0.11485492866714175,0.0927279758689448,0.11677253044213742,6.325877741016583,0.0005886310825850817,1.2386221913165627,1.0,,0.04968824460831652
orientation_only,-1.0622828006744385,0.5808297241158271,0.22854472612789586,0.5759186220951887,0.3373631684164678,0.05223269184087492,0.3316822592760208,0.546775043093102,1.6527683250227878,1.0171275640513515,0.15747809953684527,0.0001999600079984003,1.9769304603333397e-12,1.2394560893234987
orientation_only,-0.31047868728637695,0.6130213895461759,0.3083979972454788,0.7535458208854559,0.37579522404112436,0.09510932470502233,0.5678313041739356,1.9744395175851215,3.533873912826491,0.6618078666652947,0.16749574038258527,0.0001999600079984003,9.848870260682605e-07,0.6949992080115669
orientation_only,-0.33044886589050293,0.2910002270038907,0.3417215442089734,0.46998260356235,0.08468113211631592,0.11677361377656535,0.22088364765124502,0.8806210492497685,1.3916879926295012,0.38337438292407977,0.5286657252280629,0.857628474305139,,0.015443145093117396
orientation_only,-0.9732115864753723,0.4181823337920185,0.24373860811173237,0.41214670372214457,0.17487646429573922,0.05940850908424465,0.1698649053890292,0.42969313107597373,0.786528856889788,1.029503203709044,0.34973974729026974,0.0005998800239952009,0.0006407429599028326,1.0899140633843845
orientation_only,1.2149018049240112,0.40734259744164786,0.3534566507269343,0.529677275719768,0.16592799169050837,0.12493160394310199,0.28055801641391515,0.3352884947496856,2.70775050231877,0.5914213174565297,0.4452968606635245,0.14357128574285144,,1.9243539556190759
orientation_only,-0.4054371118545532,0.02074965555056868,0.3033820777642357,0.3079920279794167,0.0004305482054672456,0.09204068510854477,0.09485908929887382,0.05117848106123157,1.5840471385650943,0.004538818669349771,0.9702885173032911,1.0,,0.6850939870875072
orientation_only,-0.7703700661659241,0.2783875528321067,0.18868155419156263,0.40691425753701915,0.07749962957184901,0.035600728892143586,0.16557921298690356,0.3613686007007273,1.2226543266732919,0.4680516845914639,0.21500723581141443,0.0001999600079984003,0.0,1.0753073243493831
orientation_only,-0.275190532207489,0.21601063631971043,0.1517032688034021,0.3944022195151856,0.0466605950032462,0.023013881765637272,0.15555311075850467,0.7849493752090354,4.752448339095798,0.2999656823043964,0.14794870802272925,0.0001999600079984003,5.499435265039547e-06,0.4873229724814474
orientation_only,-0.6536214351654053,0.5149082057603178,0.21541138379781594,0.5206944464418575,0.2651304603593098,0.04640206426968996,0.2711227065553924,0.7877774168009274,0.8585245106695459,0.9778983978427557,0.17114783508628656,0.0001999600079984003,2.217854382651617e-06,0.09049878495259901
orientation_only,-0.9394185543060303,0.2242908560771519,0.21515144457451993,0.43044276764769246,0.05030638811982167,0.04629014410250273,0.18528097622020537,0.23875497779883711,1.101299256040793,0.2715140493432678,0.24983754428996077,0.35372925414917017,,1.2744286530718336
orientation_only,-0.4135122299194336,0.25747177501694346,0.35869245027821556,0.4611450367075252,0.06629171493037554,0.12866027388659015,0.21265474487998476,0.6226460945716353,1.2982672152004076,0.31173400324450024,0.6050195304092637,0.9846030793841232,,0.12645008252238385
orientation_only,-0.3983229398727417,0.23621246815966757,0.22423528117959912,0.4594414130205077,0.055796330114081964,0.050281461325693874,0.21108641199828077,0.5930174853477783,3.8323532572925445,0.26432933122448643,0.2382032118964787,0.33613277344531095,,0.6060359364708701
orientation_only,-0.3211213946342468,0.024842863246814575,0.24980862656382408,0.26135704149299455,0.0006171678542999304,0.06240434990570411,0.06830750313797088,0.07736284053919945,1.6903867242028945,0.009035140005825485,0.9135797246117562,1.0,,0.6370887775144164
orientation_only,-0.6327499151229858,0.3856436940528676,0.22697950417768442,0.3742914553639513,0.14872105876274172,0.051519695316747466,0.14009409355846475,0.6094725338333883,1.094325184864584,1.0615797924462584,0.3677506596325349,0.0001999600079984003,2.574878518367169e-17,0.7767221183453777
orientation_only,-0.9718441963195801,0.2255120721909473,0.3212976049402715,0.5189366827032507,0.05085569470385503,0.10323215094035476,0.26929528065505426,0.23204549972616204,3.4050054986121507,0.18884732989063077,0.3833418494718699,0.9812037592481504,,1.579075362454598
orientation_only,0.7922239899635315,0.5838427141338521,0.37464240082362815,0.5513496106340708,0.340872314847183,0.14035692849489204,0.3039863931463415,0.7369667184159977,46.421791577256165,1.1213406998881175,0.46172108903349196,0.0001999600079984003,2.4190104698389177e-05,1.415339773832657
orientation_only,-0.4100515842437744,0.3031235151703866,0.27833650349446354,0.4644003495055733,0.0918838654492516,0.07747120917752352,0.2156676846208986,0.7392326400333589,2.1342539019735964,0.4260437330273443,0.3592156577083056,0.3171365726854629,,0.41442220258933427
orientation_only,-0.8109314441680908,0.46751939080657523,0.21725658953571966,0.5135684173225945,0.21857438078015123,0.04720042569669218,0.26375251927123455,0.5765214731390627,4.944872208923779,0.8287101157709755,0.17895725063445855,0.0001999600079984003,4.2767685438171586e-05,1.376783765860592
orientation_only,0.5306565165519714,0.5459366531404961,0.34738539111711675,0.4444011463123887,0.2980468292422464,0.12067660996159219,0.19749237884376508,1.0287947780002964,3.721611855284403,1.5091561050972466,0.6110443889941629,0.001799640071985603,0.0011752233566533978,0.925392714031355
orientation_only,-0.17555195093154907,0.3843206989102158,0.2610403967568212,0.5010102615564356,0.14770239961083675,0.06814208873895865,0.25101128218484803,2.189213488490763,2.1678529969970772,0.5884293260653788,0.27147022295506984,0.006798640271945611,,0.11088997160053644
orientation_only,-0.23241187632083893,0.24312740255636706,0.24934964136017448,0.4084504208235278,0.05911093387380576,0.06217524364644764,0.16683174627091696,1.0461057601924595,3.5432660909700253,0.35431466249724386,0.37268232837101445,0.5856828634273146,,0.2867832941210951
orientation_only,0.16498659551143646,0.4720140626509631,0.35850297609308995,0.49597624378135463,0.22279727534026728,0.12852438386760262,0.24599243439546173,2.8609237083035888,1.6602250356748347,0.9057078356405648,0.5224729133782406,0.022195560887822437,,0.9349781823938905
orientation_only,0.11056362092494965,0.49406141113159424,0.2537950306708571,0.5762007670084229,0.24409667796934217,0.0644119175932213,0.33200732390109483,4.468571190038738,3.6706316302779656,0.7352147389437069,0.19400752018473438,0.0001999600079984003,1.7152556068015085e-07,0.46431652556231473
orientation_only,0.12309430539608002,0.012750686929049605,0.34963934687290016,0.317247612445825,0.00016258001716263647,0.1222476728817082,0.10064604760257638,0.10358470189195004,1.5082862683197769,0.001615364150260727,1.2146296431274748,1.0,,1.0510111481262772
orientation_only,-0.4941960573196411,0.5735026396282223,0.2639895413814985,0.6223298690116809,0.3289052776605386,0.06969047795881392,0.3872944658640958,1.1604759510602216,3.549318938089244,0.8492382583539255,0.17994183780376755,0.0001999600079984003,6.806736301763744e-11,0.5123620871452333
orientation_only,0.10013945400714874,0.33808476305315427,0.3119429646719588,0.43518988623050403,0.11430130700870746,0.09730841320833096,0.18939023707731906,3.376139468755433,6.021179737620197,0.6035226988075613,0.5137984655914684,0.27194561087782443,,0.3961856059412806
orientation_only,-0.6565170288085938,0.31699846952992633,0.18669468047591647,0.3632632250940805,0.10048802968431564,0.034854903718004544,0.13196017070575258,0.4828488152168656,1.319728298572713,0.7615027257609862,0.2641319993115552,0.0001999600079984003,0.0,1.049544606635393
orientation_only,-0.12771283090114594,0.5096211154810849,0.223830190670208,0.514045852245223,0.25971368134418527,0.050099954255461675,0.26424313821051765,3.9903673881878707,11.145682794127218,0.9828587531278717,0.18959793845450004,0.0001999600079984003,0.0,0.15872554156021212
orientation_only,-0.4109479784965515,0.5093620759099756,0.3095919704760122,0.6378896834337351,0.2594497243753197,0.09584718818322004,0.4069032482311908,1.2394806704572947,1.7597743668275885,0.6376201849042694,0.23555277231102958,0.0003999200159968006,0.00018145143148093714,0.07597581362253832
orientation_only,0.08712993562221527,0.5781727810732319,0.31540037078784344,0.684331316200705,0.3342837647739553,0.09947739389310914,0.4683093503329893,6.6357535667203775,2.354050855144712,0.7138097168810836,0.21241812452041833,0.0001999600079984003,2.0431833186441872e-06,0.5521209336578254
orientation_only,-0.7012466788291931,0.3211332046016571,0.32406397627508254,0.531171647877137,0.10312653509772979,0.10501746071921726,0.28214331950851324,0.4579461326473925,9.24714648700986,0.36551117097996044,0.37221317485792366,0.5418916216756648,,1.4283299266015603
orientation_only,-0.448448121547699,0.26165899749874455,0.2510163077544153,0.6230824573452597,0.068465430972048,0.06300918675865932,0.38823174865140736,0.5834766273425305,3.513508630237883,0.1763519629960068,0.16229787228255557,0.3745250949810038,,0.43510938019773654
orientation_only,-0.2786106467247009,0.28294774919471277,0.3338425931314109,0.47948044861237066,0.08005942877435407,0.11145087698870476,0.2299015006015202,1.0155668942339358,1.55262326154773,0.34823360684851784,0.4847766399832181,0.8828234353129374,,0.06300345249758306
orientation_only,-1.2155901193618774,0.5010951889080509,0.25829268026413277,0.5710018768398364,0.2510963883467952,0.06671510867802952,0.3260431433546157,0.41222380877124953,1.2566283448686133,0.7701323995447258,0.2046204928329619,0.0007998400319936012,0.0006492014441362404,1.3330921356161742
orientation_only,0.42780858278274536,0.010003678802689896,0.29381395214142286,0.31056980483286595,0.00010007358958738713,0.08632663847296233,0.09645360367392443,0.023383539286704957,5.1732560290815615,0.0010375308518870959,0.8950068756871149,1.0,,1.5707975964315681
orientation_only,-0.5270956158638,0.3572422826594903,0.2742856763807527,0.43476099798739054,0.1276220485197632,0.07523263226764698,0.1890171253709918,0.677756126038052,5.3908809702881895,0.6751877549151912,0.3980201906043421,0.007598480303939212,,1.0268817392883745
orientation_only,0.08795398473739624,0.2447011083035738,0.315008113914386,0.41552739173427267,0.05987863240499736,0.09923011183189877,0.17266301328148767,2.7821492003367063,0.9951663943696551,0.34679478405359987,0.5747039272975428,0.9732053589282144,,1.2165254024082048
orientation_only,-0.3936486840248108,0.5225285637748532,0.25962267313195575,0.5399746070270612,0.27303609996061085,0.06740393240418234,0.29157257623402927,1.3273982232896768,1.9060231156695688,0.9364258583134368,0.23117377249526003,0.0001999600079984003,5.9100847617114036e-05,0.20436071686675872
orientation_only,-0.15020442008972168,0.4207789644517704,0.30907575182054764,0.3814694743305178,0.17705493692510424,0.09552782036343675,0.14551895984600158,2.801375380301234,0.9841661184853872,1.2167138709105416,0.6564630510315015,0.0003999200159968006,0.0003932369642018921,0.6223364915738635
orientation_only,-0.7494492530822754,0.37018076607757283,0.24355904329450975,0.4060479900913664,0.1370337995737787,0.05932100757053687,0.16487497025723835,0.49393706719317254,2.455861066939039,0.8311376757792782,0.3597938939912109,0.0005998800239952009,0.00034450566829541895,1.4385267952192358
orientation_only,-0.09311222285032272,0.40969273031263764,0.20503536276321263,0.44397325216342387,0.16784813327102366,0.0420394999834422,0.19711224863656718,4.399988720827941,2.3793352263326857,0.8515357844681672,0.21327695399058655,0.0001999600079984003,0.0,0.2105606119060351
orientation_only,0.24752862751483917,0.47450711979551247,0.34746374606045705,0.5996898815629956,0.22515700673663283,0.12073105482636577,0.35962795404903974,1.9169787533648652,2.6617904522102447,0.6260831623392932,0.3357109853865881,0.03079384123175365,,0.7884480277243978
orientation_only,0.7432123422622681,0.42936603806756213,0.42080928478250523,0.7005277499666805,0.1843551946458352,0.17708045415916357,0.4907391284733801,0.5777165066454797,2.321022034020289,0.37566842330127226,0.36084437511644074,0.4363127374525095,,1.4917767325127496
orientation_only,-0.031138913705945015,0.5516803618245543,0.32187919274627536,0.4824677201756393,0.3043512216228711,0.10360621472299389,0.23277510101147902,17.71675039901048,1.212901112711087,1.30749045022587,0.44509148217654376,0.0001999600079984003,0.0,0.7599285948986362
