b_a,b_s,seq,truth_arrangement_sd,est_arrangement_sd,var_null,sf_gsi,gsi_naive,z_submitted,p_submitted,p_perm
0.0,0.1,0,0.0,0.0004134491152973711,2.384612687458105e-06,0.0006681771475574475,0.009366932861606567,1.2873166187037728,0.19798395342350128,1.0
0.0,0.1,1,0.0,0.0,2.7355008961631163e-06,0.0,0.005523701432574601,2.1376722008605156,0.032543357253617344,1.0
0.0,0.1,2,0.0,0.0,0.0001191804084730453,0.0,0.022035663659568872,0.15841376705874757,0.8741307662098765,1.0
0.0,0.1,3,0.0,0.0,3.730745960921092e-06,0.0,0.010062650017473532,0.30725385761751134,0.7586501542913373,1.0
0.0,0.1,4,0.0,0.0,0.00014003392683604053,0.0,0.018888572146750493,0.30502527914061933,0.760346899223912,1.0
0.0,0.1,5,0.0,1.124366563280595e-16,2.7315346770931405e-06,1.3885949751626387e-16,0.0456872129278281,0.4954211165229628,0.620302891931094,1.0
0.0,0.1,6,0.0,0.0004343374772894515,0.001044011629637381,0.0006918376543652273,0.04970448213681426,0.8171648721309456,0.4138342142152367,1.0
0.0,0.1,7,0.0,0.00036209286185133124,3.618064537187928e-06,0.0009107113965360843,0.011351382782027571,1.3125319741213075,0.1893407050316398,1.0
0.0,0.1,8,0.0,0.0,2.1419420995058537e-06,0.0,0.006901441524147884,1.3577261934025515,0.17455058211726282,1.0
0.0,0.1,9,0.0,0.0,0.00021317623621921878,0.0,0.017758657012145396,0.8316740428873128,0.4055929559690794,1.0
0.0,0.1,10,0.0,0.0,0.00020786121434583104,0.0,0.029470185178440182,0.43267034181265546,0.6652542790239038,1.0
0.0,0.1,11,0.0,0.0,1.4523283987303753e-06,0.0,0.012095815583523666,0.3308050943112339,0.7407917126372761,1.0
0.0,0.1,12,0.0,0.0,1.5542483363221428e-06,0.0,0.005598739690848604,0.41063720244062274,0.6813385802885206,1.0
0.0,0.1,13,0.0,0.0003462356810542438,2.8181014829562907e-06,0.0005517654744634764,0.014561153349482627,1.4603677627566878,0.14418902769345276,1.0
0.0,0.1,14,0.0,0.0,8.328602660851946e-07,0.0,0.050054040044451596,0.1260513930434301,0.8996912432061781,1.0
0.0,0.1,15,0.0,0.0005213776549905292,5.909958003829665e-06,0.0008905021515602527,0.01716256443693002,0.4835187457255362,0.6287274528547662,1.0
0.0,0.1,16,0.0,0.0004027638683488085,5.810893640695971e-06,0.0006643846356996825,0.006365721742450162,0.40611928858987517,0.6846549538755036,1.0
0.0,0.1,17,0.0,0.0,0.0011379730709773358,0.0,0.008919596877253117,0.7001483196292158,0.4838346824795121,1.0
0.0,0.1,18,0.0,0.00047983949871977655,0.0013506860892076632,0.0006024663351801797,0.05307309945754055,0.799072903179512,0.4242481405679186,1.0
0.0,0.1,19,0.0,0.0,0.000646610682353437,0.0,0.006324543750421206,0.6477251712542523,0.5171627208602554,1.0
0.0,0.1,20,0.0,0.0015170927734943222,0.00013834317990511216,0.0022539195716420237,0.02273458620202677,1.1560215340224584,0.2476723489695647,1.0
0.0,0.1,21,0.0,0.0,9.401277238681799e-07,0.0,0.005024471511742208,0.7246674755380397,0.4686560528880088,1.0
0.0,0.1,22,0.0,0.0,9.552365420522415e-06,0.0,0.007415314107741957,0.05208636829200035,0.9584598747493036,1.0
0.0,0.1,23,0.0,0.0,2.9276707009390935e-05,0.0,0.011466410113510546,0.6533462264244602,0.5135330973045251,1.0
0.0,0.1,24,0.0,0.001675403278268035,1.1524136939682508e-05,0.003331001469556042,0.014897423183242532,1.1773767427622408,0.2390451684102759,1.0
0.0,0.1,25,0.0,0.0,2.6178010939304566e-06,0.0,0.00666196912475344,0.9102492756832781,0.36269106266056905,1.0
0.0,0.1,26,0.0,0.0,6.019184173389769e-06,0.0,0.009247571096192805,0.24024118113644397,0.8101432903859194,1.0
0.0,0.1,27,0.0,0.0003952847075210566,0.0003456105558045264,0.000585084625402173,0.02148315832841089,0.8539432236567236,0.3931364486846949,1.0
0.0,0.1,28,0.0,0.0,0.0008039407119669878,0.0,0.008590363781525426,0.16031868499596305,0.8726300407470531,1.0
0.0,0.1,29,0.0,0.0,9.553774380319282e-07,0.0,0.01300085400445346,0.33457095409199983,0.7379487586222375,1.0
0.0,0.1,30,0.0,0.0021659317199273303,5.354845695163109e-06,0.0034601478442283866,0.07205191414400038,0.4528071829125546,0.6506875909098997,0.632183908045977
0.0,0.1,31,0.0,0.0,0.0003606379204914768,0.0,0.04463214893345734,0.2659212770396201,0.7902998381832071,1.0
0.0,0.1,32,0.0,0.00039821757900849824,2.0210791337333705e-06,0.0009270570435725447,0.013260733733469289,1.469250155656355,0.1417649508677934,1.0
0.0,0.1,33,0.0,0.0,0.0004126419726759044,0.0,0.039596240246231804,0.6590520432073215,0.5098623496371297,1.0
0.0,0.1,34,0.0,0.0,3.4658888275308537e-06,0.0,0.009716329092460977,0.07106013783691846,0.9433498933318609,1.0
0.0,0.1,35,0.0,0.0,5.2830008481722625e-06,0.0,0.010694697949132793,1.3258830668422268,0.18487843265461756,1.0
0.0,0.1,36,0.0,0.0,0.004320675719266053,0.0,0.0757146897983842,0.291209008651227,0.7708914731037235,1.0
0.0,0.1,37,0.0,0.0,3.202158899355712e-06,0.0,0.0054259769325148526,0.7895195972451794,0.4298083804020125,1.0
0.0,0.1,38,0.0,0.0,6.142921511207207e-06,0.0,0.017173441754948445,2.035682123973592,0.04178228526044481,1.0
0.0,0.1,39,0.0,0.0005002962631076183,3.5647690267692747e-06,0.0006782039389400385,0.02181028173568001,0.3526591039722183,0.7243440221585764,1.0
0.0,0.1,40,0.0,0.001417756611969411,0.001395810055780518,0.002280173184264393,0.06973105076904185,0.47421508175669075,0.6353465395897109,1.0
0.0,0.1,41,0.0,0.002093792141280256,9.231943322078354e-06,0.004451754376682138,0.006606075021078259,0.5758509363736157,0.5647159411255969,0.991504247876062
0.0,0.1,42,0.0,1.124366563280595e-16,5.747161717883951e-06,1.3341700030809767e-16,0.0051508146554414685,0.6023022243759624,0.5469729804610912,1.0
0.0,0.1,43,0.0,0.0003463947433841325,0.021516711491158434,0.000584051005377229,0.06685509498939658,0.36484134600292606,0.7152298396498948,1.0
0.0,0.1,44,0.0,0.0,6.011336990695407e-06,0.0,0.008578701325154533,1.450872652611641,0.14681532424964483,1.0
0.0,0.1,45,0.0,0.0,1.4408946693037746e-05,0.0,0.013229496273471548,0.6626362026214854,0.5075635781551129,1.0
0.0,0.1,46,0.0,0.0,4.636309184069049e-06,0.0,0.020279457849570966,0.5271921653067935,0.5980601488038317,1.0
0.0,0.1,47,0.0,0.0,2.0421642570822985e-06,0.0,0.018575341226718913,0.29558752969940394,0.7675450981644172,1.0
0.0,0.1,48,0.0,0.0,0.00013047104184997857,0.0,0.020388443737440223,0.15169964642888395,0.8794238360540603,1.0
0.0,0.1,49,0.0,5.621832816402975e-17,1.942999102604515e-06,1.3000656349431699e-16,0.003852358411821793,0.17137884800160072,0.8639258855699274,1.0
0.0,0.1,50,0.0,0.00038510816557934077,4.2850104773549545e-06,0.0008263309534872664,0.00812077567379824,1.1369399852729951,0.2555633751330415,1.0
0.0,0.1,51,0.0,0.0,4.570854051602213e-06,0.0,0.01304662487727756,0.8361218833476209,0.4030863386103427,1.0
0.0,0.1,52,0.0,0.0,5.260247549052445e-06,0.0,0.010895208128668371,0.9437313080819105,0.3453069708755061,1.0
0.0,0.1,53,0.0,0.0,6.3919652669955195e-06,0.0,0.012193726805575827,1.2656755385116307,0.20562926947596027,1.0
0.0,0.1,54,0.0,0.00047983949871977655,2.270046296726347e-05,0.0006771537510353552,0.01140653742795078,1.4000847332463877,0.16148794618404194,1.0
0.0,0.1,55,0.0,0.0,3.5764662966677738e-06,0.0,0.012619891257656442,0.5581871915456226,0.5767165662418903,1.0
0.0,0.1,56,0.0,0.0,5.5666471509909535e-06,0.0,0.006170340483365368,0.31203156476718596,0.7550165348646138,1.0
0.0,0.1,57,0.0,0.0,3.439040427382558e-06,0.0,0.011741731258393413,0.7821453934201275,0.4341291319902312,1.0
0.0,0.1,58,0.0,0.0005927429101832337,6.0640726878986645e-06,0.001019052067321033,0.015906930764902474,0.4761396280658775,0.6339749065565505,1.0
0.0,0.1,59,0.0,0.0,3.40056088612521e-06,0.0,0.03372847462071287,0.19176022208712606,0.8479300308213689,1.0
0.0,0.5,0,0.0,0.0020672455764868002,5.9615317186451825e-05,0.002369267446481807,0.032224648695367994,1.2873166187037686,0.1979839534235026,1.0
0.0,0.5,1,0.0,1.124366563280595e-16,6.838752240407888e-05,1.1675204401336035e-16,0.01984775047784786,2.1376722008605373,0.03254335725361557,1.0
0.0,0.5,2,0.0,0.0,0.00023286705517272388,0.0,0.035384607498258135,0.6192844531432685,0.535728984507686,1.0
0.0,0.5,3,0.0,0.0,9.326864902302692e-05,0.0,0.03940362291016089,0.3072538576175177,0.7586501542913324,1.0
0.0,0.5,4,0.0,0.0,0.00018749652254936502,0.0,0.03403520188093442,0.9039219006097529,0.36603681535651966,1.0
0.0,0.5,5,0.0,0.0,6.828836692732788e-05,0.0,0.044066334360161406,0.6631631066979938,0.5072260971664764,1.0
0.0,0.5,6,0.0,0.0021716873864473132,0.0011795743734772143,0.002430051262478561,0.04308097583695189,0.761593331994582,0.44630275576184175,1.0
0.0,0.5,7,0.0,0.0018104643092566822,9.045161342969875e-05,0.002832536689577792,0.03422940024431915,1.3125319741213077,0.1893407050316398,1.0
0.0,0.5,8,0.0,0.0,5.3548552487646097e-05,0.0,0.02155248311749425,1.3577261934025344,0.17455058211726815,1.0
0.0,0.5,9,0.0,0.0,0.0003330458898218141,0.0,0.02518453918239401,1.8284470211553825,0.06748248988629246,1.0
0.0,0.5,10,0.0,0.0,0.0003344252610619498,0.0,0.039087393869850585,0.5750133890606526,0.5652822418747752,1.0
0.0,0.5,11,0.0,0.0,3.6308209968259344e-05,0.0,0.03147869069626091,0.33080509431123223,0.7407917126372772,1.0
0.0,0.5,12,0.0,0.0,3.885620840805273e-05,0.0,0.01874809393041373,0.4106372024406228,0.6813385802885203,1.0
0.0,0.5,13,0.0,0.0017311784052712188,7.04525370739078e-05,0.001987897194955791,0.0497095351165467,1.4603677627566878,0.14418902769345276,1.0
0.0,0.5,14,0.0,0.0,2.082150665213039e-05,0.0,0.03739428050304716,0.005027844435695143,0.9959883774524287,1.0
0.0,0.5,15,0.0,0.002606888274952646,0.00011450413947994544,0.0027943622343624182,0.05567376378615168,0.5123372255836972,0.6084150165074771,1.0
0.0,0.5,16,0.0,0.0020138193417440896,0.0001452723410174015,0.002468355612832726,0.023817441884281962,0.4061192885898519,0.6846549538755204,1.0
0.0,0.5,17,0.0,0.0,0.0013867619052743878,0.0,0.031252810411583926,0.7001483196292285,0.4838346824795041,1.0
0.0,0.5,18,0.0,0.0023991974935989387,0.0014659834374262715,0.001899634087193455,0.0443769820842211,1.8072879808089135,0.07071738907773595,1.0
0.0,0.5,19,0.0,0.0,0.0007245251447597709,0.0,0.02286804553798174,0.6477251712542365,0.5171627208602656,1.0
0.0,0.5,20,0.0,0.007585463867471555,0.00025647404096324655,0.0074500091555524195,0.03278905058558605,1.4824067961811274,0.13823208672875342,1.0
0.0,0.5,21,0.0,0.0,2.3503193096704315e-05,0.0,0.020934842441875462,0.7246674755380709,0.4686560528879897,1.0
0.0,0.5,22,0.0,0.0,0.0002388091355130599,0.0,0.026326762855436003,0.05208636829198326,0.9584598747493174,1.0
0.0,0.5,23,0.0,0.0,0.0007319176752347762,0.0,0.04736445041435363,0.6533462264244666,0.5135330973045209,1.0
0.0,0.5,24,0.0,0.008377016391340333,0.00026941207976282895,0.010585806084180215,0.0456014570809953,1.1773767427622377,0.23904516841027723,1.0
0.0,0.5,25,0.0,0.0,6.548852688192151e-05,0.0,0.02495528144239868,0.9102492756832974,0.36269106266055884,1.0
0.0,0.5,26,0.0,0.0,0.00015047960433474362,0.0,0.03487828570946532,0.24024118113642884,0.8101432903859309,1.0
0.0,0.5,27,0.0,0.00197642353760523,0.000419377143599661,0.0023553975221474693,0.029304211726578325,1.9546465392593029,0.05062480418408377,1.0
0.0,0.5,28,0.0,0.0,0.0009205789855569668,0.0,0.03201355913733747,0.1603186849959541,0.8726300407470602,1.0
0.0,0.5,29,0.0,0.0,2.388443595079924e-05,0.0,0.04193401482693317,0.3345709540919899,0.7379487586222448,1.0
0.0,0.5,30,0.0,0.009057767845832633,0.00012488435632562584,0.009311422827687836,0.05636554349980942,1.1616554127109728,0.24537546379221165,0.8575712143928036
0.0,0.5,31,0.0,1.124366563280595e-16,0.0005140532937536644,1.2675281802218926e-16,0.06118730341909009,0.756810985031202,0.44916311066016235,1.0
0.0,0.5,32,0.0,0.001991087895042632,5.052697834333453e-05,0.002932840285681928,0.043797962790547776,1.4692501556563744,0.1417649508677883,1.0
0.0,0.5,33,0.0,0.0,0.0004679370775920519,0.0,0.03810353192170864,1.7198797367514025,0.08545430457044056,1.0
0.0,0.5,34,0.0,0.0,8.664722068827203e-05,0.0,0.03326439100585074,0.07106013783691092,0.9433498933318669,1.0
0.0,0.5,35,0.0,0.0,0.00013207502120430632,0.0,0.02766583670589009,1.325883066842241,0.1848784326546129,1.0
0.0,0.5,36,0.0,0.0,0.004375171612193473,0.0,0.05896506880093295,0.522339393170052,0.6014340459217973,1.0
0.0,0.5,37,0.0,0.0,8.005397248389331e-05,0.0,0.018552313625992026,0.7895195972451992,0.4298083804020012,1.0
0.0,0.5,38,0.0,0.0,0.0001535730377801764,0.0,0.05832097788755322,2.0356821239735954,0.041782285260444585,1.0
0.0,0.5,39,0.0,0.0025014813155380916,8.911922566923258e-05,0.002654398516683684,0.03749171072521395,0.39070392906513984,0.6960160942887625,1.0
0.0,0.5,40,0.0,0.007088783059847277,0.0016598095328684776,0.006836652558277896,0.046500091000317184,1.1088297330360817,0.26750364118336734,1.0
0.0,0.5,41,0.0,0.010468960706401265,0.0002307985830519578,0.016924137063178094,0.025384718548043535,0.5758509363736267,0.5647159411255895,0.991504247876062
0.0,0.5,42,0.0,0.0,0.00014367904294709853,0.0,0.020906934736866573,0.6023022243759832,0.5469729804610772,1.0
0.0,0.5,43,0.0,0.0017319737169206066,0.02158889761370345,0.001977736924218448,0.04623750447673974,0.9149157239678762,0.36023587467743257,1.0
0.0,0.5,44,0.0,0.0,0.00015028342476738438,0.0,0.027076308495915514,1.4508726526116504,0.14681532424964217,1.0
0.0,0.5,45,0.0,0.0,0.00036022366732593996,0.0,0.04395477639850868,0.6626362026214819,0.5075635781551151,1.0
0.0,0.5,46,0.0,0.0,0.00011590772960172847,0.0,0.07014385168730294,0.5271921653067952,0.5980601488038304,1.0
0.0,0.5,47,0.0,0.0,5.1054106427057735e-05,0.0,0.016794330573210437,0.6561463259190192,0.5117299798826087,1.0
0.0,0.5,48,0.0,0.0,0.00031260548594556534,0.0,0.03306783280016095,0.07626729523744877,0.9392064446562232,1.0
0.0,0.5,49,0.0,0.0,4.857497756511314e-05,0.0,0.013487577076555603,0.17137884800162084,0.8639258855699117,1.0
0.0,0.5,50,0.0,0.0019255408278966205,0.0001071252619338742,0.002690945549440152,0.025905580484648146,1.1369399852730149,0.2555633751330335,1.0
0.0,0.5,51,0.0,0.0,0.00011427135129005571,0.0,0.038580898116626204,0.8361218833476217,0.40308633861034227,1.0
0.0,0.5,52,0.0,0.0,0.0001315061887263125,0.0,0.03703848958642559,0.9437313080819187,0.3453069708755021,1.0
0.0,0.5,53,0.0,0.0,0.00015979913167488567,0.0,0.043386710692272304,1.2656755385116165,0.20562926947596516,1.0
0.0,0.5,54,0.0,0.0023991974935989387,0.0005675115741815876,0.0024197506011162345,0.042507229411990415,1.4000847332463862,0.16148794618404239,1.0
0.0,0.5,55,0.0,0.0,8.941165741669395e-05,0.0,0.04576023246451109,0.558187191545606,0.5767165662419016,1.0
0.0,0.5,56,0.0,0.0,0.00013916617877477464,0.0,0.01970626347691301,0.31203156476719757,0.755016534864605,1.0
0.0,0.5,57,0.0,0.0,8.597601068456329e-05,0.0,0.03846812809787701,0.782145393420121,0.4341291319902352,1.0
0.0,0.5,58,0.0,0.002963714550916336,0.00015160181719746677,0.0033178718086541003,0.05092043787005983,0.4761396280658678,0.6339749065565572,1.0
0.0,0.5,59,0.0,0.0,8.501402215312978e-05,0.0,0.036645936468163116,1.0622148532471745,0.2881381583384037,1.0
0.0,2.0,0,0.0,0.008268982305947312,0.0009538450749832361,0.0045331826635327645,0.05940553401346034,1.2873166187037641,0.1979839534235044,1.0
0.0,2.0,1,0.0,2.24873312656119e-16,0.0010942003584652627,1.1859455734974602e-16,0.0386311766090643,2.1376722008605307,0.03254335725361601,1.0
0.0,2.0,2,0.0,0.0,0.0019892915609514934,0.0,0.0637389891701211,0.7340827226265516,0.46289832284652976,1.0
0.0,2.0,3,0.0,0.0,0.0014922983843684318,0.0,0.08692960992635423,0.3072538576175144,0.7586501542913349,1.0
0.0,2.0,4,0.0,0.0,0.0007137836465041274,0.0,0.06762120050791455,1.0606121284651513,0.2888662083988418,1.0
0.0,2.0,5,0.0,2.24873312656119e-16,0.0010926138708372475,1.1598121959138195e-16,0.06204442047211296,0.6344654456153281,0.5257771105857227,1.0
0.0,2.0,6,0.0,0.008686749545789253,0.002832620859018511,0.004594416831193144,0.04745550739158809,0.4827742689975023,0.6292560226973116,1.0
0.0,2.0,7,0.0,0.00724185723702673,0.0014472258148751777,0.004687078527441664,0.05502188218815711,1.3125319741213082,0.1893407050316398,1.0
0.0,2.0,8,0.0,0.0,0.0008567768398023379,0.0,0.035804022766745554,1.3577261934025304,0.17455058211726948,1.0
0.0,2.0,9,0.0,0.0,0.0022536114978653956,0.0,0.04549293675092492,1.9499391248727027,0.05118337514457383,1.0
0.0,2.0,10,0.0,0.0,0.0021173079549430666,0.0,0.05826880827506994,0.5379659309515046,0.5906005693914873,1.0
0.0,2.0,11,0.0,0.0,0.0005809313594921484,0.0,0.044999024405101125,0.3308050943112321,0.7407917126372774,1.0
0.0,2.0,12,0.0,0.0,0.0006216993345288471,0.0,0.033500733838744856,0.4106372024406116,0.6813385802885286,1.0
0.0,2.0,13,0.0,0.006924713621084875,0.0011272405931825253,0.003882792390987074,0.09080961495826292,1.460367762756688,0.14418902769345276,1.0
0.0,2.0,14,0.0,0.0,0.0003331441064340841,0.0,0.030293855497328347,0.2894365833463449,0.7722473029532981,1.0
0.0,2.0,15,0.0,0.010427553099810584,0.0018450725893054182,0.004664017223960645,0.0952792642949279,0.516284590517848,0.6056556570675695,1.0
0.0,2.0,16,0.0,0.008055277366976452,0.002324357456278421,0.005028322668112689,0.04901051262995518,0.4061192885898515,0.6846549538755209,1.0
0.0,2.0,17,0.0,0.0,0.004981159819220825,0.0,0.058908588340485256,0.7001483196292219,0.48383468247950834,1.0
0.0,2.0,18,0.0,0.009596789974395755,0.003491463077353476,0.003185731184316749,0.053922229051215735,2.1296976587912613,0.03319658241208456,1.0
0.0,2.0,19,0.0,0.0,0.0020929781364278253,0.0,0.04487937892946375,0.6477251712542397,0.5171627208602634,1.0
0.0,2.0,20,0.0,0.030341855469886225,0.0025149203396140976,0.01312209200584818,0.053731497832456364,1.3369571899166794,0.18123661122729628,0.984007996001999
0.0,2.0,21,0.0,0.0,0.00037605108954726904,0.0,0.05152976366877776,0.7246674755380765,0.4686560528879862,1.0
0.0,2.0,22,0.0,0.0,0.003820946168208964,0.0,0.050452353009284856,0.05208636829198754,0.9584598747493138,1.0
0.0,2.0,23,0.0,0.0,0.011710682803756426,0.0,0.11468631672039516,0.653346226424465,0.513533097304522,1.0
0.0,2.0,24,0.0,0.03350806556536133,0.004319638325017554,0.017892564822647155,0.07432310984665082,1.1773767427622386,0.2390451684102768,1.0
0.0,2.0,25,0.0,0.0,0.0010519052620450624,0.0,0.05143957301474731,0.9102492756832941,0.3626910626605606,1.0
0.0,2.0,26,0.0,0.0,0.002407673669355913,0.0,0.07261437879398179,0.24024118113643633,0.8101432903859251,1.0
0.0,2.0,27,0.0,0.007905694150420922,0.0014508842782734255,0.005443814599090389,0.04996219537971634,2.36752776592395,0.017907376293343935,1.0
0.0,2.0,28,0.0,0.0,0.00235575480882745,0.0,0.06550128836152914,0.1603186849959541,0.8726300407470602,1.0
0.0,2.0,29,0.0,2.24873312656119e-16,0.00038215097521278617,1.2462289989404253e-16,0.07196227337391102,0.3345709540919882,0.7379487586222462,1.0
0.0,2.0,30,0.0,0.03603697159219653,0.0020122260951864115,0.01585272655504135,0.056892179661330915,1.707407501425744,0.08774633705652124,0.8730634682658671
0.0,2.0,31,0.0,0.0,0.002471113843604178,0.0,0.0846130399813044,0.8630769491571216,0.38809516065508465,1.0
0.0,2.0,32,0.0,0.007964351580170415,0.0008084316534933458,0.004934745977785666,0.07707934564135556,1.4692501556563735,0.1417649508677885,1.0
0.0,2.0,33,0.0,2.24873312656119e-16,0.001411614856889521,1.3351694782591784e-16,0.058108622413040684,1.7942974470772208,0.07276570537242111,1.0
0.0,2.0,34,0.0,2.24873312656119e-16,0.0013863555310123514,1.163665999669431e-16,0.06097031797217012,0.07106013783691283,0.9433498933318654,1.0
0.0,2.0,35,0.0,2.24873312656119e-16,0.0021132003392689003,1.365442608205843e-16,0.03938415403438235,1.3258830668422341,0.18487843265461512,1.0
0.0,2.0,36,0.0,0.0,0.005279397603676792,0.0,0.05454966539598988,0.7458384409338081,0.45576501544991244,1.0
0.0,2.0,37,0.0,0.0,0.0012808635597422928,0.0,0.033953320956602986,0.7895195972451953,0.4298083804020032,1.0
0.0,2.0,38,0.0,0.0,0.00245716860448282,0.0,0.10589367742544062,2.0356821239735954,0.041782285260444585,1.0
0.0,2.0,39,0.0,0.010005925262152366,0.0014259076107077215,0.005851199067980949,0.07950022377427739,0.3232353618558695,0.7465170021864396,1.0
0.0,2.0,40,0.0,0.028355132239388663,0.0038331827101929605,0.010933081599105023,0.03726004326585112,1.8140884881563453,0.06966410358864539,0.9995002498750625
0.0,2.0,41,0.0,0.041875842825605164,0.003692777328831318,0.03565337913714715,0.05435625329576967,0.5758509363736267,0.5647159411255895,0.991504247876062
0.0,2.0,42,0.0,0.0,0.00229886468715356,0.0,0.04902603226836681,0.6023022243759881,0.5469729804610739,1.0
0.0,2.0,43,0.0,0.006927894867682426,0.02273422300401653,0.0035790962016478633,0.03589267780135045,1.729855412139168,0.08365611128410722,1.0
0.0,2.0,44,0.0,0.0,0.0024045347962781496,0.0,0.04545232554287409,1.4508726526116453,0.14681532424964372,1.0
0.0,2.0,45,0.0,2.24873312656119e-16,0.005763578677215039,1.2009219589457536e-16,0.07786022145502473,0.6626362026214818,0.5075635781551151,1.0
0.0,2.0,46,0.0,0.0,0.0018545236736276533,0.0,0.13014587190943472,0.5271921653067932,0.5980601488038317,1.0
0.0,2.0,47,0.0,0.0,0.0008168657028329263,0.0,0.023118790860393413,0.7761734920958722,0.43764655527912644,1.0
0.0,2.0,48,0.0,0.0,0.0026789344275506936,0.0,0.06509368304929249,0.02527063420972516,0.9798390969539568,1.0
0.0,2.0,49,0.0,0.0,0.0007771996410418119,0.0,0.02539843883375476,0.17137884800161415,0.863925885569917,1.0
0.0,2.0,50,0.0,0.007702163311586482,0.001714004190941985,0.004664439462640157,0.04395485238004394,1.136939985273015,0.25556337513303307,1.0
0.0,2.0,51,0.0,0.0,0.0018283416206408927,0.0,0.06094607519649986,0.8361218833476213,0.4030863386103425,1.0
0.0,2.0,52,0.0,0.0,0.002104099019621,0.0,0.06733171496373627,0.9437313080819192,0.34530697087550166,1.0
0.0,2.0,53,0.0,0.0,0.002556786106798173,0.0,0.0833793802978853,1.2656755385116134,0.2056292694759665,1.0
0.0,2.0,54,0.0,0.009596789974395755,0.009080185186905392,0.004675983004763647,0.08696799821531115,1.4000847332463846,0.16148794618404283,1.0
0.0,2.0,55,0.0,0.0,0.0014305865186670967,0.0,0.09014707944697152,0.5581871915456048,0.5767165662419025,1.0
0.0,2.0,56,0.0,0.0,0.002226658860396388,0.0,0.03347535081676257,0.312031564767192,0.7550165348646094,1.0
0.0,2.0,57,0.0,0.0,0.0013756161709530179,0.0,0.0671094695246512,0.7821453934201233,0.4341291319902336,1.0
0.0,2.0,58,0.0,0.011854858203665344,0.0024256290751594753,0.005749914582040082,0.08670484990072069,0.47613962806587246,0.6339749065565541,1.0
0.0,2.0,59,0.0,0.0,0.0013602243544500764,0.0,0.057949827239440574,1.4322888272710657,0.15206117926385154,1.0
0.05,0.1,0,0.008214520178565271,0.007821114719498094,2.384612687458146e-06,0.011374822857134557,0.016333214475726818,0.04014631357390041,0.9679764786501728,0.0004997501249375312
0.05,0.1,1,0.0,0.0,2.735500896163116e-06,0.0,0.022670695004817828,1.3477847944215846,0.17772760991583003,1.0
0.05,0.1,2,0.012851913557862327,0.012851913557862332,0.0001191804084730453,0.02295446265713712,0.02589060028527912,1.0278623736516685,0.3040145709617801,0.4962518740629685
0.05,0.1,3,0.007325854901087409,0.0073258549010874014,3.73074596092111e-06,0.01043795883050183,0.017865924575577726,0.3061704268705186,0.7594748878185658,0.0004997501249375312
0.05,0.1,4,0.009804868656542858,0.009804868656542865,0.00014003392683604055,0.01795399673023852,0.030154576789199666,0.842235895577433,0.3996559251161036,0.7391304347826086
0.05,0.1,5,0.01890089148060366,0.018900891480603643,2.731534677093141e-06,0.02153769999932924,0.04360563413689849,0.09222754420726129,0.9265172541899414,0.0004997501249375312
0.05,0.1,6,0.007261098761152814,0.007185647502635572,0.001044011629637381,0.01038851515677414,0.04773779283163955,0.28930239136073416,0.7723499824854454,1.0
0.05,0.1,7,0.014924489425618038,0.015030636634720047,3.618064537187928e-06,0.034947376123376,0.03543250048050676,1.183544891007731,0.23659326635703892,0.0004997501249375312
0.05,0.1,8,0.02739587903379244,0.027395879033792456,2.1419420995058562e-06,0.04724362235125861,0.02942095039775479,1.1381772074515764,0.25504649404042734,0.0004997501249375312
0.05,0.1,9,0.009748232910214802,0.009748232910214821,0.00021317623621921878,0.01584448733322737,0.03078376521852121,1.4447123777206812,0.1485386917033935,0.7716141929035483
0.05,0.1,10,0.012878540664952344,0.012878540664952379,0.00020786121434583123,0.01907981896344753,0.03474842929067418,0.13914784280432405,0.889333322838088,0.4987506246876562
0.05,0.1,11,0.022625874556140353,0.022625874556140367,1.4523283987303677e-06,0.07826218660635008,0.07400191275931524,0.10352021614002431,0.9175501055302626,0.0004997501249375312
0.05,0.1,12,0.0,5.621832816402975e-17,1.5542483363221337e-06,1.3649045974469021e-16,0.05809242041656409,0.8759880452376275,0.38103653282496586,1.0
0.05,0.1,13,0.009097127426480788,0.008843531497763922,2.8181014829562907e-06,0.012659231674463851,0.023480266002126125,0.366761756392874,0.7137967366336395,0.0004997501249375312
0.05,0.1,14,0.0,0.0,8.328602660852132e-07,0.0,0.04784875076521132,0.3471714385187087,0.7284625267186826,1.0
0.05,0.1,15,0.004369909886174653,0.004267375230416046,5.909958003829665e-06,0.006614687090311472,0.02657364984094407,0.0943363779886426,0.9248419532982466,0.0009995002498750624
0.05,0.1,16,0.006303366799093753,0.0064505344993502555,5.810893640695993e-06,0.009991597298674455,0.015605468417176416,1.4184278115941398,0.15606590063855807,0.0004997501249375312
0.05,0.1,17,0.006641914519927858,0.006641914519927879,0.001137973070977336,0.007882314409255535,0.019869983231095914,0.26157619511302,0.7936481987112989,1.0
0.05,0.1,18,0.005366521358832562,0.005305508387236348,0.0013506860892076634,0.006126775668742104,0.05248732780518603,0.3980699574587316,0.6905786188444114,1.0
0.05,0.1,19,0.0145504819238582,0.014550481923858192,0.0006466106823534366,0.026687422045638037,0.028165446209638498,0.05926556927532769,0.9527405846285086,0.5147426286856571
0.05,0.1,20,0.009661998200305964,0.008413858580162668,0.00013834317990511216,0.01132905491415534,0.02585539731796019,0.5582042126399711,0.5767049445790204,0.9905047476261869
0.05,0.1,21,0.019692028771840578,0.01969202877184056,9.401277238681973e-07,0.024323161650982,0.03023730258217867,0.9165284302930501,0.3593898029310003,0.0004997501249375312
0.05,0.1,22,0.009432118653738176,0.009432118653738176,9.552365420522415e-06,0.012846357825987458,0.016605492122756475,2.303481388805665,0.02125177312072357,0.0004997501249375312
0.05,0.1,23,0.0,0.0,2.9276707009391057e-05,0.0,0.02880977035474151,0.8604599206118213,0.3895355676188179,1.0
0.05,0.1,24,0.0014014072597543894,0.002297901263713781,1.1524136939682584e-05,0.004131260148272209,0.0193959787073755,1.8236841407790096,0.06819983782012451,0.9930034982508745
0.05,0.1,25,0.0,0.0,2.617801093930457e-06,0.0,0.025432779214777837,0.5985509478007871,0.549472374784433,1.0
0.05,0.1,26,0.007680628486848681,0.0076806284868486665,6.019184173389769e-06,0.008987953598758458,0.014096381335866688,0.3410622684093208,0.7330567054596162,0.0004997501249375312
0.05,0.1,27,0.010908356375815022,0.010816231080609817,0.0003456105558045253,0.014758623111751246,0.02432806418445842,1.002402269263581,0.3161493465814511,0.9470264867566217
0.05,0.1,28,0.010587362110896012,0.010587362110896024,0.0008039407119669878,0.01682653662881122,0.020714276545490934,0.44567563679510114,0.6558315657274949,0.5047476261869065
0.05,0.1,29,0.00905034982245614,0.009050349822456137,9.553774380319989e-07,0.01548423091406912,0.03420378273391123,1.196656518396198,0.23144046144584918,0.0004997501249375312
0.05,0.1,30,0.016124619165041664,0.018037597748090432,5.354845695163109e-06,0.0257150506017021,0.07211061594845689,0.13191012196516957,0.8950553824227958,0.0004997501249375312
0.05,0.1,31,0.008573359486076208,0.008573359486076222,0.0003606379204914767,0.016286439963779334,0.046532446781277846,0.31698783901385147,0.7512528298543499,0.5272363818090955
0.05,0.1,32,0.01628163092025148,0.01594123458958603,2.0210791337333425e-06,0.033862833013949704,0.03020325471639133,0.8608681292750127,0.38931067661964547,0.0004997501249375312
0.05,0.1,33,0.011463353601083574,0.011463353601083557,0.0004126419726759042,0.022569957849644107,0.03782609612527158,1.419019395829205,0.15589336144619348,0.5252373813093453
0.05,0.1,34,0.011271524991811253,0.011271524991811279,3.4658888275308546e-06,0.017364509147472666,0.02172108675495262,0.5792165836794038,0.5624430423290836,0.0004997501249375312
0.05,0.1,35,0.021346250096033102,0.021346250096033116,5.283000848172234e-06,0.05978038827184676,0.05280710116688681,1.484367685877475,0.13771140260880643,0.0004997501249375312
0.05,0.1,36,0.007051212893420787,0.007051212893420805,0.004320675719266055,0.009205546321499484,0.07518193744497607,0.47586361491294704,0.6341715453270389,1.0
0.05,0.1,37,0.031599540865430036,0.03159954086543004,3.2021588993557218e-06,0.08190412192702061,0.07127977265524027,1.0482665332285026,0.2945158242100212,0.0004997501249375312
0.05,0.1,38,0.014198386733590898,0.014198386733590928,6.142921511207169e-06,0.023667967212019008,0.018640069348924596,3.1216623129963983,0.0017983308437719003,0.0004997501249375312
0.05,0.1,39,0.005873639746753615,0.005683048124633882,3.5647690267693298e-06,0.007149383674475777,0.024785217825923626,0.21139807102707198,0.8325766618309034,0.0004997501249375312
0.05,0.1,40,0.00365440841377929,0.004528588677303994,0.001395810055780518,0.00669141592487934,0.06415296694501839,0.4847513720094431,0.6278527208286975,0.9950024987506247
0.05,0.1,41,0.003456977698487173,0.001836120402765058,9.231943322078313e-06,0.0035368557123390838,0.024365556564748193,0.4599776859472108,0.6455322371766945,0.9975012493753124
0.05,0.1,42,0.008643331870193168,0.008643331870193185,5.747161717883951e-06,0.009592197508895697,0.014450751759778281,0.04286364772351592,0.965810227016568,0.0004997501249375312
0.05,0.1,43,0.02070854831915629,0.02037677756123876,0.021516711491158434,0.030829668210174042,0.06134034362171292,0.17373828950249043,0.8620711444444056,1.0
0.05,0.1,44,0.014883211061796154,0.014883211061796154,6.01133699069542e-06,0.024149899765707958,0.038196019001377944,0.43595053979575926,0.6628726153041509,0.0004997501249375312
0.05,0.1,45,0.015697350608306907,0.015697350608306907,1.4408946693037746e-05,0.025514717332012764,0.018827737336309172,1.9573901356506456,0.050301617360955175,0.0004997501249375312
0.05,0.1,46,0.0,0.0,4.6363091840690495e-06,0.0,0.026015890316370912,1.27265741036121,0.2031396368193863,1.0
0.05,0.1,47,0.0,0.0,2.042164257082298e-06,0.0,0.03879027775719415,1.2065863842452793,0.22759147295853932,1.0
0.05,0.1,48,0.015263824241792437,0.015263824241792436,0.00013047104184997857,0.02541341964351487,0.032197505798751774,0.43811224653166553,0.6613049172502323,0.30484757621189407
0.05,0.1,49,0.0,5.621832816402975e-17,1.9429991026045306e-06,1.1006795454825549e-16,0.03492647929712916,1.2280330737855005,0.21943455258177713,1.0
0.05,0.1,50,0.015548781339371943,0.01562971502048493,4.28501047735489e-06,0.028887964177858674,0.033868198951486746,1.0740467632942716,0.28280172305406825,0.0004997501249375312
0.05,0.1,51,0.03343933466090649,0.0334393346609065,4.570854051602215e-06,0.10276038632610908,0.043809559822984116,1.5145920835487074,0.12987573822475373,0.0004997501249375312
0.05,0.1,52,0.009345746534781093,0.009345746534781103,5.260247549052445e-06,0.013302804382777608,0.017105820216679158,0.7544354936642609,0.4505877655673378,0.0004997501249375312
0.05,0.1,53,0.022162841454498178,0.022162841454498164,6.3919652669955195e-06,0.03557347760831086,0.02407546633131026,2.2998495097596607,0.021456747404447363,0.0004997501249375312
0.05,0.1,54,0.01156112166994073,0.011374035520603157,2.270046296726347e-05,0.014710423284702755,0.015741037707936487,1.5617581590356087,0.11834497202323635,0.0004997501249375312
0.05,0.1,55,0.007785498647191311,0.007785498647191352,3.5764662966677738e-06,0.01064994116891258,0.0200292805300554,0.10842264076636363,0.9136604422645285,0.0004997501249375312
0.05,0.1,56,0.008268982305947229,0.008268982305947256,5.566647150990991e-06,0.011160949532748415,0.03013665735453351,1.4603332166600074,0.1441985172457847,0.0004997501249375312
0.05,0.1,57,0.009999155075067349,0.009999155075067328,3.4390404273824983e-06,0.017684483253757502,0.023840929661400712,0.19133147797941746,0.8482659007571312,0.0004997501249375312
0.05,0.1,58,0.005833170582813473,0.00630407557569197,6.064072687898756e-06,0.009810058630164957,0.019382251023706814,0.04739498834639483,0.9621984232538006,0.0004997501249375312
0.05,0.1,59,0.022471888104602045,0.02247188810460205,3.400560886125167e-06,0.041289122885849946,0.044118353076343673,0.03042410918570752,0.9757288174036021,0.0004997501249375312
0.05,0.5,0,0.008214520178565271,0.006273325564668864,5.961531718645269e-05,0.0066642877807356355,0.031579014000346885,0.9988886297936838,0.3178486448395397,0.9195402298850575
0.05,0.5,1,0.0,0.0,6.838752240407892e-05,0.0,0.024179105728640297,2.267939227186445,0.023332911027601266,1.0
0.05,0.5,2,0.012851913557862327,0.012851913557862386,0.00023286705517272388,0.016609471967432336,0.036966858844808305,0.038373301174491156,0.9693900478748021,0.623688155922039
0.05,0.5,3,0.007325854901087409,0.0073258549010874014,9.326864902302701e-05,0.008228263233166014,0.039145989506110195,0.12104422591808899,0.9036560054880618,0.8335832083958021
0.05,0.5,4,0.009804868656542858,0.009804868656542865,0.00018749652254936502,0.013980214717205609,0.035978734602084575,0.1096103167908677,0.9127184283468788,0.7481259370314842
0.05,0.5,5,0.01890089148060366,0.01890089148060359,6.828836692732799e-05,0.01694705432320317,0.041775510830162434,0.3452747513221059,0.7298878263843847,0.0004997501249375312
0.05,0.5,6,0.007261098761152814,0.00714467705129961,0.0011795743734772123,0.007461269543911115,0.04248217475379995,0.3254342121715206,0.7448524658966162,1.0
0.05,0.5,7,0.014924489425618038,0.015532574628034998,9.045161342969894e-05,0.023125405782584086,0.03858784606702801,1.555129807419597,0.11991515724283786,0.0029985007496251873
0.05,0.5,8,0.02739587903379244,0.027395879033792446,5.354855248764625e-05,0.030917616977210616,0.026369904313806765,1.6557453158139614,0.09777340613643126,0.0004997501249375312
0.05,0.5,9,0.009748232910214802,0.009748232910214821,0.00033304588982181407,0.01206729927500275,0.03341817352507972,1.9935360814613143,0.04620277663981964,0.9830084957521239
0.05,0.5,10,0.012878540664952344,0.012878540664952379,0.00033442526106194936,0.01212156588068467,0.037105235697008056,0.29540254659095205,0.7676863881625431,0.5592203898050975
0.05,0.5,11,0.022625874556140353,0.02262587455614033,3.63082099682594e-05,0.04535597783405755,0.05310422470948291,0.056847727276816126,0.9546664945134569,0.0004997501249375312
0.05,0.5,12,0.0,0.0,3.885620840805273e-05,0.0,0.04480194721738278,0.9258095927237391,0.3545449410820938,1.0
0.05,0.5,13,0.009097127426480788,0.007899805063537917,7.045253707390779e-05,0.008386760924428017,0.049872858503780114,1.212062317417834,0.22548852692221644,0.5667166416791605
0.05,0.5,14,0.0,0.0,2.0821506652130023e-05,0.0,0.035401334389427254,0.4718513899205467,0.6370328669078904,1.0
0.05,0.5,15,0.004369909886174653,0.004483826525989031,0.00011450413947994464,0.0045174405651080595,0.055390504085409624,0.42191940855495363,0.6730838429912773,1.0
0.05,0.5,16,0.006303366799093753,0.0072361328963623855,0.00014527234101740138,0.008461040975090739,0.024521479969033054,0.39483105547057246,0.6929675741428043,0.9920039980009995
0.05,0.5,17,0.006641914519927858,0.006641914519927833,0.0013867619052743863,0.005547988137121568,0.032790459347678984,0.6225926270823144,0.5335522574717158,1.0
0.05,0.5,18,0.005366521358832562,0.005490793125458766,0.0014659834374262715,0.00412074895803188,0.04375352178960728,1.4960811681162307,0.13463250469928578,1.0
0.05,0.5,19,0.0145504819238582,0.014550481923858192,0.0007245251447597705,0.0195196629915492,0.02669611573896867,0.4642901559153037,0.6424398758702106,0.5177411294352824
0.05,0.5,20,0.009661998200305964,0.005155545927619731,0.00025647404096324644,0.004739552718257518,0.034634093028627404,1.1403317536055835,0.2541481135401513,1.0
0.05,0.5,21,0.019692028771840578,0.01969202877184056,2.350319309670453e-05,0.020371076812937775,0.03128045384873055,1.1119181920028158,0.26617332609615674,0.0004997501249375312
0.05,0.5,22,0.009432118653738176,0.009432118653738206,0.00023880913551305955,0.009232561423085123,0.026261896777100936,1.0199561870740648,0.3077492400990671,0.9995002498750625
0.05,0.5,23,0.0,0.0,0.000731917675234777,0.0,0.05106844225433619,0.044276327542351904,0.9646841410498996,1.0
0.05,0.5,24,0.0014014072597543894,0.008642077571669094,0.00026941207976282895,0.010232224460207407,0.041081802995561016,1.5215652212451856,0.12811805746813643,1.0
0.05,0.5,25,0.0,0.0,6.548852688192145e-05,0.0,0.02939923198018467,0.18795225873988217,0.8509140761136804,1.0
0.05,0.5,26,0.007680628486848681,0.007680628486848636,0.0001504796043347447,0.006961390385164049,0.03362086625487356,0.07768968460272245,0.9380748997996748,0.9940029985007496
0.05,0.5,27,0.010908356375815022,0.010588216028142512,0.0004193771435996606,0.011812238570300532,0.03031030031999177,1.9619960761109763,0.04976294109148549,0.9620189905047476
0.05,0.5,28,0.010587362110896012,0.010587362110896023,0.0009205789855569668,0.012866295367524313,0.03369499830876323,0.3223730998852901,0.7471700605275897,0.8350824587706147
0.05,0.5,29,0.00905034982245614,0.009050349822456137,2.3884435950799135e-05,0.01055917669441383,0.039060589957831335,0.42756306530959426,0.6689692611259705,0.0004997501249375312
0.05,0.5,30,0.016124619165041664,0.025103244663506705,0.00012488435632562584,0.02394810950230656,0.056734245232810475,0.860197953888441,0.38967993238456633,0.0004997501249375312
0.05,0.5,31,0.008573359486076208,0.008573359486076241,0.0005140532937536639,0.009133020414566288,0.0608970916284283,0.7565248442892518,0.44933458253771175,0.9930034982508745
0.05,0.5,32,0.01628163092025148,0.014608912495888976,5.052697834333418e-05,0.020287257788291876,0.04649364509778273,0.6229539344338543,0.5333147938714176,0.0004997501249375312
0.05,0.5,33,0.011463353601083574,0.011463353601083557,0.0004679370775920519,0.015053333504204602,0.033703041275921754,2.4117804284619493,0.01587483858179395,0.5257371314342829
0.05,0.5,34,0.011271524991811253,0.011271524991811279,8.664722068827172e-05,0.012136049153798683,0.03310565441374037,0.21324745161409991,0.8311339583092432,0.09395302348825588
0.05,0.5,35,0.021346250096033102,0.021346250096033116,0.0001320750212043064,0.03349014260182582,0.03673617763432708,1.925482727869834,0.0541689947445263,0.0004997501249375312
0.05,0.5,36,0.007051212893420787,0.007051212893420805,0.004375171612193473,0.006389070426918873,0.05914055386300707,0.672526317827704,0.5012486914633327,1.0
0.05,0.5,37,0.031599540865430036,0.03159954086543006,8.005397248389348e-05,0.06064509693167257,0.05010061566981566,0.8639603544843154,0.3876096697582181,0.0004997501249375312
0.05,0.5,38,0.014198386733590898,0.01419838673359093,0.0001535730377801764,0.015542526471155726,0.05145366442478897,2.5138951191432235,0.011940593814906864,0.12243878060969515
0.05,0.5,39,0.005873639746753615,0.005337839586718312,8.911922566923244e-05,0.005339904856744317,0.03639765341928785,0.11354713455478213,0.9095967967075644,0.9825087456271864
0.05,0.5,40,0.00365440841377929,0.009451055488033286,0.0016598095328684804,0.008655769982379265,0.04453683704900101,1.110774596659852,0.26666538362797665,0.9910044977511244
0.05,0.5,41,0.003456977698487173,0.007532145912928103,0.0002307985830519567,0.011285953661273608,0.02910920049754364,0.06422423681134591,0.948791679045484,1.0
0.05,0.5,42,0.008643331870193168,0.008643331870193139,0.0001436790429470973,0.007812926802084197,0.020709802370015074,0.48420275580244504,0.6282419813132307,0.9950024987506247
0.05,0.5,43,0.02070854831915629,0.019054899929377186,0.021588897613703452,0.0201939972693769,0.04501204658926362,0.7061003196771896,0.4801257529362801,1.0
0.05,0.5,44,0.014883211061796154,0.014883211061796154,0.00015028342476738356,0.015247791648843432,0.03623095700907698,0.513280419362158,0.607755178785609,0.018490754622688656
0.05,0.5,45,0.015697350608306907,0.015697350608306907,0.00036022366732593974,0.017673275966723037,0.04232708351309821,1.1130412374305954,0.265690719168429,0.7661169415292354
0.05,0.5,46,0.0,0.0,0.00011590772960172847,0.0,0.06889356421946148,0.7420939014166934,0.45803044458496345,1.0
0.05,0.5,47,0.0,0.0,5.105410642705788e-05,0.0,0.030327583557647655,1.3389504503866179,0.18058680411418404,1.0
0.05,0.5,48,0.015263824241792437,0.015263824241792436,0.00031260548594556534,0.019846263473906396,0.03418650216697281,0.32724514822429224,0.7434824756786382,0.5062468765617192
0.05,0.5,49,0.0,0.0,4.8574977565113134e-05,0.0,0.029697514767219806,0.9908861728669065,0.3217411648280635,1.0
0.05,0.5,50,0.015548781339371943,0.016042060950307212,0.00010712526193387372,0.020291947355782502,0.030262576424729255,0.06777730802331186,0.9459629077893354,0.014992503748125937
0.05,0.5,51,0.03343933466090649,0.03343933466090652,0.00011427135129005533,0.060829710575547806,0.04279007880283427,0.4093348720377013,0.6822939275218056,0.0004997501249375312
0.05,0.5,52,0.009345746534781093,0.009345746534781148,0.00013150618872631142,0.009064407773130013,0.03740674711454737,0.9489111987933424,0.34266577834551937,0.9610194902548725
0.05,0.5,53,0.022162841454498178,0.022162841454498164,0.00015979913167488564,0.025375304789604647,0.04505310092112087,1.8080636466398898,0.07059659532387763,0.0004997501249375312
0.05,0.5,54,0.01156112166994073,0.010807876847080138,0.0005675115741815859,0.01023386510149567,0.03940162847719702,1.612949931130828,0.10675538602348644,1.0
0.05,0.5,55,0.007785498647191311,0.007785498647191352,8.941165741669395e-05,0.007747549898536989,0.042960039766780485,0.4857052496328176,0.6271761610912574,0.7971014492753623
0.05,0.5,56,0.008268982305947229,0.008268982305947201,0.00013916617877477317,0.007460112245206588,0.028103913246717058,0.8599998073735522,0.3897891486863534,0.9655172413793104
0.05,0.5,57,0.009999155075067349,0.009999155075067372,8.59760106845633e-05,0.012380249919720495,0.0354571773008726,0.5349209878727662,0.592704494684807,0.3193403298350825
0.05,0.5,58,0.005833170582813473,0.008344471899337293,0.00015160181719746734,0.008744900141972663,0.04928370433348534,0.3827810431436578,0.701882118343508,0.9980009995002499
0.05,0.5,59,0.022471888104602045,0.02247188810460205,8.501402215312978e-05,0.030125155796536927,0.04049042023676488,0.7473227849951861,0.4548687420098676,0.0004997501249375312
0.05,2.0,0,0.008214520178565271,0.002503094195429887,0.0009538450749832363,0.0013223522058106686,0.05769683468931645,1.2248599853592284,0.22062797921681865,1.0
0.05,2.0,1,0.0,2.24873312656119e-16,0.0010942003584652638,1.167979675703312e-16,0.038103203452532944,2.307251053732274,0.02104082844629107,1.0
0.05,2.0,2,0.012851913557862327,0.012851913557862388,0.001989291560951493,0.00815564418623688,0.06332908296669836,0.540777359655537,0.5886610497834572,1.0
0.05,2.0,3,0.007325854901087409,0.007325854901087395,0.0014922983843684307,0.004586884071882099,0.08434757466379508,0.26113423565121674,0.7939889911227926,1.0
0.05,2.0,4,0.009804868656542858,0.009804868656542913,0.0007137836465041288,0.0076394929226228925,0.06462668716820269,0.8449173786135928,0.39815697070947254,1.0
0.05,2.0,5,0.01890089148060366,0.01890089148060359,0.0010926138708372483,0.009418732456909513,0.059913121644958704,0.517762056026183,0.6046242951821605,0.9995002498750625
0.05,2.0,6,0.007261098761152814,0.010129644034479966,0.002832620859018511,0.005182443984913911,0.04719819666961359,0.2933245216050907,0.7692741120201634,1.0
0.05,2.0,7,0.014924489425618038,0.01833454980731349,0.0014472258148751794,0.011622031110579497,0.05435158604879123,1.4313268602349505,0.15233655928015333,1.0
0.05,2.0,8,0.02739587903379244,0.027395879033792463,0.0008567768398023406,0.013466508412237144,0.035016401008379265,1.5508276742852036,0.12094298667243875,0.6441779110444777
0.05,2.0,9,0.009748232910214802,0.00974823291021483,0.0022536114978653956,0.006371439786006184,0.04770574407741637,2.0572145225103076,0.03966559521108537,1.0
0.05,2.0,10,0.012878540664952344,0.012878540664952313,0.002117307954943071,0.00511978195677744,0.055953355699798896,0.47115052316720585,0.637533247925564,1.0
0.05,2.0,11,0.022625874556140353,0.022625874556140384,0.0005809313594921495,0.017602150831645423,0.048018842617992316,0.24681566764625426,0.8050508845201338,0.6946526736631684
0.05,2.0,12,0.0,0.0,0.0006216993345288437,0.0,0.037948777206114316,0.7786227226120473,0.4362019898431311,1.0
0.05,2.0,13,0.009097127426480788,0.006108865850322562,0.0011272405931825253,0.003294050530509113,0.08912515281118112,1.4033355519815827,0.16051680139321323,1.0
0.05,2.0,14,0.0,0.0,0.0003331441064340824,0.0,0.028187282701672516,0.597182314973974,0.5503856652066725,1.0
0.05,2.0,15,0.004369909886174653,0.01023136656355432,0.001845072589305421,0.004457346364419081,0.09352330933993283,0.4952849424590388,0.620398998270834,1.0
0.05,2.0,16,0.006303366799093753,0.011786212209938907,0.0023243574562784248,0.007180777493176686,0.04744915821366556,0.19551132169591193,0.8449926752737356,1.0
0.05,2.0,17,0.006641914519927858,0.006641914519927833,0.004981159819220825,0.0026286900174342692,0.05812933121615363,0.6899627138489942,0.490217635542733,1.0
0.05,2.0,18,0.005366521358832562,0.010162202785883496,0.0034914630773534906,0.00329735553214425,0.05315924924636071,2.0359080683071125,0.041759587495152184,1.0
0.05,2.0,19,0.0145504819238582,0.014550481923858221,0.0020929781364278296,0.0097249083764696,0.042447053168971495,0.6461712077480588,0.518168483779132,1.0
0.05,2.0,20,0.009661998200305964,0.022731632862503383,0.002514920339614098,0.00954364186626612,0.05380839865236567,1.249407755297407,0.21151597332840488,1.0
0.05,2.0,21,0.019692028771840578,0.01969202877184051,0.0003760510895472722,0.01265827660028485,0.05127072695502056,0.9529566934378549,0.3406120132807493,0.47426286856571714
0.05,2.0,22,0.009432118653738176,0.009432118653738206,0.0038209461682089654,0.004492929912963421,0.048742605996715434,0.23242539455227898,0.8162076269097192,1.0
0.05,2.0,23,0.0,0.0,0.011710682803756426,0.0,0.11194403953854203,0.4929205190766755,0.622068748240193,1.0
0.05,2.0,24,0.0014014072597543894,0.033688915618424436,0.004319638325017552,0.017491768201461,0.07103648697515086,1.2701382431493535,0.20403539120108238,1.0
0.05,2.0,25,0.0,0.0,0.0010519052620450626,0.0,0.05029758224188986,0.7354997906727598,0.4620351674215897,1.0
0.05,2.0,26,0.007680628486848681,0.007680628486848604,0.0024076736693559066,0.0037720214699308845,0.07026697151703509,0.20023159848486827,0.8412994555273998,1.0
0.05,2.0,27,0.010908356375815022,0.011761783800474416,0.0014508842782734246,0.007791804727403472,0.049175198919301395,2.384548904107477,0.01710007502802391,1.0
0.05,2.0,28,0.010587362110896012,0.01058736211089604,0.00235575480882745,0.0068343648032584275,0.06389401538869383,0.20871351265744245,0.8346718908750024,1.0
0.05,2.0,29,0.00905034982245614,0.00905034982245611,0.00038215097521278617,0.0048154755988055065,0.06740719898300979,0.15085558516067166,0.8800896373319438,1.0
0.05,2.0,30,0.016124619165041664,0.05195951104706396,0.0020122260951864115,0.0221225636483166,0.0563351528557571,1.5844923647195477,0.1130817178038952,0.16141929035482258
0.05,2.0,31,0.008573359486076208,0.008573359486076156,0.002471113843604177,0.0034502042453416915,0.0837669083788492,0.8638733344155074,0.38765747671929995,1.0
0.05,2.0,32,0.01628163092025148,0.010294656528982336,0.0008084316534933458,0.006219801717746741,0.07578858774813411,1.2516680110234093,0.21069086102060863,1.0
0.05,2.0,33,0.011463353601083574,0.011463353601083663,0.001411614856889521,0.0066936796955186706,0.05518373509651529,1.9961777061826493,0.04591458319679487,1.0
0.05,2.0,34,0.011271524991811253,0.011271524991811244,0.0013863555310123475,0.005700013579204233,0.05895513005436826,0.003011431785881878,0.9975972287038117,1.0
0.05,2.0,35,0.021346250096033102,0.02134625009603311,0.0021132003392689003,0.012641717355218664,0.038312479293030215,1.6855404757801367,0.091884342479432,1.0
0.05,2.0,36,0.007051212893420787,0.007051212893420811,0.005279397603676795,0.0029753578763857774,0.05397571276425784,0.8258199484097457,0.40890623630233813,1.0
0.05,2.0,37,0.031599540865430036,0.03159954086543002,0.0012808635597422917,0.03073205941339478,0.03504171996481751,0.058338490358568626,0.9534790088354397,0.7511244377811095
0.05,2.0,38,0.014198386733590898,0.014198386733590872,0.0024571686044828154,0.006794811276687056,0.10070013858799134,2.1598124779605246,0.03078718928536861,1.0
0.05,2.0,39,0.005873639746753615,0.009249870239849401,0.0014259076107077213,0.005233939915546306,0.0769693909016582,0.2540150133980077,0.7994839594143224,1.0
0.05,2.0,40,0.00365440841377929,0.030335389234726513,0.0038331827101929714,0.011453726753776901,0.03681384479755961,1.8045722306086343,0.07114164678892365,0.9965017491254373
0.05,2.0,41,0.003456977698487173,0.03881070036803165,0.0036927773288313146,0.03172529530931465,0.05226294614967234,0.44789894282921905,0.6542261313919573,0.9965017491254373
0.05,2.0,42,0.008643331870193168,0.008643331870193139,0.00229886468715357,0.004607784381037953,0.046301657041080295,0.5924155839409191,0.553572333319994,1.0
0.05,2.0,43,0.02070854831915629,0.014206397160682971,0.022734223004016504,0.007090747306543599,0.03657080631643045,1.5504596221807618,0.12103123769736857,1.0
0.05,2.0,44,0.014883211061796154,0.014883211061796298,0.0024045347962781483,0.006400394325682736,0.04617206852205412,1.2177149862580474,0.22333230008933525,1.0
0.05,2.0,45,0.015697350608306907,0.015697350608306817,0.00576357867721504,0.00821062700683048,0.07573834984907588,0.7816913994499821,0.43439595735263614,1.0
0.05,2.0,46,0.0,0.0,0.0018545236736276422,0.0,0.12728858892532924,0.5841757005085383,0.5591021082417376,1.0
0.05,2.0,47,0.0,0.0,0.000816865702832925,0.0,0.026269087188388045,1.2290742950670108,0.21904395172773694,1.0
0.05,2.0,48,0.015263824241792437,0.015263824241792463,0.002678934427550699,0.010895628442148546,0.061292220665717746,0.10536926835458607,0.9160828005876738,1.0
0.05,2.0,49,0.0,0.0,0.000777199641041808,0.0,0.02923520648332479,0.38903001011291233,0.6972539467308794,1.0
0.05,2.0,50,0.015548781339371943,0.018670553405655682,0.0017140041909419796,0.010815661503129124,0.04216094915583698,0.8418786878679875,0.39985586082039126,1.0
0.05,2.0,51,0.03343933466090649,0.03343933466090655,0.0018283416206408946,0.02404182481495694,0.05910509685106323,0.5032200329119355,0.6148095817219719,0.9220389805097451
0.05,2.0,52,0.009345746534781093,0.009345746534781202,0.0021040990196209827,0.004129975814427856,0.06642587563670856,0.9499198168134063,0.342152996698182,1.0
0.05,2.0,53,0.022162841454498178,0.022162841454498164,0.0025567861067981733,0.012228787599545921,0.08203399351065466,1.4269204594054783,0.1536028228472741,1.0
0.05,2.0,54,0.01156112166994073,0.011633399689023802,0.009080185186905386,0.005495381880091688,0.08343398745337507,1.4622594633565116,0.14367012230507248,1.0
0.05,2.0,55,0.007785498647191311,0.007785498647191285,0.0014305865186671014,0.003831675558575017,0.086603996159435,0.5452617490558973,0.5855735078549618,1.0
0.05,2.0,56,0.008268982305947229,0.008268982305947201,0.0022266588603963833,0.003325278131199732,0.03466678057645253,0.08295745675256827,0.9338853675541288,1.0
0.05,2.0,57,0.009999155075067349,0.009999155075067311,0.0013756161709530127,0.0058266463060364405,0.06334309989187481,0.7350083158408269,0.46233442962181415,1.0
0.05,2.0,58,0.005833170582813473,0.01678828327264217,0.0024256290751594853,0.00790893824428414,0.08486694252213584,0.4533284689925035,0.6503122358517519,1.0
0.05,2.0,59,0.022471888104602045,0.02247188810460197,0.0013602243544500764,0.014958285440927676,0.055896701288596744,1.3693159139685207,0.17090054560402912,0.9995002498750625
0.1,0.1,0,0.016429040357130543,0.016035130628350703,2.384612687458146e-06,0.02119953277421783,0.026907666126480132,0.329637644418629,0.7416737748508475,0.0004997501249375312
0.1,0.1,1,0.0,0.0,2.7355008961631163e-06,0.0,0.042385303545778415,1.1151296840205913,0.2647948527686057,1.0
0.1,0.1,2,0.025703827115724654,0.025703827115724664,0.00011918040847304526,0.04399886803700773,0.03717827155941124,1.4165648205882886,0.15661020002220405,0.0004997501249375312
0.1,0.1,3,0.014651709802174818,0.014651709802174817,3.73074596092111e-06,0.019534850455612623,0.0294512478249126,0.43507454342158747,0.663508320537515,0.0004997501249375312
0.1,0.1,4,0.019609737313085716,0.019609737313085723,0.00014003392683604053,0.03380760628730843,0.04742652990674929,1.0826967612638756,0.2789430420644883,0.021989005497251374
0.1,0.1,5,0.03780178296120732,0.0378017829612073,2.7315346770931405e-06,0.039983711637790006,0.04588816314403005,0.2722320207094121,0.7854436222892764,0.0004997501249375312
0.1,0.1,6,0.014522197522305628,0.014440412786984899,0.001044011629637381,0.019111683199460633,0.04944778344134739,0.19472450493570354,0.8456086269485756,1.0
0.1,0.1,7,0.029848978851236076,0.029953125601181272,3.618064537187928e-06,0.06475043545353167,0.062275974270679775,1.027928118910513,0.303983641416397,0.0004997501249375312
0.1,0.1,8,0.05479175806758488,0.054791758067584885,2.1419420995058634e-06,0.08815315012279064,0.05341443452815608,1.0004775277055244,0.3170794675903845,0.0004997501249375312
0.1,0.1,9,0.019496465820429604,0.019496465820429597,0.0002131762362192184,0.03057096896854225,0.04789229961874893,1.4724652136704843,0.1408952940552337,0.16491754122938532
0.1,0.1,10,0.025757081329904688,0.02575708132990469,0.00020786121434583158,0.0346537109523662,0.04409135315857155,0.44591593815808617,0.6556579689015898,0.005997001499250375
0.1,0.1,11,0.045251749112280706,0.04525174911228071,1.4523283987303801e-06,0.1302445239707925,0.12214441961228502,0.1273806810116646,0.898639105995156,0.0004997501249375312
0.1,0.1,12,0.0,0.0,1.5542483363221337e-06,0.0,0.09936604947708423,0.8631981956250718,0.38802850560514135,1.0
0.1,0.1,13,0.018194254852961576,0.017939110189312837,2.818101482956328e-06,0.02330777628791057,0.036036738885645785,0.05408303564913262,0.9568690080554658,0.0004997501249375312
0.1,0.1,14,0.0,0.0,8.328602660852132e-07,0.0,0.051643072517336366,0.6995674787616565,0.4841974582480746,1.0
0.1,0.1,15,0.008739819772349305,0.008622144331996975,5.9099580038295235e-06,0.012233714225491304,0.03995184423008103,0.056418290389685814,0.9550085865373217,0.0004997501249375312
0.1,0.1,16,0.012606733598187507,0.012748389620999329,5.810893640695993e-06,0.01861157774354245,0.027476936818942647,1.5656209149737175,0.11743739063780967,0.0004997501249375312
0.1,0.1,17,0.013283829039855716,0.013283829039855708,0.0011379730709773358,0.014826224958974383,0.03453088704263167,0.12384575198350305,0.901437405791288,0.9470264867566217
0.1,0.1,18,0.010733042717665123,0.010661411517203106,0.0013506860892076634,0.011397091436474082,0.05309253535562945,0.03386413083396457,0.9729854962204405,0.999000499750125
0.1,0.1,19,0.0291009638477164,0.029100963847716408,0.000646610682353437,0.04958542981901148,0.05263465055573849,0.007677199026286937,0.9938745415985657,0.5047476261869065
0.1,0.1,20,0.01932399640061193,0.018055272924439463,0.00013834317990511216,0.02222821048181841,0.03216257154338636,0.13658927776917842,0.8913554521641085,0.0009995002498750624
0.1,0.1,21,0.039384057543681156,0.03938405754368117,9.401277238681973e-07,0.044521888823635135,0.05620366052604298,0.8646981514440644,0.3872044843431559,0.0004997501249375312
0.1,0.1,22,0.018864237307476352,0.01886423730747633,9.552365420522417e-06,0.02459474050299914,0.029330769046680135,2.4227551645507694,0.01540330404704382,0.0004997501249375312
0.1,0.1,23,0.0,0.0,2.9276707009391054e-05,0.0,0.04951915713099431,1.0528874616585133,0.2923925732843853,1.0
0.1,0.1,24,0.0028028145195087787,0.0034178368752924033,1.152413693968257e-05,0.0056078575380057736,0.03124502417789133,1.58770946718705,0.1123520512737084,0.4567716141929036
0.1,0.1,25,0.0,0.0,2.617801093930457e-06,0.0,0.0466631752314362,0.7195532652201053,0.4718000955199728,1.0
0.1,0.1,26,0.015361256973697363,0.015361256973697364,6.019184173389769e-06,0.016596203125119408,0.022638928453277085,0.4786424407365181,0.6321930202718955,0.0004997501249375312
0.1,0.1,27,0.021816712751630045,0.02172118636773483,0.0003456105558045253,0.02749001989457149,0.0312350990542476,0.9442325016767518,0.34505084982887246,0.23638180909545228
0.1,0.1,28,0.021174724221792025,0.021174724221792014,0.0008039407119669878,0.030998206304526245,0.03547865192481392,0.44398472755522245,0.6570536257799822,0.4987506246876562
0.1,0.1,29,0.01810069964491228,0.018100699644912288,9.553774380319989e-07,0.02744658723573255,0.063694073407755,1.2376936663559708,0.21582966850622443,0.0004997501249375312
0.1,0.1,30,0.03224923833008333,0.03414711248793526,5.354845695163109e-06,0.043952046687150303,0.07542917062596799,0.13164310323385692,0.8952665907369444,0.0004997501249375312
0.1,0.1,31,0.017146718972152416,0.017146718972152423,0.0003606379204914773,0.029661623320243764,0.05490763065345311,0.31196049276455345,0.7550705482217817,0.4927536231884058
0.1,0.1,32,0.03256326184050296,0.03222220281245178,2.021079133733349e-06,0.06293794486183567,0.04888301694138116,1.2508446594990958,0.21099115763177068,0.0004997501249375312
0.1,0.1,33,0.02292670720216715,0.02292670720216711,0.000412641972675904,0.04275484079050546,0.04840223242075819,1.591887985560902,0.1114098755785804,0.5252373813093453
0.1,0.1,34,0.022543049983622505,0.022543049983622488,3.4658888275308546e-06,0.03247750262743864,0.03845555862010344,0.6201649470521806,0.5351491966432558,0.0004997501249375312
0.1,0.1,35,0.042692500192066205,0.04269250019206619,5.283000848172274e-06,0.10706731438876846,0.08986972516560307,1.3746376395436979,0.16924381332196248,0.0004997501249375312
0.1,0.1,36,0.014102425786841575,0.014102425786841564,0.004320675719266055,0.017174591528267814,0.07611017761509904,0.622157461396046,0.5338383342245065,0.7756121939030485
0.1,0.1,37,0.06319908173086007,0.06319908173086006,3.2021588993557218e-06,0.13471127843487612,0.12446921577915918,1.065832575752402,0.2864993322716711,0.0004997501249375312
0.1,0.1,38,0.028396773467181797,0.028396773467181807,6.142921511207169e-06,0.042410425584076865,0.029363949687500574,2.6336873357277195,0.008446322697323927,0.0004997501249375312
0.1,0.1,39,0.01174727949350723,0.011547426699148931,3.5647690267693298e-06,0.013551366966395126,0.033362734269190696,0.5008354714619281,0.6164869193098013,0.0004997501249375312
0.1,0.1,40,0.00730881682755858,0.00810651581846537,0.001395810055780518,0.011077867432323755,0.06580057606734678,0.4470882981610335,0.6548113076941107,0.7906046976511744
0.1,0.1,41,0.006913955396974346,0.005124460981575392,9.231943322078311e-06,0.00902275306650214,0.04332242755391469,0.5379064335083693,0.5906416466364766,0.0009995002498750624
0.1,0.1,42,0.017286663740386336,0.017286663740386336,5.747161717883951e-06,0.018017963059245013,0.0270040587547602,0.05745337649623942,0.9541840448880783,0.0004997501249375312
0.1,0.1,43,0.04141709663831258,0.041085205186488026,0.021516711491158424,0.0563734496309788,0.06532484862440677,0.012373933935896813,0.9901272810991064,0.8745627186406797
0.1,0.1,44,0.029766422123592307,0.02976642212359231,6.011336990695431e-06,0.04524107500052468,0.06821851572778466,0.5970455665982785,0.5504769586235803,0.0004997501249375312
0.1,0.1,45,0.031394701216613814,0.03139470121661383,1.4408946693037746e-05,0.04796342524620809,0.02886664619536351,2.0882489308107774,0.036775385556109486,0.0004997501249375312
0.1,0.1,46,0.0,0.0,4.6363091840690495e-06,0.0,0.03395343187973698,1.5169705988589988,0.12927410730399047,1.0
0.1,0.1,47,0.0,0.0,2.042164257082298e-06,0.0,0.06316496386174641,1.2750799827301142,0.20228093366717603,1.0
0.1,0.1,48,0.030527648483584875,0.03052764848358487,0.00013047104184997857,0.047162439937758475,0.04980680543736457,0.46860844507787797,0.6393495397520701,0.0004997501249375312
0.1,0.1,49,0.0,0.0,1.9429991026045306e-06,0.0,0.061769286173913494,1.252329030943434,0.2104499946056566,1.0
0.1,0.1,50,0.031097562678743886,0.03117622294671293,4.285010477354934e-06,0.050606979400661084,0.061700844549743575,1.19561189882499,0.23184804591434904,0.0004997501249375312
0.1,0.1,51,0.06687866932181298,0.066878669321813,4.570854051602213e-06,0.19550740720608453,0.07682870631157152,1.647841007090764,0.09938530167810211,0.0004997501249375312
0.1,0.1,52,0.018691493069562186,0.01869149306956217,5.260247549052445e-06,0.024698455222971472,0.026139664430773604,0.580081063750516,0.5618599529405968,0.0004997501249375312
0.1,0.1,53,0.044325682908996356,0.04432568290899631,6.3919652669955195e-06,0.06318121516723989,0.03900066063141074,2.2716795498704734,0.023105872233192937,0.0004997501249375312
0.1,0.1,54,0.02312224333988146,0.022930900345117262,2.270046296726347e-05,0.027371061316334454,0.02581643211077663,1.2389042125822458,0.21538097344252627,0.0004997501249375312
0.1,0.1,55,0.015570997294382622,0.015570997294382648,3.5764662966676726e-06,0.019845570338673943,0.03401500395793431,0.0587341871764559,0.9531638289010569,0.0004997501249375312
0.1,0.1,56,0.016537964611894457,0.016537964611894457,5.566647150990991e-06,0.020065023996036997,0.05492010436030764,1.5259184193675595,0.1270301828522098,0.0004997501249375312
0.1,0.1,57,0.019998310150134698,0.019998310150134705,3.4390404273824983e-06,0.031226881994699807,0.04159249680643471,0.36900783005852006,0.712121888475296,0.0004997501249375312
0.1,0.1,58,0.011666341165626946,0.012131906349247018,6.0640726878986645e-06,0.01724345597130737,0.02605601341658578,0.1785120212948117,0.8583208811943557,0.0004997501249375312
0.1,0.1,59,0.04494377620920409,0.044943776209204096,3.400560886125167e-06,0.0745843148346643,0.06451727512872477,0.11706136061627907,0.9068114289216489,0.0004997501249375312
0.1,0.5,0,0.016429040357130543,0.014470397594235712,5.9615317186452556e-05,0.014325080288175137,0.03368818561044768,0.6765340011679764,0.49870166606368516,0.0004997501249375312
0.1,0.5,1,0.0,0.0,6.838752240407914e-05,0.0,0.03520443844309752,1.881745253820594,0.05987061218960932,1.0
0.1,0.5,2,0.025703827115724654,0.02570382711572466,0.00023286705517272388,0.03220725433548722,0.0422210113707686,0.5300539267423481,0.5960745420023035,0.0009995002498750624
0.1,0.5,3,0.014651709802174818,0.014651709802174817,9.3268649023027e-05,0.015611670961650774,0.041974040462856355,0.042473976151253603,0.9661208570463631,0.013493253373313344
0.1,0.5,4,0.019609737313085716,0.019609737313085723,0.00018749652254936502,0.026670208607990502,0.045042186917045736,0.42675280609926347,0.6695593840630947,0.07146426786606697
0.1,0.5,5,0.03780178296120732,0.03780178296120739,6.828836692732788e-05,0.03195017792382867,0.042432723629364455,0.022170237402397125,0.9823121588654167,0.0004997501249375312
0.1,0.5,6,0.014522197522305628,0.014241618751697748,0.0011795743734772156,0.01394244950657165,0.04397212870356173,0.07747977154890974,0.9382418828589885,1.0
0.1,0.5,7,0.029848978851236076,0.030409287024963743,9.045161342969894e-05,0.04318475869887661,0.0502522743255217,1.4584868727526354,0.14470639087992643,0.0004997501249375312
0.1,0.5,8,0.05479175806758488,0.05479175806758485,5.3548552487646286e-05,0.059058147799138226,0.03890925402079974,1.4495656684617368,0.14717967554725409,0.0004997501249375312
0.1,0.5,9,0.019496465820429604,0.019496465820429597,0.00033304588982181315,0.023480601304710736,0.04476835836416958,1.9048513014518411,0.05679940304800901,0.3933033483258371
0.1,0.5,10,0.025757081329904688,0.02575708132990469,0.0003344252610619506,0.022779025067067152,0.03820540505038923,0.015980782594180728,0.987249723006657,0.059470264867566215
0.1,0.5,11,0.045251749112280706,0.04525174911228071,3.630820996825939e-05,0.08121504324178194,0.08185702745333963,0.03550082240780596,0.9716803906034783,0.0004997501249375312
0.1,0.5,12,0.0,0.0,3.885620840805273e-05,0.0,0.07536131814778163,0.9052529987682535,0.36533137024285645,1.0
0.1,0.5,13,0.018194254852961576,0.016950879512290205,7.04525370739078e-05,0.01673308197720181,0.052454552876627064,0.9484589285997818,0.34289587207515493,0.0004997501249375312
0.1,0.5,14,0.0,0.0,2.082150665213037e-05,0.0,0.038042690352789094,0.8247379890846416,0.4095203590420904,1.0
0.1,0.5,15,0.008739819772349305,0.008462018611348847,0.00011450413947994502,0.008042152505354434,0.05755504863302561,0.3274118462448788,0.7433564077863712,0.9100449775112444
0.1,0.5,16,0.012606733598187507,0.013421350016085838,0.00014527234101740138,0.015002549336199928,0.029108227880501405,0.9171587127300512,0.3590594783965173,0.29485257371314344
0.1,0.5,17,0.013283829039855716,0.013283829039855666,0.0013867619052743856,0.010622740526735105,0.038043372577511385,0.5014635763324704,0.6160449058400206,0.9960019990004998
0.1,0.5,18,0.010733042717665123,0.010589644595995202,0.001465983437426271,0.00755340124475501,0.043753340806232374,1.1831484951608269,0.23675030113199025,1.0
0.1,0.5,19,0.0291009638477164,0.029100963847716408,0.0007245251447597703,0.03697268658199666,0.04091638983427202,0.2503387921397609,0.8023253594969657,0.5122438780609695
0.1,0.5,20,0.01932399640061193,0.013502905760772664,0.00025647404096324573,0.011666995439455716,0.03763379880038984,0.8325559803329987,0.4050951939590224,0.8210894552723638
0.1,0.5,21,0.039384057543681156,0.03938405754368117,2.35031930967051e-05,0.037808716885564336,0.050468736567733055,1.0339048097607944,0.3011806662629657,0.0004997501249375312
0.1,0.5,22,0.018864237307476352,0.018864237307476352,0.0002388091355130603,0.017891099587396667,0.030313654597412865,1.7084936568420641,0.08754478236824226,0.053973013493253376
0.1,0.5,23,0.0,0.0,0.000731917675234777,0.0,0.06063389408888755,0.3744314908866655,0.7080833177235877,1.0
0.1,0.5,24,0.0028028145195087787,0.00911726332317395,0.00026941207976282884,0.010154616117976899,0.04004253097290445,1.7517872720929113,0.07981039359926045,0.9995002498750625
0.1,0.5,25,0.0,0.0,6.548852688192151e-05,0.0,0.04132489898533535,0.23777996838457485,0.8120517560442562,1.0
0.1,0.5,26,0.015361256973697363,0.015361256973697364,0.00015047960433474362,0.013080536748250967,0.034604179545861105,0.07262515985525474,0.9421044049147964,0.06196901549225387
0.1,0.5,27,0.021816712751630045,0.02140791594155762,0.0004193771435996606,0.02244841153487588,0.03389491070307484,1.8110874453661736,0.07012731661127836,0.4047976011994003
0.1,0.5,28,0.021174724221792025,0.021174724221792014,0.0009205789855569668,0.024150979544136357,0.03958892619456701,0.39995836912762944,0.6891871798490659,0.4987506246876562
0.1,0.5,29,0.01810069964491228,0.018100699644912288,2.3884435950799135e-05,0.019419111124943392,0.04862545398618853,0.9049578522263751,0.3654877164330119,0.0004997501249375312
0.1,0.5,30,0.03224923833008333,0.04121054856900126,0.00012488435632562584,0.03667361491892058,0.05894631244188381,0.5747592701423375,0.5654541162510331,0.0004997501249375312
0.1,0.5,31,0.017146718972152416,0.01714671897215238,0.0005140532937536645,0.017313135895585766,0.06273034583840374,0.731032592359817,0.4647592454852809,0.5002498750624688
0.1,0.5,32,0.03256326184050296,0.03087165736506341,5.052697834333402e-05,0.04055061686530978,0.053361255755121524,0.012460704039928777,0.9900580539100512,0.0004997501249375312
0.1,0.5,33,0.02292670720216715,0.02292670720216711,0.00046793707759205185,0.02902668599525543,0.036464140379466214,2.617291254314489,0.008863068014457243,0.5252373813093453
0.1,0.5,34,0.022543049983622505,0.022543049983622488,8.664722068827172e-05,0.02315042562714012,0.03826010775758416,0.4040794369822645,0.6861543055825918,0.0004997501249375312
0.1,0.5,35,0.042692500192066205,0.04269250019206619,0.00013207502120430627,0.06287039383789345,0.05667577678352492,1.741241662700816,0.08164122715377586,0.0004997501249375312
0.1,0.5,36,0.014102425786841575,0.01410242578684161,0.004375171612193473,0.012170023202704335,0.06021958488435466,0.7929518423841165,0.4278058810264045,0.8655672163918041
0.1,0.5,37,0.06319908173086007,0.06319908173086007,8.005397248389303e-05,0.10456669789842778,0.09078249320104885,0.987904001200044,0.3231996656921785,0.0004997501249375312
0.1,0.5,38,0.028396773467181797,0.028396773467181807,0.00015357303778017564,0.028882275901112118,0.04797953978438312,2.889389141372403,0.0038599107976362568,0.0004997501249375312
0.1,0.5,39,0.01174727949350723,0.010941980711204717,8.911922566923212e-05,0.010353532899557885,0.0387652616506549,0.1401994952210392,0.8885023707216293,0.20589705147426288
0.1,0.5,40,0.00730881682755858,0.012454053802501253,0.0016598095328684802,0.010859080403452263,0.046283513596844406,1.027852604243696,0.30401916711182486,0.8495752123938031
0.1,0.5,41,0.006913955396974346,0.005269601071312745,0.0002307985830519567,0.007357715589136744,0.03985449508115838,0.222963729433071,0.823563735643239,1.0
0.1,0.5,42,0.017286663740386336,0.01728666374038635,0.00014367904294709853,0.01484318748506784,0.026163694600490617,0.29549257552810126,0.7676176231443654,0.005497251374312844
0.1,0.5,43,0.04141709663831258,0.03976011363986162,0.02158889761370344,0.03931003640343978,0.04944190573206584,0.4547910984928931,0.6492595348156911,0.8755622188905547
0.1,0.5,44,0.029766422123592307,0.029766422123592314,0.00015028342476738522,0.029247102371104124,0.052792847470126095,0.005968442878026067,0.995237899848441,0.0004997501249375312
0.1,0.5,45,0.031394701216613814,0.03139470121661383,0.00036022366732593974,0.03384783211484091,0.04298224433986255,1.465676257479663,0.1427365053378129,0.0004997501249375312
0.1,0.5,46,0.0,0.0,0.0001159077296017275,0.0,0.0688432262024529,0.9211318339534155,0.35698160177613025,1.0
0.1,0.5,47,0.0,0.0,5.105410642705788e-05,0.0,0.04847650991228612,1.364657579092686,0.17236069843891322,1.0
0.1,0.5,48,0.030527648483584875,0.03052764848358487,0.0003126054859455654,0.03742188904172408,0.04318604864840207,0.43385719934666994,0.6643921420006291,0.00399800099950025
0.1,0.5,49,0.0,0.0,4.857497756511319e-05,0.0,0.04911201651346055,1.1447104759917777,0.2523291103895149,1.0
0.1,0.5,50,0.031097562678743886,0.03153596254858961,0.00010712526193387441,0.03643405024149014,0.044792168133205,0.6626744051062632,0.5075391055781875,0.0004997501249375312
0.1,0.5,51,0.06687866932181298,0.06687866932181298,0.00011427135129005589,0.118079436665691,0.05759032294124938,1.0447189727681188,0.2961528733712173,0.0004997501249375312
0.1,0.5,52,0.018691493069562186,0.018691493069562113,0.0001315061887263136,0.01722264102444898,0.03935316906425005,0.9143698332011786,0.3605225475743721,0.0004997501249375312
0.1,0.5,53,0.044325682908996356,0.04432568290899633,0.00015979913167488597,0.04656301885697776,0.049906848295557346,2.0972868009850894,0.03596819456762845,0.0004997501249375312
0.1,0.5,54,0.02312224333988146,0.022252714976028334,0.0005675115741815862,0.019856567892528373,0.0392564364024031,1.7106037082647552,0.08715429397261998,0.5752123938030984
0.1,0.5,55,0.015570997294382622,0.015570997294382648,8.941165741669376e-05,0.014710859380558694,0.044382085173146256,0.37624909679100393,0.7067317184222137,0.010994502748625687
0.1,0.5,56,0.016537964611894457,0.016537964611894513,0.00013916617877477474,0.013876933268923284,0.04217070641950467,1.2275679314792771,0.21960920625596314,0.0004997501249375312
0.1,0.5,57,0.019998310150134698,0.019998310150134698,8.59760106845633e-05,0.022656613084408098,0.03922160159508291,0.2432389388811468,0.8078203036188933,0.0009995002498750624
0.1,0.5,58,0.011666341165626946,0.014090016916765879,0.0001516018171974671,0.013879568446179961,0.04885846870207615,0.2882054903070502,0.7731894463581133,0.1359320339830085
0.1,0.5,59,0.04494377620920409,0.044943776209204096,8.50140221531298e-05,0.05588046171267862,0.05357331400591535,0.4286449265226979,0.6681816454309706,0.0004997501249375312
0.1,2.0,0,0.016429040357130543,0.008894468857353578,0.0009538450749832359,0.004534015744023891,0.05646940789000173,1.1547605178236684,0.2481885094057652,1.0
0.1,2.0,1,0.0,0.0,0.001094200358465262,0.0,0.03925575128977826,2.3698040343177627,0.01779751558437237,1.0
0.1,2.0,2,0.025703827115724654,0.025703827115724668,0.001989291560951494,0.01606352512570741,0.06362548607823568,0.3515720354663866,0.7251592403728535,0.9735132433783108
0.1,2.0,3,0.014651709802174818,0.014651709802174848,0.0014922983843684312,0.008905120859979779,0.08246148911205493,0.21410966999120512,0.8304615350916273,1.0
0.1,2.0,4,0.019609737313085716,0.019609737313085702,0.0007137836465041276,0.014885480015740912,0.06366836289895413,0.6104728301249565,0.5415486361860513,0.8875562218890555
0.1,2.0,5,0.03780178296120732,0.03780178296120723,0.0010926138708372472,0.018221316282160244,0.058485025878509435,0.39480505657541964,0.6929867628519677,0.10044977511244378
0.1,2.0,6,0.014522197522305628,0.015336455565016133,0.002832620859018512,0.007597960256345889,0.04741427455806101,0.1096388484297972,0.9126957997720142,1.0
0.1,2.0,7,0.029848978851236076,0.032639664616276404,0.001447225814875176,0.020272221509171153,0.055083137093074386,1.5083375979609663,0.13146814514670102,0.8460769615192404
0.1,2.0,8,0.05479175806758488,0.054791758067584975,0.0008567768398023406,0.026392463607284304,0.036079688623929546,1.6547966960013947,0.09796574442868033,0.001999000499750125
0.1,2.0,9,0.019496465820429604,0.019496465820429583,0.0022536114978653913,0.012558198851703438,0.05093964721761258,2.1027832304474185,0.03548472257925983,1.0
0.1,2.0,10,0.025757081329904688,0.025757081329904757,0.0021173079549430683,0.009968932025250244,0.054080361137290936,0.3992985104770863,0.6896732645222583,0.9995002498750625
0.1,2.0,11,0.045251749112280706,0.04525174911228071,0.0005809313594921495,0.0336760384686228,0.05476111592472304,0.16553269699577786,0.8685247163228611,0.0004997501249375312
0.1,2.0,12,0.0,0.0,0.0006216993345288478,0.0,0.04867558099874993,0.8973301085206414,0.3695427949203971,1.0
0.1,2.0,13,0.018194254852961576,0.013863631560586601,0.0011272405931825257,0.007199667345782784,0.08789307718497212,1.342181296908411,0.1795372192199265,0.9970014992503748
0.1,2.0,14,0.0,0.0,0.00033314410643408616,0.0,0.027726520459102275,0.8811392753416941,0.3782424416747645,1.0
0.1,2.0,15,0.008739819772349305,0.011782193543344961,0.0018450725893054182,0.005002962752509078,0.09218711419775084,0.47306031175084434,0.6361701509301025,1.0
0.1,2.0,16,0.012606733598187507,0.017099911375920533,0.0023243574562784187,0.0101740917461238,0.04671264200527203,0.013879813769159567,0.9889258664584606,1.0
0.1,2.0,17,0.013283829039855716,0.013283829039855666,0.004981159819220832,0.005148701803667269,0.05800211403592227,0.672712719111969,0.50113007421245,1.0
0.1,2.0,18,0.010733042717665123,0.013116457452368196,0.003491463077353486,0.004162077318706651,0.05250753089311883,1.9390596729480352,0.05249407242699888,1.0
0.1,2.0,19,0.0291009638477164,0.02910096384771644,0.0020929781364278257,0.018922849728762885,0.04278137203277748,0.6049450754042731,0.5452154916532987,0.9830084957521239
0.1,2.0,20,0.01932399640061193,0.017307064750593803,0.002514920339614103,0.007059929112350086,0.05408627508094494,1.161848094605661,0.24529717411997476,1.0
0.1,2.0,21,0.039384057543681156,0.03938405754368123,0.0003760510895472707,0.024152155653118464,0.05544885962986702,1.0737822192917206,0.28292030094821685,0.0004997501249375312
0.1,2.0,22,0.018864237307476352,0.01886423730747641,0.0038209461682089606,0.008847716128665825,0.04777353811922013,0.5126455619476821,0.6081992760265746,1.0
0.1,2.0,23,0.0,0.0,0.011710682803756426,0.0,0.11089232300950513,0.33422741870489947,0.7382079553553398,1.0
0.1,2.0,24,0.0028028145195087787,0.033926737210841176,0.004319638325017554,0.01714132249167894,0.0682535652115224,1.3594129124881515,0.1740157816686536,1.0
0.1,2.0,25,0.0,0.0,0.0010519052620450587,0.0,0.051148650324657874,0.5422637084245397,0.587636852712822,1.0
0.1,2.0,26,0.015361256973697363,0.015361256973697364,0.0024076736693559096,0.007289711030421123,0.06837810774430361,0.159422223795942,0.873336230763468,1.0
0.1,2.0,27,0.021816712751630045,0.02126413868422082,0.001450884278273429,0.01357187502241848,0.04906678984781476,2.370388179499509,0.01776941808770438,0.9985007496251874
0.1,2.0,28,0.021174724221792025,0.021174724221792035,0.00235575480882745,0.013209227978415033,0.06324611889880585,0.2524239815597318,0.8007133655697518,0.9985007496251874
0.1,2.0,29,0.01810069964491228,0.018100699644912274,0.00038215097521278535,0.009261369631588788,0.06467485555814327,0.04682190898548064,0.9626551673358765,0.5857071464267866
0.1,2.0,30,0.03224923833008333,0.06797738551458418,0.0020122260951864115,0.02804130913072359,0.05620959134842821,1.4544074963906595,0.14583336283296733,0.0029985007496251873
0.1,2.0,31,0.017146718972152416,0.017146718972152558,0.002471113843604177,0.0067598550130653304,0.08321079045811325,0.8620064183504103,0.3886839859004825,1.0
0.1,2.0,32,0.03256326184050296,0.026052102042895733,0.0008084316534933469,0.015357730569464528,0.07540596715255435,1.033391320188112,0.30142080677282923,0.7161419290354822
0.1,2.0,33,0.02292670720216715,0.022926707202167114,0.0014116148568895197,0.013169478330360671,0.05319190211729262,2.1767189065955876,0.029501546759207686,0.9890054972513743
0.1,2.0,34,0.022543049983622505,0.022543049983622512,0.0013863555310123475,0.011146374535399836,0.05783390531895124,0.07693161684202271,0.9386779454691141,0.9980009995002499
0.1,2.0,35,0.042692500192066205,0.042692500192066246,0.0021132003392689003,0.024674567221470014,0.04041822933273369,1.8814468379320732,0.059911160533131724,0.7061469265367316
0.1,2.0,36,0.014102425786841575,0.014102425786841599,0.005279397603676784,0.005815391177960215,0.0537027044513602,0.8985958261610782,0.3688679827176109,1.0
0.1,2.0,37,0.06319908173086007,0.06319908173086013,0.001280863559742292,0.05685617393396652,0.049371099039215056,0.5661076273681633,0.5713206185905622,0.0009995002498750624
0.1,2.0,38,0.028396773467181797,0.028396773467181766,0.0024571686044828154,0.013151134142278299,0.09610511136368094,2.2818985848302016,0.022495328420871763,0.9995002498750625
0.1,2.0,39,0.01174727949350723,0.011832199554842373,0.0014259076107077213,0.0064851435303717045,0.07510550781618387,0.18267867368173513,0.8550501500995851,0.999000499750125
0.1,2.0,40,0.00730881682755858,0.03260625028182316,0.0038331827101929714,0.012060679148487467,0.03712388172973841,1.7594588525248966,0.07849960330578831,0.9890054972513743
0.1,2.0,41,0.006913955396974346,0.03581698065687777,0.003692777328831317,0.0281547794557165,0.052324043794081634,0.3101458089543062,0.756450078047894,0.9975012493753124
0.1,2.0,42,0.017286663740386336,0.017286663740386395,0.002298864687153561,0.008937629375198292,0.0448470897935439,0.5678301836907751,0.570150282323695,1.0
0.1,2.0,43,0.04141709663831258,0.0348329680080541,0.022734223004016514,0.016816398226448984,0.03867627998424318,1.3344281561120597,0.1820635775825521,0.9995002498750625
0.1,2.0,44,0.029766422123592307,0.02976642212359221,0.002404534796278137,0.012575456782733587,0.04895835252534253,0.960247440720342,0.33693069561082156,1.0
0.1,2.0,45,0.031394701216613814,0.031394701216613856,0.005763578677215037,0.016090266139109875,0.07400347404935222,0.8971771153432165,0.3696244145631904,1.0
0.1,2.0,46,0.0,2.24873312656119e-16,0.0018545236736276477,1.239547804286282e-16,0.12476541576425809,0.6390333486243359,0.5228012374929385,1.0
0.1,2.0,47,0.0,0.0,0.000816865702832926,0.0,0.032778982107109424,1.3920017467756551,0.16392186900072203,1.0
0.1,2.0,48,0.030527648483584875,0.0305276484835848,0.002678934427550693,0.02108875631970002,0.05952595835418162,0.1834409546069839,0.8544520438983456,0.999000499750125
0.1,2.0,49,0.0,0.0,0.0007771996410418095,0.0,0.03610675557437664,0.7157115143430444,0.4741694995180481,1.0
0.1,2.0,50,0.031097562678743886,0.033487087235944166,0.001714004190941985,0.018591009992944798,0.04273846840791135,0.5107180892984096,0.6095484722490321,0.9300349825087456
0.1,2.0,51,0.06687866932181298,0.06687866932181304,0.001828341620640893,0.04751429502168502,0.05938383967564121,0.16570498914548196,0.8683891195703386,0.0004997501249375312
0.1,2.0,52,0.018691493069562186,0.018691493069562113,0.0021040990196209883,0.008066572668038745,0.06579081126443842,0.9526647718352088,0.3407599478066099,1.0
0.1,2.0,53,0.044325682908996356,0.04432568290899633,0.002556786106798176,0.02344160139382827,0.08134525079958264,1.5715293506632788,0.11605974235078209,0.7326336831584208
0.1,2.0,54,0.02312224333988146,0.021116170755391333,0.009080185186905381,0.009679548191880868,0.08046147504104402,1.5190824848632418,0.12874173489200524,1.0
0.1,2.0,55,0.015570997294382622,0.01557099729438257,0.0014305865186671027,0.007466493504281687,0.08379367939826997,0.5286878458126465,0.5970220099498145,1.0
0.1,2.0,56,0.016537964611894457,0.01653796461189462,0.0022266588603963864,0.006434912301620787,0.03752012736268306,0.4174261272398131,0.6763667475877264,1.0
0.1,2.0,57,0.019998310150134698,0.019998310150134733,0.0013756161709530127,0.011165328243504089,0.060687533368167006,0.6765348650538933,0.49870111777609605,0.9980009995002499
0.1,2.0,58,0.011666341165626946,0.022163190328839136,0.0024256290751594714,0.01014960811043568,0.0832476330921742,0.4300824247680568,0.6671356842352063,1.0
0.1,2.0,59,0.04494377620920409,0.04494377620920415,0.0013602243544500764,0.028798352344346946,0.05674820158869574,1.2446357960256422,0.21326565608382353,0.02848575712143928
0.2,0.1,0,0.032858080714261086,0.032463928019850756,2.384612687458105e-06,0.0363127203722464,0.0448682498087768,0.532261088153983,0.5945451785362168,0.0004997501249375312
0.2,0.1,1,0.0,0.0,2.735500896163116e-06,0.0,0.0764011293799641,0.9917504954428434,0.3213192520195016,1.0
0.2,0.1,2,0.05140765423144931,0.0514076542314493,0.00011918040847304526,0.08123787436686912,0.06055020127456654,1.5772891729443086,0.11472900252191276,0.0004997501249375312
0.2,0.1,3,0.029303419604349637,0.029303419604349627,3.73074596092111e-06,0.03462153223778623,0.0497119049388703,0.49799034277027016,0.6184908489424965,0.0004997501249375312
0.2,0.1,4,0.03921947462617143,0.039219474626171424,0.00014003392683604055,0.0605335627026073,0.07724883842531222,1.1922872848510289,0.23314861847491386,0.0004997501249375312
0.2,0.1,5,0.07560356592241464,0.07560356592241473,2.73153467709314e-06,0.06992923847886395,0.05697146112054861,0.7108728159906771,0.47716305277116655,0.0004997501249375312
0.2,0.1,6,0.029044395044611256,0.028959468842272913,0.001044011629637381,0.03278338316428066,0.0584196550420379,0.8329588942034674,0.4048679125382322,0.6676661669165417
0.2,0.1,7,0.05969795770247215,0.05980109892169839,3.6180645371879614e-06,0.11334693776063388,0.10432529156325075,0.9385073546877566,0.34798373912520075,0.0004997501249375312
0.2,0.1,8,0.10958351613516976,0.10958351613516973,2.1419420995058562e-06,0.1554629189907271,0.09119598296147093,0.9269741942709859,0.3539399329150774,0.0004997501249375312
0.2,0.1,9,0.03899293164085921,0.038992931640859194,0.0002131762362192184,0.05711204475631339,0.07870024590126218,1.4490929391964351,0.14731162960161326,0.0004997501249375312
0.2,0.1,10,0.051514162659809376,0.05151416265980943,0.00020786121434583123,0.058549009910808344,0.06300234966949682,0.6869414376219506,0.49211963304488693,0.0004997501249375312
0.2,0.1,11,0.09050349822456141,0.09050349822456144,1.4523283987303886e-06,0.19500713099279637,0.1834849316757344,0.13937782110035285,0.8891515974817212,0.0004997501249375312
0.2,0.1,12,0.0,0.0,1.5542483363220793e-06,0.0,0.1547665387584609,0.8562399036025257,0.3918650948103566,1.0
0.2,0.1,13,0.03638850970592315,0.036132607004350156,2.8181014829562907e-06,0.03962695626440765,0.05771394400896625,0.32183978461841817,0.7475740727378961,0.0004997501249375312
0.2,0.1,14,0.0,0.0,8.328602660851946e-07,0.0,0.0660489057131215,1.0232931798149116,0.3061692474490485,1.0
0.2,0.1,15,0.01747963954469861,0.01735453284910735,5.9099580038295235e-06,0.02105918610072528,0.06287414473109437,0.15297214723589617,0.8784202400314733,0.0004997501249375312
0.2,0.1,16,0.025213467196375013,0.025352319837744653,5.810893640695971e-06,0.03319579051835533,0.04708819451202329,1.6217830778742008,0.1048498029895204,0.0004997501249375312
0.2,0.1,17,0.026567658079711433,0.02656765807971142,0.0011379730709773338,0.02649783454539249,0.06018632756291253,0.04539614798400938,0.9637915512876105,0.777111444277861
0.2,0.1,18,0.021466085435330247,0.021389192530159192,0.0013506860892076632,0.01990726021973895,0.056416046993923524,0.5424269607211716,0.5875244108568931,0.8660669665167416
0.2,0.1,19,0.0582019276954328,0.05820192769543279,0.000646610682353437,0.0868402008063408,0.09258869969997975,0.04059981827663956,0.9676149290329343,0.0004997501249375312
0.2,0.1,20,0.03864799280122386,0.03737001289871775,0.00013834317990511216,0.039277076491481634,0.04555300820575401,0.25675064932221126,0.7973712692752475,0.0004997501249375312
0.2,0.1,21,0.07876811508736231,0.0787681150873623,9.401277238681201e-07,0.07613389152052452,0.09925370315245259,0.8367094829321342,0.4027558874799295,0.0004997501249375312
0.2,0.1,22,0.037728474614952705,0.037728474614952684,9.552365420522415e-06,0.0453163070196504,0.05063111124245433,2.444850390635641,0.014491224086435883,0.0004997501249375312
0.2,0.1,23,0.0,0.0,2.9276707009391054e-05,0.0,0.08379679870542699,1.1451488322348429,0.25214750999955227,1.0
0.2,0.1,24,0.005605629039017557,0.006022273667720848,1.152413693968254e-05,0.008411315776711873,0.05162521912880381,1.3735949834041272,0.16956745519860905,0.0004997501249375312
0.2,0.1,25,0.0,0.0,2.617801093930457e-06,0.0,0.0818722885061986,0.7770190107118126,0.43714755435263175,1.0
0.2,0.1,26,0.030722513947394725,0.030722513947394763,6.0191841733896445e-06,0.028775237056512776,0.03807920956400391,0.5419685149712012,0.5878401957967214,0.0004997501249375312
0.2,0.1,27,0.04363342550326009,0.043536209470026364,0.0003456105558045253,0.04812260498402244,0.04592789488133844,0.8198578476957087,0.4122971490449121,0.0004997501249375312
0.2,0.1,28,0.04234944844358405,0.04234944844358405,0.0008039407119669866,0.05354772838800667,0.05940974098070516,0.4368228726085598,0.6622398098976703,0.12493753123438281
0.2,0.1,29,0.03620139928982456,0.036201399289824555,9.553774380319989e-07,0.04472134435078695,0.11145878820971605,1.2445119168246976,0.21331121623744886,0.0004997501249375312
0.2,0.1,30,0.06449847666016666,0.06638814704488333,5.35484569516311e-06,0.07154898682128462,0.08587250967477228,0.47533588175339697,0.6345475877087623,0.0004997501249375312
0.2,0.1,31,0.03429343794430483,0.034293437944304804,0.0003606379204914765,0.050327105196647286,0.07485923595728845,0.2782074736948242,0.7808530980721635,0.008995502248875561
0.2,0.1,32,0.06512652368100592,0.06478513852975565,2.021079133733344e-06,0.10899516979611994,0.07694801900365685,1.454282025643097,0.1458681316857282,0.0004997501249375312
0.2,0.1,33,0.0458534144043343,0.04585341440433433,0.000412641972675904,0.07733710180637621,0.07597981431778708,1.507290558180529,0.13173619668345626,0.0004997501249375312
0.2,0.1,34,0.04508609996724501,0.04508609996724502,3.4658888275308537e-06,0.057499508364261064,0.06645726609530427,0.6312211867702615,0.5278959107707808,0.0004997501249375312
0.2,0.1,35,0.08538500038413241,0.08538500038413238,5.283000848172234e-06,0.1771187113344546,0.13891513106794717,1.316249112026995,0.188090444683219,0.0004997501249375312
0.2,0.1,36,0.02820485157368315,0.028204851573683132,0.004320675719266058,0.030281704585585423,0.08006407581474298,0.821836768316577,0.41116980439774453,0.769615192403798
0.2,0.1,37,0.12639816346172014,0.12639816346172014,3.2021588993557315e-06,0.19879821428171016,0.19733443662779213,1.074132241649163,0.2827634158604124,0.0004997501249375312
0.2,0.1,38,0.056793546934363594,0.05679354693436364,6.142921511207169e-06,0.07020962126793907,0.0500458207036043,2.138972722344381,0.03243787760516237,0.0004997501249375312
0.2,0.1,39,0.02349455898701446,0.023290190668835413,3.5647690267692747e-06,0.02409578275372147,0.05259189417105591,0.6874570985138696,0.49179472682459946,0.0004997501249375312
0.2,0.1,40,0.01461763365511716,0.015370711449275258,0.0013958100557805218,0.018259862779300414,0.07956397825216817,0.33565090252220775,0.7371341339304915,0.7531234382808596
0.2,0.1,41,0.013827910793948692,0.0119892365743275,9.231943322078298e-06,0.018013547686959046,0.07239231830579189,0.5745482484017066,0.5655968607538919,0.0004997501249375312
0.2,0.1,42,0.03457332748077267,0.034573327480772714,5.747161717883846e-06,0.032128973471071166,0.048404485927917164,0.10672842119703269,0.9150044345275923,0.0004997501249375312
0.2,0.1,43,0.08283419327662515,0.08250224220594281,0.02151671149115844,0.09543144120279033,0.0841529149625621,0.2241486476120466,0.8226416400384857,0.7451274362818591
0.2,0.1,44,0.059532844247184614,0.05953284424718462,6.01133699069542e-06,0.08031037619877804,0.11546428841141265,0.6777593569867951,0.49792428446630366,0.0004997501249375312
0.2,0.1,45,0.06278940243322763,0.06278940243322761,1.4408946693037746e-05,0.08563625747825974,0.046822549869058455,2.07454478255319,0.038028744201146214,0.0004997501249375312
0.2,0.1,46,0.0,0.0,4.6363091840690495e-06,0.0,0.048419572675171586,1.6502936572777709,0.09888288893806951,1.0
0.2,0.1,47,0.0,1.124366563280595e-16,2.042164257082298e-06,1.4104513218322475e-16,0.10244725187697094,1.2916763015908777,0.1964692677604567,1.0
0.2,0.1,48,0.06105529696716975,0.061055296967169756,0.00013047104184997857,0.08243801764139674,0.08054551762743158,0.4712145709592246,0.6374875143965262,0.0004997501249375312
0.2,0.1,49,0.0,0.0,1.9429991026045306e-06,0.0,0.10164131428064574,1.263624551209666,0.20636481721976252,1.0
0.2,0.1,50,0.06219512535748777,0.06227264451798972,4.285010477354934e-06,0.08129100785240967,0.10507789038339134,1.2508551965266423,0.2109873125634829,0.0004997501249375312
0.2,0.1,51,0.13375733864362596,0.13375733864362596,4.570854051602213e-06,0.3562959709753679,0.12581088049786654,1.7047652637542432,0.0882382123769978,0.0004997501249375312
0.2,0.1,52,0.03738298613912437,0.03738298613912435,5.260247549052445e-06,0.04320310680677663,0.042436753224655795,0.44421590263579935,0.656886495864224,0.0004997501249375312
0.2,0.1,53,0.08865136581799271,0.08865136581799271,6.391965266995519e-06,0.10324372664149475,0.06375018830801248,2.207255841626439,0.02729619046613818,0.0004997501249375312
0.2,0.1,54,0.04624448667976292,0.0460510413505303,2.270046296726347e-05,0.04762526271763716,0.044472480905758796,0.9903647863345434,0.3219958506967182,0.0004997501249375312
0.2,0.1,55,0.031141994588765244,0.031141994588765216,3.5764662966676726e-06,0.03492229609473757,0.05881102721052082,0.14894062943773068,0.8816004810944678,0.0004997501249375312
0.2,0.1,56,0.033075929223788915,0.033075929223788915,5.56664715099099e-06,0.03338018297784278,0.09604593078127206,1.5546095954314094,0.12003907711533879,0.0004997501249375312
0.2,0.1,57,0.039996620300269396,0.0399966203002694,3.4390404273825123e-06,0.050601750821131684,0.06891167839805934,0.4525933570456005,0.6508415830952401,0.0004997501249375312
0.2,0.1,58,0.023332682331253893,0.02379541955002751,6.064072687898756e-06,0.028826489870339037,0.03911737766309943,0.3437908321023964,0.7310035953844207,0.0004997501249375312
0.2,0.1,59,0.08988755241840818,0.08988755241840819,3.4005608861251884e-06,0.1249728132364777,0.10024490553522308,0.16764359503444345,0.8668636726401435,0.0004997501249375312
0.2,0.5,0,0.032858080714261086,0.030892362209929348,5.9615317186451825e-05,0.026915272571167593,0.04162785927755702,0.19425515560143755,0.8459760973708657,0.0004997501249375312
0.2,0.5,1,0.0,0.0,6.838752240407862e-05,0.0,0.05945445179845286,1.4550962133519525,0.1456426273466096,1.0
0.2,0.5,2,0.05140765423144931,0.051407654231449336,0.0002328670551727237,0.06071625709860528,0.05652641021135422,1.0349294219035767,0.3007018731027431,0.0004997501249375312
0.2,0.5,3,0.029303419604349637,0.02930341960434964,9.326864902302695e-05,0.028315938960700674,0.05174794956479076,0.24749898147720706,0.8045220796488073,0.0004997501249375312
0.2,0.5,4,0.03921947462617143,0.039219474626171424,0.00018749652254936505,0.04883360947068695,0.06686512454139736,0.8556971443062206,0.39216532020974393,0.0004997501249375312
0.2,0.5,5,0.07560356592241464,0.07560356592241464,6.828836692732799e-05,0.0573248456445162,0.049378434203183864,0.46017938055716967,0.6453874699326523,0.0004997501249375312
0.2,0.5,6,0.029044395044611256,0.028683089530012012,0.0011795743734772156,0.02495841507250143,0.05058265885077784,0.6623099616066939,0.5077725939389768,0.7971014492753623
0.2,0.5,7,0.05969795770247215,0.06023366808223821,9.045161342969845e-05,0.07831024853052854,0.07656785897315892,1.2487274014296172,0.21176479508598423,0.0004997501249375312
0.2,0.5,8,0.10958351613516976,0.10958351613516969,5.354855248764625e-05,0.10838126015577808,0.06486995588743855,1.2013381163227734,0.22962007055646705,0.0004997501249375312
0.2,0.5,9,0.03899293164085921,0.03899293164085923,0.00033304588982181315,0.04454694419690161,0.06765090810908693,1.7416472012429192,0.08157019659257747,0.0004997501249375312
0.2,0.5,10,0.051514162659809376,0.05151416265980943,0.00033442526106194936,0.040648330294165154,0.04570277753514245,0.3771931228678341,0.7060300906616934,0.0004997501249375312
0.2,0.5,11,0.09050349822456141,0.09050349822456143,3.6308209968259405e-05,0.1343078799888217,0.12872875339105244,0.09173373861107635,0.926909590861746,0.0004997501249375312
0.2,0.5,12,0.0,0.0,3.885620840805282e-05,0.0,0.12233424478262878,0.8818136588313079,0.377877584057821,1.0
0.2,0.5,13,0.03638850970592315,0.03512448537870006,7.045253707390798e-05,0.030406259516479593,0.061013042861121095,0.5207406334632553,0.6025474640989734,0.0004997501249375312
0.2,0.5,14,0.0,0.0,2.0821506652130277e-05,0.0,0.04972830660666577,1.132044157846717,0.2576158700801723,1.0
0.2,0.5,15,0.01747963954469861,0.0170054270980131,0.00011450413947994502,0.014515863334307681,0.06551140787112944,0.1719609604110444,0.863468220820421,0.005497251374312844
0.2,0.5,16,0.025213467196375013,0.025962843992882116,0.0001452723410174015,0.02667357131538291,0.04139137707181008,1.3341449148241895,0.1821563683839762,0.0004997501249375312
0.2,0.5,17,0.026567658079711433,0.026567658079711422,0.0013867619052743843,0.01957570073967528,0.05247958293387567,0.31871154341280683,0.7499452604226584,0.912543728135932
0.2,0.5,18,0.021466085435330247,0.02118776554250436,0.0014659834374262694,0.013749700680138678,0.04514607455191977,0.6006266646930397,0.5480886738467738,0.9080459770114943
0.2,0.5,19,0.0582019276954328,0.05820192769543279,0.0007245251447597696,0.06686595683181455,0.07091921852533006,0.09276174000068838,0.9260928469642429,0.0009995002498750624
0.2,0.5,20,0.03864799280122386,0.032464616733693684,0.00025647404096324644,0.02503948736388394,0.04495127321900903,0.3853137607550401,0.7000049675404578,0.0004997501249375312
0.2,0.5,21,0.07876811508736231,0.07876811508736235,2.350319309670431e-05,0.0660991506314509,0.08688393159890082,0.9401784043399929,0.3471260571665038,0.0004997501249375312
0.2,0.5,22,0.037728474614952705,0.03772847461495266,0.00023880913551306034,0.03368770703071432,0.042527278670025516,2.2161542222991284,0.026680941810197645,0.0004997501249375312
0.2,0.5,23,0.0,0.0,0.0007319176752347776,0.0,0.08356002857866357,0.7663289023037183,0.44348062516953823,1.0
0.2,0.5,24,0.005605629039017557,0.010572895338975877,0.00026941207976282895,0.010527163093564593,0.04449607347374837,1.8589117494935743,0.06303964839964027,0.9920039980009995
0.2,0.5,25,0.0,0.0,6.548852688192151e-05,0.0,0.06725155048434847,0.5365121581058403,0.5916046354645661,1.0
0.2,0.5,26,0.030722513947394725,0.030722513947394784,0.00015047960433474362,0.023337516341760702,0.040267842581612055,0.27871113078692095,0.7804665197431855,0.0004997501249375312
0.2,0.5,27,0.04363342550326009,0.04318135466258402,0.0004193771435996606,0.040424601678998986,0.04361800931243911,1.4807653589645486,0.13866911051199593,0.0004997501249375312
0.2,0.5,28,0.04234944844358405,0.04234944844358404,0.0009205789855569648,0.043014347438238364,0.05442325256600077,0.4416067297435489,0.6587738132985534,0.1904047976011994
0.2,0.5,29,0.03620139928982456,0.03620139928982453,2.3884435950799037e-05,0.03345453052539529,0.07774818073662569,1.1626121677734997,0.2449868917446647,0.0004997501249375312
0.2,0.5,30,0.06449847666016666,0.07344795581980515,0.00012488435632562584,0.057621447760227096,0.06628736372556511,0.12507384030936838,0.9004650930550819,0.0004997501249375312
0.2,0.5,31,0.03429343794430483,0.03429343794430484,0.0005140532937536661,0.03135482727008857,0.06994652974158674,0.6504084270279337,0.5154284353533525,0.03648175912043978
0.2,0.5,32,0.06512652368100592,0.0634262254064695,5.052697834333418e-05,0.07517367225911505,0.06947304373776858,0.6834554298686635,0.4943191045425097,0.0004997501249375312
0.2,0.5,33,0.0458534144043343,0.04585341440433433,0.00046793707759205185,0.05416721831565098,0.052200882900449976,2.295602854658249,0.021698599406174024,0.0004997501249375312
0.2,0.5,34,0.04508609996724501,0.04508609996724501,8.664722068827204e-05,0.04238355682141268,0.05396672569970789,0.552061970881129,0.5809058957455526,0.0004997501249375312
0.2,0.5,35,0.08538500038413241,0.08538500038413238,0.0001320750212043064,0.11199662515620314,0.09239934383176018,1.535148056906637,0.12474746404035231,0.0004997501249375312
0.2,0.5,36,0.02820485157368315,0.02820485157368313,0.004375171612193475,0.022224680678001214,0.0639049935179992,0.9594754138259908,0.3373192996971026,0.769615192403798
0.2,0.5,37,0.12639816346172014,0.12639816346172017,8.005397248389348e-05,0.16392847000205926,0.15339070859979526,1.0390002248286418,0.2988046317039501,0.0004997501249375312
0.2,0.5,38,0.056793546934363594,0.05679354693436364,0.00015357303778017442,0.05059406703612742,0.04872475673086389,3.1620556886370648,0.0015665960189266137,0.0004997501249375312
0.2,0.5,39,0.02349455898701446,0.022565319097985696,8.911922566923258e-05,0.019265522271781427,0.04891061103365854,0.453838912797532,0.6499447737791009,0.0004997501249375312
0.2,0.5,40,0.01461763365511716,0.019151858233581932,0.0016598095328684826,0.015237628033878856,0.05614356404111977,0.7882880005967974,0.43052826485430673,0.7541229385307346
0.2,0.5,41,0.013827910793948692,0.006445448866610311,0.0002307985830519571,0.007919995635734757,0.062036898974207666,0.4196782845984108,0.6747204908260671,1.0
0.2,0.5,42,0.03457332748077267,0.03457332748077263,0.00014367904294709804,0.02698330141824864,0.04126048988186467,0.09185240394650528,0.9268153076742207,0.0004997501249375312
0.2,0.5,43,0.08283419327662515,0.08117564492043149,0.021588897613703462,0.0707620405885424,0.06520074451599438,0.10423473664439026,0.9169830682476556,0.7456271864067966
0.2,0.5,44,0.059532844247184614,0.05953284424718462,0.00015028342476738356,0.05406721078934027,0.0855697327300079,0.3568301696623488,0.7212189489822451,0.0004997501249375312
0.2,0.5,45,0.06278940243322763,0.06278940243322763,0.0003602236673259401,0.06240373558799555,0.04820850908518325,1.8625103468163398,0.06253118837937355,0.0004997501249375312
0.2,0.5,46,0.0,0.0,0.00011590772960172893,0.0,0.07086090731599466,1.181332262637105,0.23747075554198593,1.0
0.2,0.5,47,0.0,0.0,5.10541064270581e-05,0.0,0.08036509905491673,1.344339353654907,0.17883867527217134,1.0
0.2,0.5,48,0.06105529696716975,0.061055296967169805,0.0003126054859455654,0.06715992053797476,0.0656742631538063,0.4758439434703754,0.6341855607477969,0.0004997501249375312
0.2,0.5,49,0.0,0.0,4.857497756511318e-05,0.0,0.08144561926848166,1.2151207562023858,0.22432003821902513,1.0
0.2,0.5,50,0.06219512535748777,0.06260545478925145,0.00010712526193387466,0.061646062666688595,0.07521233769552366,1.00876003621986,0.31308973141019836,0.0004997501249375312
0.2,0.5,51,0.13375733864362596,0.13375733864362596,0.00011427135129005571,0.22303281984181186,0.08986228733479677,1.440500737884577,0.14972578141082615,0.0004997501249375312
0.2,0.5,52,0.03738298613912437,0.03738298613912427,0.00013150618872631215,0.031314728981286406,0.04567396118996294,0.8062976384889788,0.4200712518241756,0.0004997501249375312
0.2,0.5,53,0.08865136581799271,0.0886513658179927,0.00015979913167488523,0.07993471376623837,0.06281388580609755,2.2816140996987437,0.022512133541663593,0.0004997501249375312
0.2,0.5,54,0.04624448667976292,0.04531982759381162,0.000567511574181587,0.03626051971445585,0.04460488830231468,1.6431082524857583,0.10036053772715237,0.0004997501249375312
0.2,0.5,55,0.031141994588765244,0.031141994588765216,8.941165741669376e-05,0.026717280404831772,0.05415406202377543,0.1771393061694368,0.8593989682328023,0.0004997501249375312
0.2,0.5,56,0.033075929223788915,0.033075929223788804,0.00013916617877477317,0.02434871641945639,0.07031433127198161,1.4242688172964397,0.15436867053141512,0.0004997501249375312
0.2,0.5,57,0.039996620300269396,0.03999662030026939,8.597601068456297e-05,0.038731273891981326,0.0537468664044072,0.10370871531329823,0.9174005101344818,0.0004997501249375312
0.2,0.5,58,0.023332682331253893,0.025699816767358222,0.0001516018171974682,0.022601844604767007,0.05040960590888147,0.11797229147669148,0.9060896127393911,0.0004997501249375312
0.2,0.5,59,0.08988755241840818,0.08988755241840822,8.501402215312975e-05,0.09760297654930412,0.08169436887307703,0.13908332203815504,0.889384307212548,0.0004997501249375312
0.2,2.0,0,0.032858080714261086,0.025093302258675326,0.0009538450749832422,0.01195295425310234,0.05525636998850105,0.9988886297936799,0.31784864483954167,0.9195402298850575
0.2,2.0,1,0.0,0.0,0.0010942003584652627,0.0,0.04526362933736432,2.2679392271864502,0.023332911027601044,1.0
0.2,2.0,2,0.05140765423144931,0.05140765423144928,0.0019892915609514925,0.03117982707524784,0.0658830584274282,0.006169925724433588,0.9950771427570686,0.2698650674662669
0.2,2.0,3,0.029303419604349637,0.029303419604349616,0.0014922983843684307,0.01682483503403051,0.08044243798388971,0.12104422591809216,0.9036560054880594,0.8335832083958021
0.2,2.0,4,0.03921947462617143,0.0392194746261714,0.0007137836465041263,0.0283125947704093,0.06636965351951893,0.16446673713120027,0.8693637300784156,0.014492753623188406
0.2,2.0,5,0.07560356592241464,0.07560356592241474,0.0010926138708372479,0.03420502974766838,0.05751574069499252,0.14523021022597093,0.8845291144746901,0.0004997501249375312
0.2,2.0,6,0.029044395044611256,0.02857870820519846,0.0028326208590185088,0.013315497272123215,0.048993985868355204,0.22339669109327,0.8232267793877304,0.9970014992503748
0.2,2.0,7,0.05969795770247215,0.06213029851213994,0.0014472258148751777,0.037091199387323776,0.059727112057609257,1.5551298074195972,0.11991515724283786,0.0029985007496251873
0.2,2.0,8,0.10958351613516976,0.10958351613516965,0.0008567768398023406,0.05074787883284142,0.04210420869306761,1.655745315813966,0.09777340613643037,0.0004997501249375312
0.2,2.0,9,0.03899293164085921,0.038992931640859214,0.0022536114978653913,0.02440888867959297,0.05922226581010708,2.0906910913786283,0.03655576409670647,0.9290354822588706
0.2,2.0,10,0.051514162659809376,0.05151416265980938,0.002117307954943071,0.018936860796979958,0.0515935890419059,0.24521891387718572,0.8062869322414796,0.1744127936031984
0.2,2.0,11,0.09050349822456141,0.09050349822456147,0.0005809313594921495,0.061971550403629574,0.07247811189237789,0.056847727276818194,0.9546664945134553,0.0004997501249375312
0.2,2.0,12,0.0,0.0,0.0006216993345288471,0.0,0.07334600249618212,0.9258095927237374,0.35454494108209467,1.0
0.2,2.0,13,0.03638850970592315,0.03159922025415161,0.0011272405931825242,0.015281933023166104,0.0865732787725395,1.2120623174178338,0.22548852692221644,0.5667166416791605
0.2,2.0,14,0.0,0.0,0.00033314410643408524,0.0,0.030814272906059696,1.2455165803996744,0.21294192468612705,1.0
0.2,2.0,15,0.01747963954469861,0.017935306103956033,0.0018450725893054214,0.007248516950952193,0.09058949417303501,0.42629574264687276,0.6698923597212478,1.0
0.2,2.0,16,0.025213467196375013,0.02894453158544966,0.0023243574562784226,0.01645060765963314,0.04724462391000628,0.39483105547058045,0.6929675741427985,0.9920039980009995
0.2,2.0,17,0.026567658079711433,0.026567658079711332,0.004981159819220824,0.009888578959584454,0.05939344213584953,0.6225926270823119,0.5335522574717173,1.0
0.2,2.0,18,0.021466085435330247,0.02196317250183486,0.003491463077353478,0.006674899429725889,0.051515134326601514,1.7383637495838526,0.08214673993223776,1.0
0.2,2.0,19,0.0582019276954328,0.058201927695432816,0.0020929781364278283,0.03590035435318056,0.04961528425611368,0.46429015591530387,0.6424398758702106,0.10694652673663169
0.2,2.0,20,0.03864799280122386,0.020622183710479053,0.0025149203396140985,0.007960303854421385,0.05512480067348511,0.9915941908281003,0.32139552420962536,1.0
0.2,2.0,21,0.07876811508736231,0.07876811508736234,0.00037605108954727397,0.04423524181829547,0.07080983061538591,1.1119181920028136,0.2661733260961576,0.0004997501249375312
0.2,2.0,22,0.037728474614952705,0.037728474614952705,0.0038209461682089615,0.01716758220734261,0.047734047656092835,1.019956187074069,0.30774924009906535,0.9995002498750625
0.2,2.0,23,0.0,0.0,0.01171068280375642,0.0,0.11256156546172968,0.044276327542349045,0.9646841410499019,1.0
0.2,2.0,24,0.005605629039017557,0.034568310286676375,0.004319638325017554,0.01657366805964473,0.06406063992070836,1.5215652212451856,0.12811805746813643,1.0
0.2,2.0,25,0.0,0.0,0.0010519052620450624,0.0,0.0571727332937988,0.1879522587398772,0.8509140761136844,1.0
0.2,2.0,26,0.030722513947394725,0.03072251394739473,0.0024076736693559096,0.013658486439474878,0.0657999475112974,0.07768968460271646,0.9380748997996795,0.9940029985007496
0.2,2.0,27,0.04363342550326009,0.04235286411257011,0.0014508842782734246,0.025190168148322808,0.05038435385169318,2.274324086216153,0.022946508014955125,0.255872063968016
0.2,2.0,28,0.04234944844358405,0.04234944844358408,0.0023557548088274484,0.024754136540189053,0.06418340021909391,0.322373099885288,0.7471700605275915,0.6366816591704147
0.2,2.0,29,0.03620139928982456,0.03620139928982444,0.00038215097521278617,0.01720247166220606,0.06431125901162954,0.4275630653095909,0.668969261125973,0.0004997501249375312
0.2,2.0,30,0.06449847666016666,0.10011599925586842,0.0020122260951864115,0.03887789075469915,0.057038651167658785,1.1873805657350238,0.23507754220287325,0.0004997501249375312
0.2,2.0,31,0.03429343794430483,0.0342934379443048,0.0024711138436041705,0.012990506329537148,0.08285575590751677,0.8512795405428937,0.39461408728989755,0.9790104947526237
0.2,2.0,32,0.06512652368100592,0.058435649983555875,0.0008084316534933458,0.03285174341032275,0.07666368782246903,0.6229539344338542,0.5333147938714176,0.0004997501249375312
0.2,2.0,33,0.0458534144043343,0.04585341440433433,0.0014116148568895197,0.02550864350616979,0.05185985981829395,2.435631826578517,0.014865806716566565,0.06796601699150424
0.2,2.0,34,0.04508609996724501,0.045086099967244976,0.0013863555310123525,0.021342978948688994,0.057910871815375846,0.21324745161410355,0.8311339583092403,0.09395302348825588
0.2,2.0,35,0.08538500038413241,0.08538500038413238,0.0021132003392689003,0.047081530112692775,0.050203737503204275,1.9254827278698372,0.054168994744525856,0.0004997501249375312
0.2,2.0,36,0.02820485157368315,0.028204851573683052,0.005279397603676792,0.011124806351705496,0.05390209836658352,1.0216000769947282,0.3069702212283949,0.9460269865067467
0.2,2.0,37,0.12639816346172014,0.1263981634617202,0.0012808635597422917,0.09888551796523327,0.08398435138870632,0.863960354484318,0.38760966975821676,0.0004997501249375312
0.2,2.0,38,0.056793546934363594,0.05679354693436371,0.0024571686044828154,0.024707803748849542,0.08854959358697946,2.513895119143226,0.011940593814906642,0.12243878060969515
0.2,2.0,39,0.02349455898701446,0.021351358346873312,0.001425907610707723,0.011011798046073806,0.07316444579062342,0.039771747522695744,0.9682751006140455,0.9825087456271864
0.2,2.0,40,0.01461763365511716,0.03780422195213335,0.0038331827101929714,0.013436642776360128,0.03959642342605417,1.5963792779533463,0.11040413976833996,0.9300349825087456
0.2,2.0,41,0.013827910793948692,0.030128583651712382,0.0036927773288313102,0.021995444440918728,0.05683238607058866,0.06422423681134307,0.9487916790454864,1.0
0.2,2.0,42,0.03457332748077267,0.03457332748077274,0.0022988646871535687,0.0168583698116499,0.04521153798286561,0.4842027558024406,0.6282419813132338,0.9950024987506247
0.2,2.0,43,0.08283419327662515,0.07621959971750865,0.022734223004016545,0.03453408217160676,0.04553140099239429,0.9274108650309169,0.35371325159516376,0.7681159420289855
0.2,2.0,44,0.059532844247184614,0.059532844247184614,0.0024045347962781483,0.02429556545941892,0.05837392719330165,0.5132804193621613,0.6077551787856068,0.018490754622688656
0.2,2.0,45,0.06278940243322763,0.06278940243322771,0.005763578677215036,0.030933535530109364,0.07155574488395128,1.1130412374305951,0.265690719168429,0.7661169415292354
0.2,2.0,46,0.0,2.24873312656119e-16,0.001854523673627642,1.17576205954209e-16,0.12057641226869634,0.7420939014166901,0.45803044458496545,1.0
0.2,2.0,47,0.0,0.0,0.0008168657028329179,0.0,0.048502278839921024,1.4370731546309223,0.15069720822568566,1.0
0.2,2.0,48,0.06105529696716975,0.06105529696716978,0.002678934427550694,0.03962281382330299,0.060992385267185395,0.3103567727594096,0.7562896625529107,0.12043978010994502
0.2,2.0,49,0.0,0.0,0.0007771996410418094,0.0,0.05203978777556999,0.9908861728669067,0.3217411648280635,1.0
0.2,2.0,50,0.06219512535748777,0.06416824380122872,0.0017140041909419878,0.03288568347172253,0.04910686894027083,0.0677773080233095,0.9459629077893374,0.014992503748125937
0.2,2.0,51,0.13375733864362596,0.133757338643626,0.001828341620640893,0.092830200249677,0.06470431213275549,0.4093348720377014,0.6822939275218056,0.0004997501249375312
0.2,2.0,52,0.03738298613912437,0.03738298613912445,0.0021040990196209888,0.015411527277420534,0.06522092656636483,0.9489111987933393,0.3426657783455209,0.9610194902548725
0.2,2.0,53,0.08865136581799271,0.08865136581799261,0.0025567861067981707,0.04328690501502751,0.0815432865099747,1.808063646639885,0.0705965953238783,0.0004997501249375312
0.2,2.0,54,0.04624448667976292,0.04323150738832046,0.009080185186905392,0.018709340957483007,0.07603521789138747,1.612949931130833,0.10675538602348533,1.0
0.2,2.0,55,0.031141994588765244,0.031141994588765296,0.0014305865186670951,0.014203274219715645,0.08015048275860047,0.48570524963281486,0.6271761610912594,0.7971014492753623
0.2,2.0,56,0.033075929223788915,0.033075929223789026,0.0022266588603963833,0.012086045723085375,0.046223600690723114,0.8599998073735554,0.3897891486863514,0.9655172413793104
0.2,2.0,57,0.039996620300269396,0.0399966203002694,0.0013756161709530077,0.0206050450037488,0.0582787403171635,0.5349209878727664,0.5927044946848068,0.3193403298350825
0.2,2.0,58,0.023332682331253893,0.033377887597349165,0.002425629075159461,0.014477161929299539,0.08059246188842335,0.3827810431436577,0.7018821183435082,0.9980009995002499
0.2,2.0,59,0.08988755241840818,0.08988755241840819,0.0013602243544500769,0.05359050390221118,0.06411757156771965,0.9389901155069351,0.3477358193058073,0.0004997501249375312
0.4,0.1,0,0.06571616142852217,0.06532188944936404,2.3846126874580267e-06,0.055866586971257993,0.0694855809448816,0.6329368892970614,0.5267748568406252,0.0004997501249375312
0.4,0.1,1,0.0,0.0,2.735500896163116e-06,0.0,0.12786728764531202,0.9288118654185324,0.3529865942015893,1.0
0.4,0.1,2,0.10281530846289862,0.10281530846289859,0.00011918040847304526,0.1408378236370879,0.09650770304098573,1.6221527562420486,0.1047706444994485,0.0004997501249375312
0.4,0.1,3,0.058606839208699274,0.05860683920869928,3.730745960921025e-06,0.05640044326112917,0.07876767328944069,0.5268056774491794,0.5983285398816838,0.0004997501249375312
0.4,0.1,4,0.07843894925234286,0.07843894925234288,0.00014003392683604053,0.10009939271304087,0.11825093272926541,1.237975992258595,0.2157249628433049,0.0004997501249375312
0.4,0.1,5,0.15120713184482928,0.15120713184482928,2.73153467709314e-06,0.11179226321616954,0.08252531481147209,0.9979289257702605,0.3183138244227335,0.0004997501249375312
0.4,0.1,6,0.05808879008922251,0.058002299861504236,0.001044011629637378,0.05092773874070832,0.07973071158559858,1.3214721580432247,0.18634398000593322,0.005997001499250375
0.4,0.1,7,0.1193959154049443,0.11949855254745646,3.618064537187942e-06,0.18172102746247315,0.15891230591165773,0.8913255783439291,0.37275453032214134,0.0004997501249375312
0.4,0.1,8,0.2191670322703395,0.2191670322703395,2.141942099505864e-06,0.2514675625563552,0.14113155342205352,0.8893285416853509,0.3738265365659683,0.0004997501249375312
0.4,0.1,9,0.07798586328171841,0.07798586328171844,0.0002131762362192184,0.10092063836102429,0.12490161613227176,1.4219822546973395,0.15503140250509828,0.0004997501249375312
0.4,0.1,10,0.10302832531961875,0.10302832531961871,0.00020786121434583147,0.0893567767530285,0.0916641447082116,0.8224956772840478,0.4107948458876418,0.0004997501249375312
0.4,0.1,11,0.18100699644912283,0.18100699644912285,1.4523283987303793e-06,0.2595317303859049,0.2459168331119542,0.1453751625471388,0.8844146737409218,0.0004997501249375312
0.4,0.1,12,0.0,0.0,1.554248336322079e-06,0.0,0.21481616552104904,0.8526219105122099,0.3938690080522531,1.0
0.4,0.1,13,0.0727770194118463,0.07252074169471046,2.818101482956334e-06,0.06062934926260162,0.08764964894387099,0.46549123421639793,0.6415797128431817,0.0004997501249375312
0.4,0.1,14,0.0,0.0,8.328602660852218e-07,0.0,0.09444519239717727,1.1764514676019269,0.23941451535041458,1.0
0.4,0.1,15,0.03495927908939722,0.03483049502070786,5.9099580038296565e-06,0.03277608257690779,0.09388868583360105,0.20470733844058783,0.8378007865802222,0.0004997501249375312
0.4,0.1,16,0.05042693439275003,0.05056437362118026,5.810893640695971e-06,0.05488843365798131,0.07411892157587989,1.6442852838200739,0.1001172876734433,0.0004997501249375312
0.4,0.1,17,0.053135316159422866,0.05313531615942284,0.0011379730709773362,0.0436979416592404,0.09833598010310046,0.004729803924714841,0.9962261765435796,0.0029985007496251873
0.4,0.1,18,0.042932170870660494,0.04285266054836851,0.0013506860892076608,0.031685794568314406,0.06577996671714419,1.2017683780639186,0.2294532802669842,0.31434282858570717
0.4,0.1,19,0.1164038553908656,0.11640385539086562,0.000646610682353437,0.13909175390081557,0.14831594405122117,0.05681694149773806,0.9546910183742936,0.0004997501249375312
0.4,0.1,20,0.07729598560244771,0.07601360965474654,0.00013834317990511197,0.061809689494116,0.06642472670876855,0.5082929750660868,0.6112478958777607,0.0004997501249375312
0.4,0.1,21,0.15753623017472462,0.15753623017472465,9.401277238682272e-07,0.11804004514629805,0.16097186697061314,0.8222484339293187,0.41093551829582786,0.0004997501249375312
0.4,0.1,22,0.07545694922990541,0.07545694922990537,9.552365420522373e-06,0.07830168325955962,0.08031371846311022,2.44529291769338,0.014473453891696408,0.0004997501249375312
0.4,0.1,23,0.0,0.0,2.9276707009391047e-05,0.0,0.13127935681532854,1.1887225025259784,0.23454888264322582,1.0
0.4,0.1,24,0.011211258078035115,0.01151411038505235,1.1524136939682579e-05,0.012394453158890567,0.07808098931591463,1.2481753132647333,0.2119668624265807,0.0004997501249375312
0.4,0.1,25,0.0,0.0,2.6178010939304566e-06,0.0,0.13188341533131365,0.8046844564312107,0.4210017914273072,1.0
0.4,0.1,26,0.06144502789478945,0.06144502789478942,6.0191841733896445e-06,0.045452930821109294,0.060447254923203256,0.5686378954124298,0.569601902101857,0.0004997501249375312
0.4,0.1,27,0.08726685100652018,0.087168792938374,0.0003456105558045257,0.07688303859392565,0.06850444976540082,0.7124095094578188,0.4762112286087603,0.0004997501249375312
0.4,0.1,28,0.0846988968871681,0.08469889688716813,0.0008039407119669887,0.08415788973957894,0.0914640668027683,0.43146460160682576,0.6661305859344337,0.0004997501249375312
0.4,0.1,29,0.07240279857964912,0.07240279857964908,9.553774380319487e-07,0.06525783726592292,0.1760646055977027,1.2447384620667608,0.21322790300523886,0.0004997501249375312
0.4,0.1,30,0.1289969533203333,0.13088234357183115,5.354845695163026e-06,0.10642791226454405,0.10691254969443892,0.7731256464559152,0.43944802439673025,0.0004997501249375312
0.4,0.1,31,0.06858687588860966,0.06858687588860965,0.00036063792049147587,0.07723072693163816,0.10652036908191233,0.24108401836120455,0.8094899990204734,0.0004997501249375312
0.4,0.1,32,0.13025304736201185,0.12991150043373478,2.021079133733349e-06,0.17111167029324476,0.11076923722070733,1.5551180541633634,0.11991795588331611,0.0004997501249375312
0.4,0.1,33,0.0917068288086686,0.09170682880866853,0.00041264197267590325,0.12985285483687084,0.12010900612998825,1.3816431906621598,0.16708128547681667,0.0004997501249375312
0.4,0.1,34,0.09017219993449002,0.09017219993449006,3.4658888275308546e-06,0.0935286833703736,0.10545845751213,0.6340276723446397,0.5260627629103931,0.0004997501249375312
0.4,0.1,35,0.17077000076826482,0.17077000076826482,5.283000848172276e-06,0.26323152957466517,0.19093329646286084,1.2863147990076536,0.1983332197212233,0.0004997501249375312
0.4,0.1,36,0.0564097031473663,0.056409703147366354,0.0043206757192660586,0.04896659384478538,0.08959391528595899,1.0145213851607078,0.31033403041657337,0.6361819090454772
0.4,0.1,37,0.2527963269234403,0.2527963269234403,3.2021588993557607e-06,0.2608447717259011,0.2783320790773044,1.07816156544057,0.2809616607638712,0.0004997501249375312
0.4,0.1,38,0.11358709386872719,0.1135870938687272,6.142921511206926e-06,0.10443821361484072,0.07878650610989876,1.852597484739438,0.06394007324936446,0.0004997501249375312
0.4,0.1,39,0.04698911797402892,0.04678252099255808,3.5647690267693094e-06,0.039133620756764666,0.08441351134140494,0.7723671509796519,0.4398970037819543,0.0004997501249375312
0.4,0.1,40,0.02923526731023432,0.0299642776394395,0.0013958100557805208,0.02822090720585875,0.11177133081460305,0.205251554044333,0.8373755924474628,0.750624687656172
0.4,0.1,41,0.027655821587897384,0.025797710278051847,9.231943322078298e-06,0.02996925513064387,0.10928134232137567,0.592088030130649,0.5537916419244657,0.0004997501249375312
0.4,0.1,42,0.06914665496154535,0.06914665496154535,5.747161717883846e-06,0.0528073781334786,0.07968573916247061,0.1307142564376833,0.8960013541067948,0.0004997501249375312
0.4,0.1,43,0.1656683865532503,0.16533640585266282,0.021516711491158427,0.14554939786379667,0.12126842879240701,0.3546380869872043,0.7228607390849338,0.39730134932533734
0.4,0.1,44,0.11906568849436923,0.11906568849436917,6.011336990695431e-06,0.13113665265107027,0.17790951399376975,0.7178594284416218,0.4728439660015109,0.0004997501249375312
0.4,0.1,45,0.12557880486645526,0.1255788048664553,1.4408946693037746e-05,0.14101716436334444,0.07184998414771131,2.036902975494772,0.04165976590377274,0.0004997501249375312
0.4,0.1,46,0.0,0.0,4.636309184069049e-06,0.0,0.06872474987994495,1.700046705464467,0.08912214065416668,1.0
0.4,0.1,47,0.0,0.0,2.0421642570822985e-06,0.0,0.15395793137669558,1.2934985614522676,0.19583868128611837,1.0
0.4,0.1,48,0.1221105939343395,0.12211059393433951,0.00013047104184997895,0.1316858256608436,0.12337002401975145,0.46721687102438,0.6403447243590175,0.0004997501249375312
0.4,0.1,49,0.0,0.0,1.9429991026045505e-06,0.0,0.15072003337181536,1.2690405250508021,0.2044266107561199,1.0
0.4,0.1,50,0.12439025071497554,0.12446719824393841,4.285010477355002e-06,0.11675594498759885,0.1615717422489362,1.2769143935125051,0.20163247197356293,0.0004997501249375312
0.4,0.1,51,0.2675146772872519,0.2675146772872519,4.570854051602214e-06,0.6051308335939413,0.1851069362189537,1.7304170878987186,0.08355578299553135,0.0004997501249375312
0.4,0.1,52,0.07476597227824874,0.0747659722782487,5.260247549052381e-06,0.06908203143851195,0.06624954646067527,0.36308009657408197,0.7165450522055472,0.0004997501249375312
0.4,0.1,53,0.17730273163598542,0.17730273163598537,6.391965266995477e-06,0.1511719638617275,0.09727949128802164,2.1588857700725965,0.03085903010687341,0.0004997501249375312
0.4,0.1,54,0.09248897335952584,0.09229448341879108,2.2700462967263453e-05,0.07532527980220288,0.07169327175521373,0.8508393750107656,0.39485858560320164,0.0004997501249375312
0.4,0.1,55,0.06228398917753049,0.0622839891775305,3.5764662966677335e-06,0.05631276516240314,0.09432331572294869,0.19291832948285856,0.8470229298292962,0.0004997501249375312
0.4,0.1,56,0.06615185844757783,0.06615185844757783,5.5666471509910425e-06,0.04995539397429876,0.15488924959251024,1.5677613695688706,0.11693683344154238,0.0004997501249375312
0.4,0.1,57,0.07999324060053879,0.0799932406005388,3.4390404273824687e-06,0.07336004768177193,0.10256838584790572,0.4917633928017999,0.6228866180485504,0.0004997501249375312
0.4,0.1,58,0.046665364662507786,0.04712664605622297,6.064072687898798e-06,0.04407324659401099,0.058229669055391446,0.4338347009073248,0.6644084808135395,0.0004997501249375312
0.4,0.1,59,0.17977510483681636,0.1797751048368164,3.400560886125167e-06,0.18872239849449277,0.1470727611651471,0.19220098353433546,0.84758477551677,0.0004997501249375312
0.4,0.5,0,0.06571616142852217,0.06374723145357156,5.9615317186451825e-05,0.044797729242202294,0.05874048060087264,0.2309693945728696,0.8173385787990672,0.0004997501249375312
0.4,0.5,1,0.0,0.0,6.83875224040791e-05,0.0,0.1013855497068625,1.1752627763354206,0.23988960184869734,1.0
0.4,0.5,2,0.10281530846289862,0.1028153084628986,0.00023286705517272388,0.10892501777816378,0.0840790790868665,1.3542747437748768,0.1756487406907805,0.0004997501249375312
0.4,0.5,3,0.058606839208699274,0.05860683920869929,9.326864902302628e-05,0.047740953336305667,0.07257662499036223,0.40235493253039695,0.6874228323855474,0.0004997501249375312
0.4,0.5,4,0.07843894925234286,0.07843894925234288,0.00018749652254936537,0.08354888979151161,0.1028521231421916,1.0806794651435383,0.27983972060720763,0.0004997501249375312
0.4,0.5,5,0.15120713184482928,0.15120713184482934,6.828836692732799e-05,0.09508144341313654,0.06962142134328002,0.8630161365692017,0.3881285949038067,0.0004997501249375312
0.4,0.5,6,0.05808879008922251,0.05768775252065029,0.0011795743734772113,0.041065013879643404,0.06752833794561322,1.1940850937785026,0.2324446834884415,0.0074962518740629685
0.4,0.5,7,0.1193959154049443,0.11991915638445637,9.045161342969826e-05,0.1333669282793767,0.12009689228220914,1.0698805162761647,0.28467309414815434,0.0004997501249375312
0.4,0.5,8,0.2191670322703395,0.2191670322703395,5.3548552487646706e-05,0.1860881028997874,0.10608770602401474,1.0361741543933334,0.30012090211695397,0.0004997501249375312
0.4,0.5,9,0.07798586328171841,0.07798586328171839,0.00033304588982181315,0.0807873877250344,0.10586625544944864,1.5935930606571305,0.11102720975692137,0.0004997501249375312
0.4,0.5,10,0.10302832531961875,0.10302832531961871,0.00033442526106195055,0.06688127885998271,0.06519955661604918,0.6844915136823383,0.4936648463330122,0.0004997501249375312
0.4,0.5,11,0.18100699644912283,0.18100699644912288,3.6308209968259405e-05,0.19952615064471402,0.18916912700021926,0.12139133641902791,0.9033810786708731,0.0004997501249375312
0.4,0.5,12,0.0,0.0,3.885620840805282e-05,0.0,0.18081698517239075,0.8665372221991726,0.38619562327244705,1.0
0.4,0.5,13,0.0727770194118463,0.07150321142999295,7.045253707390798e-05,0.04967271858312509,0.07973499028324268,0.06625565920670472,0.947174284440943,0.0004997501249375312
0.4,0.5,14,0.0,0.0,2.082150665213037e-05,0.0,0.07515937970762769,1.2456615354114582,0.21288868063789934,1.0
0.4,0.5,15,0.03495927908939722,0.03438966170695455,0.00011450413947994501,0.02438805098285667,0.08375291773101239,0.001937969701726644,0.9984537248635863,0.0004997501249375312
0.4,0.5,16,0.05042693439275003,0.0511421638590082,0.00014527234101740166,0.04522434869089855,0.06335045117539505,1.5325837784424885,0.1253784408491576,0.0004997501249375312
0.4,0.5,17,0.053135316159422866,0.05313531615942284,0.0013867619052743872,0.03383318886081621,0.0807712197678054,0.16099056939377548,0.8721008282890987,0.013493253373313344
0.4,0.5,18,0.042932170870660494,0.0425872318493322,0.001465983437426267,0.023413148030839617,0.050886955581167986,0.2652779825385745,0.7907953244710422,0.3743128435782109
0.4,0.5,19,0.1164038553908656,0.11640385539086559,0.0007245251447597714,0.11224045625083981,0.118967378507471,0.00896904902748901,0.9928438302009748,0.0004997501249375312
0.4,0.5,20,0.07729598560244771,0.07097674346131583,0.00025647404096324655,0.04506769582068157,0.059204747965491654,0.06799378038018562,0.9457905853654891,0.0004997501249375312
0.4,0.5,21,0.15753623017472462,0.15753623017472468,2.3503193096705104e-05,0.10561092278267697,0.1432248273759429,0.8781944866315043,0.3798381835029263,0.0004997501249375312
0.4,0.5,22,0.07545694922990541,0.07545694922990537,0.00023880913551306045,0.060314463485045065,0.06571099476812721,2.4015733488807247,0.016324735938974877,0.0004997501249375312
0.4,0.5,23,0.0,0.0,0.0007319176752347764,0.0,0.12291407954152746,1.0051281219703485,0.31483516031565784,1.0
0.4,0.5,24,0.011211258078035115,0.014705236547680725,0.0002694120797628288,0.012079768715385738,0.060221601001208346,1.6712521519874104,0.09467188306371788,0.7636181909045477
0.4,0.5,25,0.0,0.0,6.548852688192151e-05,0.0,0.10992303315579417,0.689923615412393,0.4902422240793629,1.0
0.4,0.5,26,0.06144502789478945,0.06144502789478942,0.00015047960433474362,0.03838851078009213,0.05466831382812688,0.4441610173370848,0.6569261740866206,0.0004997501249375312
0.4,0.5,27,0.08726685100652018,0.08679345697279736,0.0004193771435996607,0.0669038805396382,0.061881410138654516,1.1191621966411598,0.2630709496928123,0.0004997501249375312
0.4,0.5,28,0.0846988968871681,0.08469889688716813,0.0009205789855569673,0.07057665349766974,0.08022912234581908,0.44587375480035046,0.6556884413613506,0.0004997501249375312
0.4,0.5,29,0.07240279857964912,0.07240279857964907,2.388443595079924e-05,0.0523857928355275,0.12990732304297326,1.2309137249224527,0.218355133766595,0.0004997501249375312
0.4,0.5,30,0.1289969533203333,0.13793936440636245,0.00012488435632562677,0.08749343015068729,0.08340001916652881,0.3671735027999913,0.7134896027781916,0.0004997501249375312
0.4,0.5,31,0.06858687588860966,0.06858687588860965,0.0005140532937536647,0.05274340059611585,0.08791053501674721,0.5111978042542766,0.6092125560523733,0.0004997501249375312
0.4,0.5,32,0.13025304736201185,0.12854857401451025,5.052697834333427e-05,0.127456980758847,0.09598822773056333,1.150137543537301,0.2500872253488673,0.0004997501249375312
0.4,0.5,33,0.0917068288086686,0.09170682880866853,0.00046793707759205065,0.09554294634215207,0.08644938653107077,1.8188509596131668,0.06893417134146751,0.0004997501249375312
0.4,0.5,34,0.09017219993449002,0.09017219993449009,8.664722068827203e-05,0.07249944789088399,0.08400408261265763,0.6120680849260279,0.5404927121277772,0.0004997501249375312
0.4,0.5,35,0.17077000076826482,0.17077000076826482,0.00013207502120430627,0.18381029054665343,0.14111692272574827,1.4030083145079923,0.1606143595851961,0.0004997501249375312
0.4,0.5,36,0.0564097031473663,0.056409703147366354,0.004375171612193476,0.03786734555806801,0.07303066986184935,1.118244244905995,0.2634626923044885,0.6536731634182908
0.4,0.5,37,0.2527963269234403,0.25279632692344034,8.005397248389319e-05,0.22890128820086109,0.23233214458721935,1.0615619808759236,0.28843458113581444,0.0004997501249375312
0.4,0.5,38,0.11358709386872719,0.11358709386872716,0.00015357303778017596,0.08106296306046055,0.0625547572203485,2.8208239207723005,0.004790048675255454,0.0004997501249375312
0.4,0.5,39,0.04698911797402892,0.04600128745159692,8.911922566923213e-05,0.032854101340811154,0.07268658123570412,0.6684625145910988,0.5038384021887032,0.0004997501249375312
0.4,0.5,40,0.02923526731023432,0.03332697000447678,0.0016598095328684802,0.02256580583119347,0.08129743401770702,0.48048511504691876,0.6308824848458743,0.750624687656172
0.4,0.5,41,0.027655821587897384,0.018865596141198596,0.00023079858305195786,0.01869624842040275,0.09517006425995861,0.518914646762681,0.603820263410384,0.05997001499250375
0.4,0.5,42,0.06914665496154535,0.06914665496154536,0.00014367904294709804,0.04565282610051403,0.06824917612837794,0.032401966751868135,0.9741514940718188,0.0004997501249375312
0.4,0.5,43,0.1656683865532503,0.16400907924599295,0.021588897613703435,0.1156139657161283,0.09733528379371321,0.16919404941254335,0.8656440101960066,0.4032983508245877
0.4,0.5,44,0.11906568849436923,0.11906568849436924,0.00015028342476738522,0.09391843710740887,0.13703190906884935,0.5566056032751429,0.5777969245795114,0.0004997501249375312
0.4,0.5,45,0.12557880486645526,0.1255788048664553,0.00036022366732593985,0.10793275813108544,0.06254723623275063,2.0700071811420773,0.03845167198004007,0.0004997501249375312
0.4,0.5,46,0.0,0.0,0.00011590772960172788,0.0,0.07787098500532114,1.4489295083772296,0.14735726947094263,1.0
0.4,0.5,47,0.0,2.24873312656119e-16,5.105410642705763e-05,1.8378700304075784e-16,0.1266758062133106,1.321955866856237,0.18618284738007973,1.0
0.4,0.5,48,0.1221105939343395,0.12211059393433953,0.00031260548594556567,0.11143817737567108,0.10338312513477221,0.47689706509617796,0.6334354219954825,0.0004997501249375312
0.4,0.5,49,0.0,0.0,4.857497756511328e-05,0.0,0.1261362760166203,1.2464600161847499,0.21259555954136689,1.0
0.4,0.5,50,0.12439025071497554,0.12478639936998488,0.0001071252619338742,0.094853996282051,0.12289547010307719,1.1665191408550097,0.24340461431790472,0.0004997501249375312
0.4,0.5,51,0.2675146772872519,0.2675146772872519,0.00011427135129005533,0.4014403618890894,0.14002450955827467,1.616765413804595,0.10592892775252238,0.0004997501249375312
0.4,0.5,52,0.07476597227824874,0.07476597227824867,0.00013150618872631142,0.05299633399879836,0.06006294988366906,0.63478743248504,0.5255670609100376,0.0004997501249375312
0.4,0.5,53,0.17730273163598542,0.17730273163598542,0.00015979913167488613,0.12457677248964866,0.08711343816647421,2.2895837526941154,0.022045457725798467,0.0004997501249375312
0.4,0.5,54,0.09248897335952584,0.09153754690946149,0.0005675115741815859,0.06069433729925632,0.06149024426896298,1.3424048862509133,0.17946475127290218,0.0004997501249375312
0.4,0.5,55,0.06228398917753049,0.0622839891775305,8.941165741669376e-05,0.045136656404664736,0.07856942290625213,0.014223338442641646,0.988651800484641,0.0004997501249375312
0.4,0.5,56,0.06615185844757783,0.06615185844757783,0.00013916617877477472,0.03910240511682455,0.11677392100366188,1.510471979621814,0.13092303398227534,0.0004997501249375312
0.4,0.5,57,0.07999324060053879,0.0799932406005388,8.597601068456327e-05,0.060024797796683294,0.0809121959945516,0.3252932818602489,0.7449591149303352,0.0004997501249375312
0.4,0.5,58,0.046665364662507786,0.04900005805460515,0.0001516018171974682,0.035484744043779354,0.057478164213854696,0.10890868270472324,0.9132749198105414,0.0004997501249375312
0.4,0.5,59,0.17977510483681636,0.17977510483681644,8.501402215312963e-05,0.1557459543700811,0.1243261641058789,0.035175193159727884,0.9719400429776246,0.0004997501249375312
0.4,2.0,0,0.06571616142852217,0.05788159037694289,0.0009538450749832292,0.024375537043387487,0.05642157400981839,0.6765340011679765,0.49870166606368516,0.0004997501249375312
0.4,2.0,1,0.0,0.0,0.0010942003584652655,0.0,0.0636667829163242,1.8817452538205883,0.059870612189609984,1.0
0.4,2.0,2,0.10281530846289862,0.10281530846289855,0.001989291560951493,0.05888723138455561,0.07433168710285089,0.5043943851155086,0.6139842629425587,0.0004997501249375312
0.4,2.0,3,0.058606839208699274,0.05860683920869925,0.00149229838436843,0.030297107759280212,0.08132139943960219,0.042473976151253603,0.9661208570463631,0.013493253373313344
0.4,2.0,4,0.07843894925234286,0.07843894925234281,0.0007137836465041263,0.05157251020316415,0.08064247619742192,0.4229159050375408,0.6723566180173515,0.0004997501249375312
0.4,2.0,5,0.15120713184482928,0.15120713184482928,0.0010926138708372479,0.060928015059128066,0.06114163752325571,0.2830260178803069,0.7771568926813979,0.0004997501249375312
0.4,2.0,6,0.05808879008922251,0.05696647500679109,0.0028326208590185027,0.023717948769815044,0.05502281653019218,0.714115982576031,0.47515546378894213,0.375312343828086
0.4,2.0,7,0.1193959154049443,0.12163714809985504,0.0014472258148751777,0.06738644560909951,0.07532097300611033,1.4584868727526323,0.14470639087992732,0.0004997501249375312
0.4,2.0,8,0.2191670322703395,0.21916703227033937,0.0008567768398023406,0.09422332298636255,0.06006009325442203,1.4495656684617342,0.14717967554725497,0.0004997501249375312
0.4,2.0,9,0.07798586328171841,0.07798586328171835,0.0022536114978653956,0.0462141456247718,0.07806151902325906,1.9595603347638004,0.050047201346369974,0.0004997501249375312
0.4,2.0,10,0.10302832531961875,0.10302832531961865,0.0021173079549430683,0.03441775603217114,0.050915662158527504,0.06237892523618395,0.9502610774958831,0.0004997501249375312
0.4,2.0,11,0.18100699644912283,0.1810069964491228,0.0005809313594921495,0.10686840049723746,0.10781213024865118,0.035500822407805964,0.9716803906034783,0.0004997501249375312
0.4,2.0,12,0.0,0.0,0.0006216993345288445,0.0,0.11569785494128558,0.9052529987682553,0.36533137024285534,1.0
0.4,2.0,13,0.0727770194118463,0.06780351804916074,0.0011272405931825257,0.028827242728232314,0.08723042717635163,0.9484589285997815,0.34289587207515515,0.0004997501249375312
0.4,2.0,14,0.0,0.0,0.00033314410643408616,0.0,0.04402114543968333,1.4118117663743508,0.15800539298140204,1.0
0.4,2.0,15,0.03495927908939722,0.033848074445395386,0.001845072589305416,0.012476538314263416,0.09057227039620015,0.3319257213698739,0.7399453475892188,0.9135432283858071
0.4,2.0,16,0.05042693439275003,0.05368540006434344,0.002324357456278421,0.02800518112367049,0.053107377849404516,0.9171587127300509,0.35905947839651753,0.29485257371314344
0.4,2.0,17,0.053135316159422866,0.053135316159422845,0.004981159819220841,0.018322303913437702,0.06653799217184715,0.5014635763324731,0.6160449058400186,0.9185407296351824
0.4,2.0,18,0.042932170870660494,0.0423585783839808,0.003491463077353476,0.011870482439981121,0.05061273976290209,1.3248305813241954,0.1852273493269867,0.9545227386306847
0.4,2.0,19,0.1164038553908656,0.11640385539086558,0.0020929781364278296,0.06510740541455783,0.07261812769898146,0.2503387921397626,0.8023253594969644,0.0004997501249375312
0.4,2.0,20,0.07729598560244771,0.05401162304309069,0.0025149203396140946,0.018826054038120744,0.05845885376183493,0.6902174214757698,0.49005746921543625,0.335832083958021
0.4,2.0,21,0.15753623017472462,0.1575362301747246,0.00037605108954727256,0.07571439159063265,0.10664593830208997,1.0339048097607983,0.3011806662629637,0.0004997501249375312
0.4,2.0,22,0.07545694922990541,0.07545694922990541,0.003820946168208963,0.03240207387835751,0.05268704697335301,1.708493656842061,0.0875447823682427,0.053973013493253376
0.4,2.0,23,0.0,0.0,0.011710682803756419,0.0,0.12396600033339494,0.3744314908866634,0.7080833177235892,1.0
0.4,2.0,24,0.011211258078035115,0.0364690532926958,0.00431963832501756,0.015864822987849372,0.06018548359957272,1.7517872720929135,0.07981039359926001,0.9995002498750625
0.4,2.0,25,0.0,0.0,0.0010519052620450624,0.0,0.07650091292658634,0.23777996838457816,0.8120517560442537,1.0
0.4,2.0,26,0.06144502789478945,0.06144502789478948,0.0024076736693559096,0.02425300307741517,0.06429863393149138,0.07262515985525471,0.9421044049147964,0.06196901549225387
0.4,2.0,27,0.08726685100652018,0.08563166376623045,0.001450884278273429,0.0448235669957771,0.05635955025048561,1.9829747494715217,0.047370250101497424,0.0004997501249375312
0.4,2.0,28,0.0846988968871681,0.0846988968871681,0.00235575480882745,0.04396839896807129,0.07114973544976648,0.399958369127628,0.689187179849067,0.001999000499750125
0.4,2.0,29,0.07240279857964912,0.07240279857964904,0.00038215097521278454,0.030112249199091997,0.07727346998750609,0.9049578522263749,0.3654877164330119,0.0004997501249375312
0.4,2.0,30,0.1289969533203333,0.1645231603010028,0.002012226095186409,0.05718478232711908,0.06162314107831427,0.6993590461960859,0.48432767492141915,0.0004997501249375312
0.4,2.0,31,0.06858687588860966,0.06858687588860961,0.002471113843604177,0.0240947268589335,0.08445358880393776,0.8100377168215556,0.417918498791515,0.01249375312343828
0.4,2.0,32,0.13025304736201185,0.12348662946025361,0.0008084316534933469,0.06353487836230756,0.08357514396751582,0.012460704039932881,0.9900580539100479,0.0004997501249375312
0.4,2.0,33,0.0917068288086686,0.09170682880866862,0.0014116148568895197,0.047991504481111655,0.05727106392263458,2.5294262213263177,0.01142491912432897,0.0004997501249375312
0.4,2.0,34,0.09017219993449002,0.09017219993449009,0.0013863555310123475,0.03933432408408444,0.06431174861510269,0.40407943698226473,0.6861543055825916,0.0004997501249375312
0.4,2.0,35,0.17077000076826482,0.17077000076826487,0.0021132003392689037,0.08623776872813053,0.07499018270585688,1.7412416627008194,0.0816412271537752,0.0004997501249375312
0.4,2.0,36,0.0564097031473663,0.05640970314736627,0.0052793976036767925,0.020468705218279513,0.05633695473029752,1.1860122526363082,0.2356174608316437,0.7496251874062968
0.4,2.0,37,0.2527963269234403,0.25279632692344023,0.001280863559742292,0.15686430277928337,0.14258152840379792,0.9879040012000428,0.32319966569217895,0.0004997501249375312
0.4,2.0,38,0.11358709386872719,0.11358709386872723,0.0024571686044828223,0.04407222094648783,0.07897100962430724,2.8893891413724018,0.0038599107976362568,0.0004997501249375312
0.4,2.0,39,0.04698911797402892,0.04376792284481882,0.0014259076107077148,0.020189629144140263,0.07473828917769336,0.21182930868087638,0.8322402023252058,0.20589705147426288
0.4,2.0,40,0.02923526731023432,0.04981621521000498,0.003833182710192972,0.01642193412364335,0.04886474232628106,1.2162474551235642,0.22389067119891126,0.7681159420289855
0.4,2.0,41,0.027655821587897384,0.02107840428525093,0.0036927773288313215,0.013468604764349672,0.07242082669752466,0.22296372943307102,0.823563735643239,1.0
0.4,2.0,42,0.06914665496154535,0.06914665496154543,0.0022988646871535696,0.030272456485510548,0.05379276203042214,0.2954925755281051,0.7676176231443625,0.005497251374312844
0.4,2.0,43,0.1656683865532503,0.15904045455944651,0.022734223004016528,0.06416771675090478,0.06265759729536557,0.41685342021914484,0.6767856257598008,0.44627686156921537
0.4,2.0,44,0.11906568849436923,0.11906568849436924,0.002404534796278137,0.04549657834761486,0.08213854642237732,0.005968442878026064,0.995237899848441,0.0004997501249375312
0.4,2.0,45,0.12557880486645526,0.1255788048664553,0.0057635786772150385,0.057417231605798535,0.06984816843977855,1.4656762574796605,0.14273650533781357,0.0004997501249375312
0.4,2.0,46,0.0,0.0,0.0018545236736276555,0.0,0.11483105848500343,0.9211318339534174,0.35698160177612936,1.0
0.4,2.0,47,0.0,0.0,0.000816865702832924,0.0,0.07820762652652768,1.4002933264192703,0.16142549845926313,1.0
0.4,2.0,48,0.1221105939343395,0.12211059393433955,0.0026789344275507,0.07068305885254064,0.074611343268259,0.4297708556910848,0.6673623352048748,0.0004997501249375312
0.4,2.0,49,0.0,0.0,0.0007771996410418106,0.0,0.08129470047117987,1.1447104759917777,0.2523291103895149,1.0
0.4,2.0,50,0.12439025071497554,0.12614385019435845,0.0017140041909419906,0.05603276326928692,0.07000466696961982,0.6626744051062634,0.5075391055781873,0.0004997501249375312
0.4,2.0,51,0.2675146772872519,0.267514677287252,0.0018283416206408946,0.1774501432769464,0.0840056195926977,1.044718972768123,0.29615287337121554,0.0004997501249375312
0.4,2.0,52,0.07476597227824874,0.07476597227824863,0.002104099019621006,0.028292104387569458,0.06617703775795537,0.9143698332011788,0.3605225475743721,0.0004997501249375312
0.4,2.0,53,0.17730273163598542,0.17730273163598528,0.0025567861067981677,0.07505866980920005,0.08595471665713281,2.097286800985092,0.03596819456762823,0.0004997501249375312
0.4,2.0,54,0.09248897335952584,0.08901085990411325,0.009080185186905388,0.03464772822333357,0.0721053951976408,1.7106037082647563,0.08715429397261976,0.5752123938030984
0.4,2.0,55,0.06228398917753049,0.06228398917753059,0.0014305865186670951,0.025877497688152194,0.07907369890311024,0.3762490967910088,0.7067317184222099,0.010994502748625687
0.4,2.0,56,0.06615185844757783,0.06615185844757805,0.0022266588603963864,0.021547574856163706,0.06741001233190681,1.2275679314792765,0.21960920625596358,0.0004997501249375312
0.4,2.0,57,0.07999324060053879,0.07999324060053874,0.001375616170953013,0.03569361052265062,0.06145302016751944,0.24323893888114692,0.8078203036188933,0.0009995002498750624
0.4,2.0,58,0.046665364662507786,0.05636006766706348,0.0024256290751594853,0.022107499928187356,0.0771779594351738,0.28820549030704806,0.7731894463581148,0.1359320339830085
0.4,2.0,59,0.17977510483681636,0.1797751048368165,0.0013602243544500775,0.09409170779019534,0.08619920020794328,0.5058626097820964,0.6129531021589059,0.0004997501249375312
0.8,0.1,0,0.13143232285704434,0.1310379917737528,2.3846126874580267e-06,0.0761971019441262,0.09633103679895683,0.6823410488210042,0.49502332258851767,0.0004997501249375312
0.8,0.1,1,0.0,0.0,2.7355008961632086e-06,0.0,0.19274044064281654,0.8971007374056653,0.3696651652787657,1.0
0.8,0.1,2,0.20563061692579723,0.2056306169257972,0.00011918040847304564,0.22243064904278514,0.139559052423152,1.632926706630271,0.10248441248688467,0.0004997501249375312
0.8,0.1,3,0.11721367841739855,0.11721367841739844,3.7307459609210615e-06,0.0822797678907677,0.11226842205643796,0.5402576303537698,0.5890193736242353,0.0004997501249375312
0.8,0.1,4,0.15687789850468573,0.1568778985046857,0.00014003392683603963,0.14869390323029832,0.16282862814693422,1.2577216341903537,0.20849244537765577,0.0004997501249375312
0.8,0.1,5,0.30241426368965857,0.30241426368965857,2.73153467709314e-06,0.15954919656784392,0.11981417248952392,1.1218344102202578,0.26193285256212384,0.0004997501249375312
0.8,0.1,6,0.11617758017844503,0.11609030966218942,0.001044011629637378,0.07035670505687254,0.1108285641501711,1.5635649771340998,0.11791976512242064,0.0004997501249375312
0.8,0.1,7,0.2387918308098886,0.23889421558799423,3.618064537187942e-06,0.2603486571541492,0.21560174976668123,0.8671915022022454,0.3858370915542828,0.0004997501249375312
0.8,0.1,8,0.438334064540679,0.43833406454067897,2.141942099505818e-06,0.3637973575640569,0.19421728085566906,0.8703191610432862,0.3841260104681794,0.0004997501249375312
0.8,0.1,9,0.15597172656343683,0.1559717265634368,0.00021317623621921808,0.16370782994833905,0.181137509367227,1.40383826846176,0.1603670154988106,0.0004997501249375312
0.8,0.1,10,0.2060566506392375,0.2060566506392375,0.00020786121434583028,0.12125936886429448,0.12463163709654172,0.8890312315789346,0.3739862951673565,0.0004997501249375312
0.8,0.1,11,0.36201399289824565,0.3620139928982457,1.4523283987303746e-06,0.31098092480753275,0.29662333426215837,0.1483711895449655,0.882049835805375,0.0004997501249375312
0.8,0.1,12,0.0,0.0,1.5542483363220837e-06,0.0,0.26659292528560147,0.8507785238613088,0.3948923937371316,1.0
0.8,0.1,13,0.1455540388236926,0.14529757458987225,2.8181014829563335e-06,0.08233276461370471,0.12035363001019499,0.5384936764301882,0.59023626961231,0.0004997501249375312
0.8,0.1,14,0.0,0.0,8.328602660852218e-07,0.0,0.13086577536531993,1.2235537387460969,0.22112062015331624,1.0
0.8,0.1,15,0.06991855817879444,0.0697879453846917,5.9099580038296565e-06,0.04532057883200523,0.12685268382029394,0.23091755869661343,0.8173788494808054,0.0004997501249375312
0.8,0.1,16,0.10085386878550005,0.10099059839991249,5.810893640696057e-06,0.08169300192632925,0.10414548029830767,1.6540412495183106,0.09811913180036091,0.0004997501249375312
0.8,0.1,17,0.10627063231884573,0.10627063231884577,0.0011379730709773362,0.0646952171784199,0.14485891982120666,0.0157991519595755,0.9873946249911956,0.0004997501249375312
0.8,0.1,18,0.08586434174132099,0.08578352625963821,0.0013506860892076589,0.04495069884833711,0.08219582108334453,1.695539628735965,0.0899730992453911,0.0004997501249375312
0.8,0.1,19,0.2328077107817312,0.2328077107817312,0.0006466106823534397,0.19894375985031082,0.2115598204648285,0.06485230161468913,0.9482915983941549,0.0004997501249375312
0.8,0.1,20,0.15459197120489543,0.15330745225041273,0.00013834317990511197,0.08581389506219127,0.09086302764963715,0.6421999460831999,0.5207433680199776,0.0004997501249375312
0.8,0.1,21,0.31507246034944925,0.3150724603494492,9.401277238682272e-07,0.1628618214475577,0.23355570949983187,0.8149085906203188,0.4151246354607052,0.0004997501249375312
0.8,0.1,22,0.15091389845981082,0.15091389845981085,9.552365420522268e-06,0.12310539946748589,0.11367363841318052,2.442848852475917,0.014571838723537844,0.0004997501249375312
0.8,0.1,23,0.0,0.0,2.9276707009391047e-05,0.0,0.18434927770321902,1.2096681675390952,0.2264062493063843,1.0
0.8,0.1,24,0.02242251615607023,0.02266554908132878,1.1524136939682443e-05,0.0167276777560533,0.10478953229447599,1.1824943047365555,0.2370096240052102,0.0004997501249375312
0.8,0.1,25,0.0,0.0,2.617801093930466e-06,0.0,0.18988104695673477,0.818215807673084,0.41323397040379106,1.0
0.8,0.1,26,0.1228900557895789,0.12289005578957884,6.0191841733896445e-06,0.06399950520327002,0.08631174457493618,0.5803068299454368,0.5617077224030842,0.0004997501249375312
0.8,0.1,27,0.17453370201304036,0.17443522363288513,0.0003456105558045257,0.10957218635849102,0.09462721002848322,0.6463803279163582,0.5180330772585924,0.0004997501249375312
0.8,0.1,28,0.1693977937743362,0.16939779377433625,0.0008039407119669866,0.11783869818309498,0.12584614588710386,0.4283347040330151,0.6684074560393425,0.0004997501249375312
0.8,0.1,29,0.14480559715929825,0.1448055971592983,9.553774380319487e-07,0.08470698980399555,0.24641540271250534,1.2441101975901023,0.21345900841344734,0.0004997501249375312
0.8,0.1,30,0.2579939066406666,0.2598771101681539,5.354845695163026e-06,0.1417317625865353,0.13502345071087485,0.9522124533385885,0.3409892465160118,0.0004997501249375312
0.8,0.1,31,0.13717375177721933,0.13717375177721938,0.00036063792049147565,0.10540387512593698,0.142525222426311,0.21619396876063418,0.8288365546186232,0.0004997501249375312
0.8,0.1,32,0.2605060947240237,0.26016446722569414,2.0210791337334014e-06,0.23892610958043067,0.1429602773982523,1.6048566734719436,0.10852535035030009,0.0004997501249375312
0.8,0.1,33,0.1834136576173372,0.18341365761733724,0.00041264197267590466,0.19660524209461358,0.17163047773966958,1.3009581066062876,0.1932727948804407,0.0004997501249375312
0.8,0.1,34,0.18034439986898004,0.18034439986898002,3.4658888275308634e-06,0.13620017957379343,0.14926594469099053,0.6347397978031452,0.5255981329174577,0.0004997501249375312
0.8,0.1,35,0.34154000153652964,0.3415400015365297,5.283000848172276e-06,0.3477728528510364,0.23481283895015753,1.2711817002453942,0.20366401524670286,0.0004997501249375312
0.8,0.1,36,0.1128194062947326,0.11281940629473261,0.004320675719266052,0.07081396059301892,0.10416075286326301,1.1384321069059709,0.25494009366846493,0.005997001499250375
0.8,0.1,37,0.5055926538468806,0.5055926538468806,3.202158899355769e-06,0.30907760238956483,0.34992925695449056,1.080146175788419,0.28007709221417,0.0004997501249375312
0.8,0.1,38,0.22717418773745437,0.2271741877374544,6.142921511206926e-06,0.1381019404391833,0.10962789247915476,1.7057188308709654,0.0880604418913018,0.0004997501249375312
0.8,0.1,39,0.09397823594805783,0.09377053194069988,3.5647690267693094e-06,0.05671946356153045,0.12530471213583708,0.808381247325995,0.4188711438821513,0.0004997501249375312
0.8,0.1,40,0.05847053462046864,0.05918705554847059,0.0013958100557805223,0.03941137799206181,0.15555234971208942,0.120128888918154,0.9043810480486894,0.033483258370814596
0.8,0.1,41,0.05531164317579477,0.05344481902909714,9.231943322078359e-06,0.04271204820230825,0.14667238199384022,0.6006405631717966,0.548079414739193,0.0004997501249375312
0.8,0.1,42,0.1382933099230907,0.1382933099230907,5.747161717883846e-06,0.07786437224313504,0.11722250430596783,0.1424970989442926,0.8866873706964034,0.0004997501249375312
0.8,0.1,43,0.3313367731065006,0.33100477763553354,0.02151671149115845,0.19716699748968852,0.16707089659617175,0.4135879128885268,0.6791759267943847,0.0004997501249375312
0.8,0.1,44,0.23813137698873846,0.2381313769887385,6.01133699069529e-06,0.19184269185102384,0.24430304130086175,0.7378067926186009,0.46063186499843134,0.0004997501249375312
0.8,0.1,45,0.2511576097329105,0.25115760973291057,1.4408946693037446e-05,0.20840477403384983,0.09923912801837739,2.0098025967592874,0.04445208585830973,0.0004997501249375312
0.8,0.1,46,0.0,2.24873312656119e-16,4.636309184069222e-06,1.638855314912744e-16,0.09062683469423062,1.7153086817277554,0.08628864768587863,1.0
0.8,0.1,47,0.0,0.0,2.042164257082305e-06,0.0,0.20764010567988248,1.2925687848702905,0.1961602415443271,1.0
0.8,0.1,48,0.244221187868679,0.24422118786867902,0.00013047104184997773,0.187772807313319,0.1705921137481278,0.4636899595881668,0.6428698917175644,0.0004997501249375312
0.8,0.1,49,0.0,0.0,1.9429991026045505e-06,0.0,0.1989481480029407,1.2716883182400802,0.20348388279555119,1.0
0.8,0.1,50,0.2487805014299511,0.2488571628765415,4.285010477355002e-06,0.14936993067684962,0.22060865890821607,1.2895370131948747,0.1972114572072612,0.0004997501249375312
0.8,0.1,51,0.5350293545745038,0.535029354574504,4.570854051602249e-06,0.929821613647266,0.24214394407189252,1.7425063883885983,0.0814198745875716,0.0004997501249375312
0.8,0.1,52,0.1495319445564975,0.14953194455649738,5.260247549052509e-06,0.09861860436417953,0.09405585440461149,0.3195693234607612,0.7492948321519413,0.0004997501249375312
0.8,0.1,53,0.35460546327197084,0.35460546327197084,6.391965266995477e-06,0.19686723106174728,0.133501917802066,2.130399061197325,0.03313868124854946,0.0004997501249375312
0.8,0.1,54,0.18497794671905168,0.1847829361151528,2.2700462967263453e-05,0.10607847292864747,0.10332135652186018,0.7789309598623146,0.43602038525314546,0.0004997501249375312
0.8,0.1,55,0.12456797835506098,0.124567978355061,3.5764662966677335e-06,0.08117249605244406,0.13507492457377532,0.21426143675668224,0.8303431887024801,0.0004997501249375312
0.8,0.1,56,0.13230371689515566,0.13230371689515566,5.56664715099105e-06,0.06645471924703672,0.22386143626210797,1.5740199538923303,0.1154828364350311,0.0004997501249375312
0.8,0.1,57,0.15998648120107758,0.15998648120107756,3.4390404273824687e-06,0.0946430534116977,0.1353473566139192,0.5105663823414986,0.609654720850505,0.0004997501249375312
0.8,0.1,58,0.09333072932501557,0.09379127204078803,6.064072687898662e-06,0.06024235510605424,0.0796447059395976,0.47830118832962293,0.6324358507076719,0.0004997501249375312
0.8,0.1,59,0.3595502096736327,0.3595502096736327,3.400560886125238e-06,0.2533369550361835,0.19435216880678569,0.20383427291576028,0.8384830091450486,0.0004997501249375312
0.8,0.5,0,0.13143232285704434,0.12946186032000356,5.9615317186451825e-05,0.06560087680145071,0.08303261408037245,0.4814369965535391,0.6302059476635096,0.0004997501249375312
0.8,0.5,1,0.0,0.0,6.838752240407908e-05,0.0,0.16057828630404283,1.0229372287446348,0.3063375258178558,1.0
0.8,0.5,2,0.20563061692579723,0.2056306169257972,0.00023286705517272397,0.1806386333990602,0.12289265054073367,1.5065752094773828,0.13191957575448576,0.0004997501249375312
0.8,0.5,3,0.11721367841739855,0.11721367841739844,9.326864902302692e-05,0.07266562089720774,0.10243793091488958,0.4827913156451866,0.6292439176487425,0.0004997501249375312
0.8,0.5,4,0.15687789850468573,0.15687789850468567,0.00018749652254936413,0.12962250075826304,0.14689788639642248,1.1836339316539641,0.236558002461019,0.0004997501249375312
0.8,0.5,5,0.30241426368965857,0.30241426368965857,6.828836692732799e-05,0.14176901507725007,0.10382572380818714,1.0617465841415223,0.28835074511550207,0.0004997501249375312
0.8,0.5,6,0.11617758017844503,0.11575686771730928,0.001179574373477209,0.060418995764427545,0.09561935244405013,1.4973963796355647,0.13429014975727527,0.0004997501249375312
0.8,0.5,7,0.2387918308098886,0.23930879546241826,9.045161342969854e-05,0.20644891662575185,0.17534837104114692,0.9615102244116996,0.3362956870891525,0.0004997501249375312
0.8,0.5,8,0.438334064540679,0.4383340645406791,5.354855248764586e-05,0.29007752067484094,0.15801970638015705,0.9455890731269847,0.34435821962233537,0.0004997501249375312
0.8,0.5,9,0.15597172656343683,0.15597172656343683,0.0003330458898218133,0.13618152088088753,0.15773224072066389,1.4965876462947216,0.13450058656025843,0.0004997501249375312
0.8,0.5,10,0.2060566506392375,0.20605665063923745,0.00033442526106194735,0.09874424421242237,0.09580481367343069,0.8344825394906051,0.4040091225063167,0.0004997501249375312
0.8,0.5,11,0.36201399289824565,0.3620139928982457,3.630820996825967e-05,0.2635030981432676,0.2503888357166085,0.13637785037443395,0.8915225829100926,0.0004997501249375312
0.8,0.5,12,0.0,0.0,3.8856208408052394e-05,0.0,0.2385377037088574,0.8580143179985007,0.39088455730101423,1.0
0.8,0.5,13,0.1455540388236926,0.1442754678380152,7.045253707390809e-05,0.0718462528205839,0.1073194030265992,0.2519974628630563,0.8010430248771974,0.0004997501249375312
0.8,0.5,14,0.0,2.24873312656119e-16,2.082150665213049e-05,1.0380500473815216e-16,0.11121710035533451,1.2605853553457094,0.20745827765749159,1.0
0.8,0.5,15,0.06991855817879444,0.06930226682483184,0.00011450413947994501,0.03672040353151827,0.11119225445901663,0.11949693312232919,0.9048816696417941,0.0004997501249375312
0.8,0.5,16,0.10085386878550005,0.10155165091973409,0.00014527234101740082,0.07023641879064682,0.09193381160997202,1.6090867904952948,0.10759736523771779,0.0004997501249375312
0.8,0.5,17,0.10627063231884573,0.10627063231884577,0.0013867619052743859,0.05321046720762646,0.12207062175886514,0.06543532032934718,0.947827402772558,0.0004997501249375312
0.8,0.5,18,0.08586434174132099,0.08548643796474059,0.0014659834374262637,0.035995630560588736,0.06424916965475891,1.113644790670906,0.26543160297784185,0.0004997501249375312
0.8,0.5,19,0.2328077107817312,0.23280771078173124,0.0007245251447597723,0.16987969977652828,0.18035207017011096,0.03242483704420406,0.9741332558020044,0.0004997501249375312
0.8,0.5,20,0.15459197120489543,0.14821334536123848,0.00025647404096324617,0.06953144349806273,0.0799379610425391,0.39126354236280664,0.6956024441666593,0.0004997501249375312
0.8,0.5,21,0.31507246034944925,0.3150724603494492,2.350319309670431e-05,0.1506322949029132,0.21404341417902822,0.8438263889464506,0.3987664269854685,0.0004997501249375312
0.8,0.5,22,0.15091389845981082,0.15091389845981096,0.00023880913551305982,0.09972627786614463,0.09707737254449643,2.441954426709674,0.01460799056326234,0.0004997501249375312
0.8,0.5,23,0.0,0.0,0.0007319176752347764,0.0,0.1728265497365965,1.1226351274974302,0.2615924900919464,1.0
0.8,0.5,24,0.02242251615607023,0.024772932317558297,0.00026941207976282836,0.015074706876422227,0.0849195214164326,1.4323347289777668,0.15204804857130894,0.0029985007496251873
0.8,0.5,25,0.0,0.0,6.548852688192246e-05,0.0,0.1653915254516553,0.7629040465534977,0.4455206227503381,1.0
0.8,0.5,26,0.1228900557895789,0.12289005578957884,0.00015047960433474484,0.05665895612193204,0.07700019501549138,0.5271884561194375,0.5980627243372014,0.0004997501249375312
0.8,0.5,27,0.17453370201304036,0.1740497304386481,0.0004193771435996607,0.09914721553990412,0.08631933757725713,0.8673948121559241,0.38572572337792277,0.0004997501249375312
0.8,0.5,28,0.1693977937743362,0.16939779377433625,0.0009205789855569646,0.10384799731950821,0.11290467617427932,0.4390524202868362,0.6606235536463083,0.0004997501249375312
0.8,0.5,29,0.14480559715929825,0.1448055971592983,2.388443595079924e-05,0.07305637822137152,0.19835930345516628,1.2436239778737799,0.2136379870768219,0.0004997501249375312
0.8,0.5,30,0.2579939066406666,0.26693242830193936,0.00012488435632562584,0.12242485271244812,0.1106800388902186,0.7244197249977907,0.4688080937457455,0.0004997501249375312
0.8,0.5,31,0.13717375177721933,0.13717375177721933,0.0005140532937536648,0.08004438251543096,0.11728797079171929,0.37713335063426817,0.7060745077303663,0.0004997501249375312
0.8,0.5,32,0.2605060947240237,0.25879957501028333,5.052697834333368e-05,0.1933887742007995,0.12739923745245887,1.4034537076046265,0.16048158706682858,0.0004997501249375312
0.8,0.5,33,0.1834136576173372,0.18341365761733724,0.00046793707759205185,0.15458170388503684,0.13507361266826043,1.5208204151444165,0.12830490983064768,0.0004997501249375312
0.8,0.5,34,0.18034439986898004,0.18034439986898002,8.664722068827204e-05,0.11245071288496669,0.1250246553991177,0.6291284785235701,0.5292649475564943,0.0004997501249375312
0.8,0.5,35,0.34154000153652964,0.3415400015365297,0.00013207502120430624,0.27055051071093084,0.1928729844150859,1.331039291638244,0.18317608269576713,0.0004997501249375312
0.8,0.5,36,0.1128194062947326,0.1128194062947327,0.004375171612193471,0.0584301406344618,0.08858404724015521,1.2091657407208223,0.22659917670821095,0.006496751624187906
0.8,0.5,37,0.5055926538468806,0.5055926538468806,8.005397248389318e-05,0.28547511883624677,0.31160281107207105,1.07208748107494,0.28368074126719534,0.0004997501249375312
0.8,0.5,38,0.22717418773745437,0.2271741877374544,0.00015357303778017596,0.115988381674839,0.08932751469985473,2.2748676380469113,0.022913871211317716,0.0004997501249375312
0.8,0.5,39,0.09397823594805783,0.09296200246117402,8.911922566923213e-05,0.05003480932894663,0.10952894448993333,0.7657343943019377,0.44383435752667344,0.0004997501249375312
0.8,0.5,40,0.05847053462046864,0.06229385783117553,0.0016598095328684826,0.03249753910618391,0.12140024800932428,0.2649356690278203,0.7910590199223044,0.038980509745127435
0.8,0.5,41,0.05531164317579477,0.04617262427734279,0.00023079858305195765,0.03299142650768822,0.13291025388376326,0.5655731896687289,0.571683957531566,0.0004997501249375312
0.8,0.5,42,0.1382933099230907,0.13829330992309075,0.00014367904294709729,0.06979976993463206,0.10436432373543389,0.0945513310670575,0.9246712087466988,0.0004997501249375312
0.8,0.5,43,0.3313367731065006,0.32967709205159385,0.02158889761370344,0.16807830381931202,0.14168569098045158,0.3183353112497018,0.7502306018526146,0.0004997501249375312
0.8,0.5,44,0.23813137698873846,0.23813137698873849,0.00015028342476738503,0.14873082364441667,0.2015762385244106,0.6576286757859165,0.5107767635720586,0.0004997501249375312
0.8,0.5,45,0.2511576097329105,0.25115760973291057,0.0003602236673259392,0.16991773718690248,0.08548098288058939,2.0852619213574215,0.0370455318856191,0.0004997501249375312
0.8,0.5,46,0.0,0.0,0.00011590772960172794,0.0,0.09087881428718203,1.6192641289947385,0.10539044518550567,1.0
0.8,0.5,47,0.0,0.0,5.105410642705763e-05,0.0,0.18091457734558328,1.3073342513882085,0.19109921645155348,1.0
0.8,0.5,48,0.244221187868679,0.24422118786867902,0.00031260548594556475,0.16623828202852162,0.1503891441474913,0.47034443315325186,0.6381089569967195,0.0004997501249375312
0.8,0.5,49,0.0,0.0,4.857497756511328e-05,0.0,0.17577970886596597,1.2608576431315093,0.20736014120889878,1.0
0.8,0.5,50,0.2487805014299511,0.24916952497012906,0.0001071252619338742,0.13007639878324778,0.18168969420318548,1.2374272704655602,0.2159284997912414,0.0004997501249375312
0.8,0.5,51,0.5350293545745038,0.535029354574504,0.00011427135129005533,0.6690204907014395,0.1993231643107937,1.6912204021892168,0.09079471578201126,0.0004997501249375312
0.8,0.5,52,0.1495319445564975,0.14953194455649738,0.00013150618872631353,0.08105752643005325,0.08267929931270719,0.4815604911635661,0.6301181982096671,0.0004997501249375312
0.8,0.5,53,0.35460546327197084,0.35460546327197073,0.00015979913167488575,0.17284103167160633,0.1197410900204891,2.227256409523009,0.025930142023120162,0.0004997501249375312
0.8,0.5,54,0.18497794671905168,0.18401333980445164,0.000567511574181586,0.09087799077805407,0.0891155908343656,1.056959670883031,0.2905299934784149,0.0004997501249375312
0.8,0.5,55,0.12456797835506098,0.124567978355061,8.941165741669376e-05,0.06888032790627484,0.11535243901427096,0.12650822263523812,0.8993296406199132,0.0004997501249375312
0.8,0.5,56,0.13230371689515566,0.13230371689515566,0.00013916617877477458,0.05609831193271141,0.17990270337421876,1.5477268684294827,0.12168807031704088,0.0004997501249375312
0.8,0.5,57,0.15998648120107758,0.15998648120107756,8.597601068456327e-05,0.08278003508736552,0.11440865774094708,0.4322927980536919,0.665528620877095,0.0004997501249375312
0.8,0.5,58,0.09333072932501557,0.09564800203318256,0.00015160181719746648,0.05118984057615538,0.07180191079775707,0.2998154520620312,0.764317928187972,0.0004997501249375312
0.8,0.5,59,0.3595502096736327,0.3595502096736328,8.501402215312963e-05,0.2218143696533441,0.1729862909904169,0.1252678941956376,0.9003114686558022,0.0004997501249375312
0.8,2.0,0,0.13143232285704434,0.12356944883971717,0.0009538450749832431,0.042245196750739324,0.06503797106981833,0.19425515560143983,0.8459760973708639,0.0004997501249375312
0.8,2.0,1,0.0,0.0,0.0010942003584652655,0.0,0.10140969188309945,1.455096213351954,0.14564262734660915,1.0
0.8,2.0,2,0.20563061692579723,0.20563061692579732,0.0019892915609514934,0.10597255300451863,0.0949858259586147,1.0076170991095659,0.3136383169363621,0.0004997501249375312
0.8,2.0,3,0.11721367841739855,0.11721367841739844,0.0014922983843684318,0.05052622311962778,0.0914193008612573,0.24749898147720717,0.8045220796488073,0.0004997501249375312
0.8,2.0,4,0.15687789850468573,0.15687789850468564,0.0007137836465041269,0.08752522625444847,0.1118661532445054,0.8609562440392109,0.38926214265503223,0.0004997501249375312
0.8,2.0,5,0.30241426368965857,0.3024142636896587,0.0010926138708372488,0.09998516846595551,0.0774201368343885,0.739950892302478,0.459329792369348,0.0004997501249375312
0.8,2.0,6,0.11617758017844503,0.11473235812004805,0.0028326208590185027,0.039387122334420224,0.07037655352968197,1.1948354854737393,0.2321513129940702,0.0014992503748125937
0.8,2.0,7,0.2387918308098886,0.24093467232895302,0.0014472258148751794,0.11667151773959318,0.10897169580026986,1.2487274014296192,0.21176479508598356,0.0004997501249375312
0.8,2.0,8,0.438334064540679,0.4383340645406789,0.0008567768398023431,0.1648261958163091,0.0948063726583414,1.2013381163227719,0.22962007055646794,0.0004997501249375312
0.8,2.0,9,0.15597172656343683,0.15597172656343689,0.0022536114978653913,0.08351948790329274,0.11258944049277819,1.7637789795251042,0.07776919787886039,0.0004997501249375312
0.8,2.0,10,0.2060566506392375,0.20605665063923745,0.002117307954943065,0.05821187950849462,0.05944693911751669,0.47971750342613695,0.6314282800918425,0.0004997501249375312
0.8,2.0,11,0.36201399289824565,0.3620139928982457,0.0005809313594921503,0.16756773175646839,0.1610780387347435,0.09173373861107767,0.9269095908617448,0.0004997501249375312
0.8,2.0,12,0.0,0.0,0.0006216993345288437,0.0,0.1719466740680625,0.8818136588313086,0.37787758405782057,1.0
0.8,2.0,13,0.1455540388236926,0.1404979415148,0.0011272405931825249,0.04810434339327243,0.0947732838312602,0.520740633463258,0.6025474640989716,0.0004997501249375312
0.8,2.0,14,0.0,0.0,0.0003331441064340831,0.0,0.07101747900784765,1.379091227235759,0.16786662833958688,1.0
0.8,2.0,15,0.06991855817879444,0.06802170839205238,0.0018450725893054182,0.021322544292113235,0.09695477994650752,0.1760431644030866,0.8602600316652136,0.005997001499250375
0.8,2.0,16,0.10085386878550005,0.10385137597152846,0.002324357456278424,0.04652879036906946,0.06935143862813203,1.3341449148241897,0.18215636838397598,0.0004997501249375312
0.8,2.0,17,0.10627063231884573,0.10627063231884566,0.004981159819220841,0.031944747154326596,0.08655391428117519,0.3187115434128099,0.749945260422656,0.0014992503748125937
0.8,2.0,18,0.08586434174132099,0.08475106217001765,0.0034914630773534862,0.020548889885249194,0.05190602978055078,0.5540246816115196,0.5795619543736696,0.00399800099950025
0.8,2.0,19,0.2328077107817312,0.23280771078173126,0.002092978136427823,0.1097524398998912,0.11689862151914744,0.09276174000068654,0.9260928469642442,0.0004997501249375312
0.8,2.0,20,0.15459197120489543,0.1298584669347747,0.0025149203396140976,0.03790721484824121,0.06690195660053978,0.2669577577039281,0.7895016855295445,0.0004997501249375312
0.8,2.0,21,0.31507246034944925,0.3150724603494492,0.00037605108954726904,0.11753521786713175,0.16498110465281224,0.940178404339993,0.3471260571665038,0.0004997501249375312
0.8,2.0,22,0.15091389845981082,0.15091389845981085,0.0038209461682089585,0.058245620398834304,0.06880208897614515,2.216154222299131,0.026680941810197423,0.0004997501249375312
0.8,2.0,23,0.0,2.24873312656119e-16,0.011710682803756431,9.989809039986916e-17,0.15254723995577701,0.7663289023037198,0.44348062516953735,1.0
0.8,2.0,24,0.02242251615607023,0.04229158135590369,0.004319638325017558,0.015521345221157347,0.06312823863693456,1.8589117494935752,0.06303964839964005,0.992503748125937
0.8,2.0,25,0.0,0.0,0.0010519052620450648,0.0,0.11503785542599561,0.5365121581058384,0.5916046354645677,1.0
0.8,2.0,26,0.1228900557895789,0.1228900557895789,0.0024076736693559096,0.0396184996839221,0.06889940616901255,0.278711130786921,0.7804665197431855,0.0004997501249375312
0.8,2.0,27,0.17453370201304036,0.17272541865033628,0.0014508842782734283,0.07292306464644464,0.07072449715365595,1.5229450976609507,0.1277724417256847,0.0004997501249375312
0.8,2.0,28,0.1693977937743362,0.16939779377433625,0.002355754808827441,0.07185577135983968,0.08947259954523534,0.44160672974355286,0.6587738132985506,0.0004997501249375312
0.8,2.0,29,0.14480559715929825,0.14480559715929822,0.0003821509752127879,0.0481973592251397,0.11665734661262328,1.1626121677734966,0.24498689174466604,0.0004997501249375312
0.8,2.0,30,0.2579939066406666,0.2934578422212953,0.002012226095186409,0.08430627797020072,0.07511583079512742,0.05551219271311655,0.9557304165488945,0.0004997501249375312
0.8,2.0,31,0.13717375177721933,0.1371737517772193,0.0024711138436041705,0.04207932718842398,0.09254631276946527,0.7022455938503073,0.48252601624131475,0.0004997501249375312
0.8,2.0,32,0.2605060947240237,0.25370490162587794,0.0008084316534933388,0.11160330426058718,0.10082024734035516,0.6834554298686599,0.49431910454251193,0.0004997501249375312
0.8,2.0,33,0.1834136576173372,0.18341365761733733,0.0014116148568895223,0.08580499762139765,0.08010310005467813,2.1765534264730046,0.02951390332090198,0.0004997501249375312
0.8,2.0,34,0.18034439986898004,0.18034439986898007,0.0013863555310123527,0.06799148129829788,0.0850423141111434,0.5520619708811286,0.5809058957455528,0.0004997501249375312
0.8,2.0,35,0.34154000153652964,0.3415400015365297,0.0021132003392689003,0.14762554848254072,0.11653523375668004,1.535148056906638,0.12474746404035209,0.0004997501249375312
0.8,2.0,36,0.1128194062947326,0.11281940629473253,0.005279397603676788,0.03528830480861044,0.06447315338921678,1.316272951514313,0.1880824459719901,0.013993003498250875
0.8,2.0,37,0.5055926538468806,0.5055926538468806,0.0012808635597422956,0.22192371475106795,0.220065972306267,1.0390002248286418,0.2988046317039501,0.0004997501249375312
0.8,2.0,38,0.22717418773745437,0.22717418773745457,0.0024571686044828223,0.0724715244254107,0.0747755880730791,3.1620556886370608,0.0015665960189266137,0.0004997501249375312
0.8,2.0,39,0.09397823594805783,0.0902612763919427,0.0014259076107077271,0.03437713356959118,0.08818076969626379,0.5084751837365417,0.6111201383655316,0.0004997501249375312
0.8,2.0,40,0.05847053462046864,0.07660743293432776,0.003833182710192972,0.02205471700522035,0.07113181391178051,0.7485272016496126,0.45414222394566117,0.136431784107946
0.8,2.0,41,0.05531164317579477,0.025781795466441118,0.0036927773288313068,0.013184388826228391,0.10151580192942368,0.41967828459841294,0.6747204908260653,1.0
0.8,2.0,42,0.1382933099230907,0.13829330992309075,0.002298864687153565,0.050273653183232334,0.07712634112360393,0.09185240394650736,0.9268153076742192,0.0004997501249375312
0.8,2.0,43,0.3313367731065006,0.3247025796817257,0.022734223004016528,0.10746868942778608,0.09402580597417974,0.016890048267851416,0.9865243319679273,0.0004997501249375312
0.8,2.0,44,0.23813137698873846,0.23813137698873849,0.00240453479627815,0.08071269325582772,0.1258466267714726,0.3568301696623511,0.7212189489822434,0.0004997501249375312
0.8,2.0,45,0.2511576097329105,0.25115760973291057,0.0057635786772150385,0.10039279603458118,0.07353653285189016,1.8625103468163402,0.06253118837937333,0.0004997501249375312
0.8,2.0,46,0.0,0.0,0.00185452367362764,0.0,0.10968984707650047,1.1813322626371021,0.23747075554198727,1.0
0.8,2.0,47,0.0,0.0,0.000816865702832926,0.0,0.12300637726001024,1.3555593656585578,0.1752394079827897,1.0
0.8,2.0,48,0.244221187868679,0.24422118786867902,0.002678934427550694,0.11624528142135336,0.10728227832672901,0.472690108137637,0.6364342848696007,0.0004997501249375312
0.8,2.0,49,0.0,0.0,0.0007771996410418101,0.0,0.12387182293734769,1.2151207562023845,0.22432003821902535,1.0
0.8,2.0,50,0.2487805014299511,0.2504218191570057,0.0017140041909419796,0.0878287330583245,0.11072500723149745,1.0087600362198619,0.3130897314101977,0.0004997501249375312
0.8,2.0,51,0.5350293545745038,0.535029354574504,0.0018283416206408946,0.3260621091167145,0.12396130638243696,1.4405007378845769,0.14972578141082638,0.0004997501249375312
0.8,2.0,52,0.1495319445564975,0.1495319445564975,0.0021040990196209888,0.048602489800944004,0.0723600866160322,0.806297638488979,0.4200712518241756,0.0004997501249375312
0.8,2.0,53,0.35460546327197084,0.35460546327197084,0.002556786106798179,0.11857431585264215,0.10011308960949693,2.2816140996987424,0.022512133541663593,0.0004997501249375312
0.8,2.0,54,0.18497794671905168,0.18127931037524622,0.009080185186905388,0.05874836634072774,0.07570889464600955,1.6431082524857596,0.10036053772715214,0.0004997501249375312
0.8,2.0,55,0.12456797835506098,0.12456797835506114,0.0014305865186671034,0.043932352069663685,0.08960164298718588,0.17713930616943857,0.8593989682328009,0.0004997501249375312
0.8,2.0,56,0.13230371689515566,0.13230371689515566,0.0022266588603963833,0.03540652891309531,0.10711899876937828,1.424268817296444,0.154368670531414,0.0004997501249375312
0.8,2.0,57,0.15998648120107758,0.15998648120107747,0.0013756161709530127,0.05631129618691216,0.07834063055373029,0.10370871531329622,0.9174005101344833,0.0004997501249375312
0.8,2.0,58,0.09333072932501557,0.10279926706943293,0.0024256290751594775,0.033849139269848505,0.07527204452754534,0.1179722914766953,0.906089612739388,0.0004997501249375312
0.8,2.0,59,0.3595502096736327,0.3595502096736327,0.0013602243544500762,0.15124285727700193,0.12523677647917214,0.1680404955861933,0.8665514211520127,0.0004997501249375312
1.6,0.1,0,0.2628646457140887,0.26247028521191096,2.38461268745815e-06,0.09305224755435153,0.11951422418743934,0.7067136606205026,0.47974443855176885,0.0004997501249375312
1.6,0.1,1,0.0,4.49746625312238e-16,2.7355008961631434e-06,2.72980546688908e-16,0.2581735576573224,0.8811937588763565,0.3782129567245298,1.0
1.6,0.1,2,0.41126123385159447,0.4112612338515946,0.0001191804084730457,0.3131368123342731,0.1799387022686273,1.6352775823353165,0.1019908708130095,0.0004997501249375312
1.6,0.1,3,0.2344273568347971,0.234427356834797,3.730745960921261e-06,0.10677708222028964,0.14284833933537727,0.5467116462388967,0.584576851757113,0.0004997501249375312
1.6,0.1,4,0.31375579700937145,0.3137557970093714,0.00014003392683604193,0.19635553710389722,0.2011461862305473,1.2667341031849257,0.20525038151681718,0.0004997501249375312
1.6,0.1,5,0.6048285273793171,0.604828527379317,2.7315346770933845e-06,0.2028847175364331,0.1589953379232232,1.1709822803931853,0.2416058997334809,0.0004997501249375312
1.6,0.1,6,0.23235516035689005,0.23226750013318678,0.001044011629637379,0.08691842347772614,0.14276382976816807,1.6680897057969695,0.09529792039563234,0.0004997501249375312
1.6,0.1,7,0.4775836616197772,0.47768592013439404,3.618064537187951e-06,0.33228165374771346,0.2624967934812111,0.8549991129861821,0.3925516388045549,0.0004997501249375312
1.6,0.1,8,0.876668129081358,0.8766681290813579,2.141942099505846e-06,0.4684177491714321,0.2391338085527498,0.8607725829681087,0.38936330806826125,0.0004997501249375312
1.6,0.1,9,0.31194345312687366,0.31194345312687366,0.0002131762362192176,0.23762694475428328,0.2354051465895565,1.3935491479504623,0.1634537937107159,0.0004997501249375312
1.6,0.1,10,0.412113301278475,0.41211330127847484,0.00020786121434583074,0.14760950067866438,0.15402255564340372,0.9209970754051999,0.35705195393198363,0.0004997501249375312
1.6,0.1,11,0.7240279857964913,0.7240279857964914,1.4523283987301313e-06,0.34519655767673757,0.33080391791358854,0.14986824585844238,0.8808685648576071,0.0004997501249375312
1.6,0.1,12,0.0,0.0,1.554248336322113e-06,0.0,0.30314391890011044,0.8498482777076737,0.3954094446928551,1.0
1.6,0.1,13,0.2911080776473852,0.29085152040178525,2.818101482956408e-06,0.10022399065837792,0.14858712897210336,0.5750896764445649,0.5652306494894341,0.0004997501249375312
1.6,0.1,14,0.0,0.0,8.328602660852495e-07,0.0,0.16504328103471308,1.2361393554387317,0.2164067682164501,1.0
1.6,0.1,15,0.1398371163575889,0.13970559173840252,5.9099580038293295e-06,0.05601085601754244,0.15454806003093294,0.24402581283581604,0.8072108283743165,0.0004997501249375312
1.6,0.1,16,0.2017077375710001,0.201844111654556,5.810893640696057e-06,0.10815660083998922,0.1306202998327186,1.6585371784408232,0.09720908983172882,0.0004997501249375312
1.6,0.1,17,0.21254126463769146,0.21254126463769138,0.001137973070977339,0.08515382835855857,0.19000374633734082,0.02609011284093441,0.9791854631897439,0.0004997501249375312
1.6,0.1,18,0.17172868348264198,0.17164721633184812,0.001350686089207658,0.05683072662541128,0.10139493048492258,1.966616424461048,0.04922744850314098,0.0004997501249375312
1.6,0.1,19,0.4656154215634624,0.4656154215634625,0.0006466106823534382,0.2534809338135984,0.26861791398117485,0.06885025592530077,0.9451088145212319,0.0004997501249375312
1.6,0.1,20,0.30918394240979086,0.3078983653457293,0.00013834317990511083,0.10617438600543297,0.1129363013124982,0.7096327543258415,0.47793190246462514,0.0004997501249375312
1.6,0.1,21,0.6301449206988985,0.6301449206988984,9.401277238681674e-07,0.20102882175515632,0.30149878290422516,0.8112123083699682,0.4172437584619657,0.0004997501249375312
1.6,0.1,22,0.30182779691962164,0.3018277969196217,9.55236542052249e-06,0.17243989529150744,0.14342048446541675,2.44096823427866,0.014647943158534016,0.0004997501249375312
1.6,0.1,23,0.0,0.0,2.927670700939058e-05,0.0,0.2314253039228167,1.2199065104442028,0.22250031752813282,1.0
1.6,0.1,24,0.04484503231214046,0.04505758222219519,1.1524136939682372e-05,0.02041601117598499,0.12619019050586233,1.14914050503731,0.2504980486109103,0.0004997501249375312
1.6,0.1,25,0.0,0.0,2.617801093930466e-06,0.0,0.24336004809748024,0.8249021751346739,0.4094271313503435,1.0
1.6,0.1,26,0.2457801115791578,0.24578011157915794,6.019184173389706e-06,0.08040336473007803,0.10993914992379422,0.5856857724232444,0.5580866968149569,0.0004997501249375312
1.6,0.1,27,0.3490674040260807,0.34896871566726834,0.0003456105558045262,0.13912393113846974,0.11803165176579102,0.6105754842040785,0.5414806568583426,0.0004997501249375312
1.6,0.1,28,0.3387955875486724,0.33879558754867245,0.0008039407119669861,0.14731768562750447,0.1551402670325128,0.4266576815355734,0.6696286779849039,0.0004997501249375312
1.6,0.1,29,0.2896111943185965,0.28961119431859644,9.553774380319623e-07,0.0995402549154323,0.30728763101217116,1.243618520688876,0.21363999649418908,0.0004997501249375312
1.6,0.1,30,0.5159878132813333,0.5178699115085874,5.354845695163589e-06,0.1702845491656968,0.1617983493553748,1.0423667993101375,0.29724165311370543,0.0004997501249375312
1.6,0.1,31,0.27434750355443865,0.27434750355443865,0.0003606379204914773,0.1289180000359669,0.1737092192979737,0.2022720381250193,0.8397040584952538,0.0004997501249375312
1.6,0.1,32,0.5210121894480474,0.5206705217439743,2.021079133733402e-06,0.2978269772391795,0.1675619682953372,1.6294959300892407,0.10320807575915314,0.0004997501249375312
1.6,0.1,33,0.3668273152346744,0.36682731523467443,0.0004126419726759045,0.2646210144735278,0.21802218905966791,1.257339860094757,0.20863059618865432,0.0004997501249375312
1.6,0.1,34,0.3606887997379601,0.36068879973796003,3.465888827530992e-06,0.17645249390316353,0.18830676709509836,0.6349241911793907,0.52547785870908,0.0004997501249375312
1.6,0.1,35,0.6830800030730593,0.6830800030730594,5.2830008481721855e-06,0.41430313365188237,0.26525488166410705,1.2635761170715134,0.20638221026876913,0.0004997501249375312
1.6,0.1,36,0.2256388125894652,0.22563881258946505,0.0043206757192660455,0.09114755953208366,0.11926335210022025,1.1979662682863388,0.23093014915850785,0.0004997501249375312
1.6,0.1,37,1.0111853076937611,1.0111853076937616,3.202158899355767e-06,0.3405645097568662,0.40148733420031874,1.0811309796255797,0.27963885460167126,0.0004997501249375312
1.6,0.1,38,0.45434837547490875,0.4543483754749089,6.142921511206926e-06,0.16463555350548045,0.13569419436370167,1.632117621300534,0.1026547103043769,0.0004997501249375312
1.6,0.1,39,0.18795647189611567,0.18774821620550863,3.564769026769257e-06,0.07308821130507173,0.16639731541881808,0.8242917310887328,0.409773815873538,0.0004997501249375312
1.6,0.1,40,0.11694106924093728,0.11765122988218862,0.0013958100557805153,0.04939643251974316,0.19750815329488497,0.07524425492897158,0.9400203737897546,0.0004997501249375312
1.6,0.1,41,0.11062328635158954,0.10875232934603217,9.231943322078188e-06,0.05351367339650033,0.17693087974320768,0.6048599793192764,0.5452720366172128,0.0004997501249375312
1.6,0.1,42,0.2765866198461814,0.2765866198461813,5.74716171788437e-06,0.10208360406388282,0.15307660988247612,0.14833072338620865,0.8820817697865273,0.0004997501249375312
1.6,0.1,43,0.6626735462130012,0.6623415433679493,0.021516711491158445,0.23958658764667093,0.20832190431418762,0.4394106556108291,0.6603640069662313,0.0004997501249375312
1.6,0.1,44,0.4762627539774769,0.47626275397747697,6.011336990695362e-06,0.24961997978540876,0.30048767221998407,0.7477499946620633,0.4546109692985425,0.0004997501249375312
1.6,0.1,45,0.502315219465821,0.5023152194658211,1.4408946693037446e-05,0.2738327462284166,0.1228789532835117,1.9942059988399232,0.046129546855348647,0.0004997501249375312
1.6,0.1,46,0.0,0.0,4.6363091840692215e-06,0.0,0.10911354744052622,1.719699526489964,0.0854870739572231,1.0
1.6,0.1,47,0.0,4.49746625312238e-16,2.042164257082305e-06,2.290145135638586e-16,0.25210493234230813,1.291621661686097,0.19648819864278444,1.0
1.6,0.1,48,0.488442375737358,0.48844237573735816,0.00013047104184997935,0.2385802790642326,0.2117219153645324,0.4615308945877075,0.6444177613407751,0.0004997501249375312
1.6,0.1,49,0.0,0.0,1.942999102604589e-06,0.0,0.23692855061465343,1.272996892163247,0.20301914468028182,1.0
1.6,0.1,50,0.4975610028599022,0.4976375211990144,4.285010477355099e-06,0.17363208263276778,0.26975907086829437,1.2957449191676755,0.19506338019804947,0.0004997501249375312
1.6,0.1,51,1.0700587091490077,1.070058709149008,4.570854051602289e-06,1.2707367334096644,0.2861950938921057,1.7483636324771703,0.08040108108567035,0.0004997501249375312
1.6,0.1,52,0.299063889112995,0.2990638891129948,5.260247549052804e-06,0.12543369141934885,0.11969366803194167,0.2971666735137171,0.7663392638916997,0.0004997501249375312
1.6,0.1,53,0.7092109265439417,0.7092109265439416,6.391965266995254e-06,0.23191865392110453,0.16452766583232162,2.1150677888266034,0.034424170099250695,0.0004997501249375312
1.6,0.1,54,0.36995589343810337,0.3697606229136918,2.270046296726341e-05,0.13323367599306965,0.1323409262259685,0.742673625988885,0.4576793010996556,0.0004997501249375312
1.6,0.1,55,0.24913595671012195,0.249135956710122,3.576466296667651e-06,0.10416466863598615,0.17207937456977404,0.2247310544728431,0.8221885044977768,0.0004997501249375312
1.6,0.1,56,0.2646074337903113,0.2646074337903113,5.566647150991069e-06,0.07959989130841419,0.2881868894528002,1.577067744645695,0.11477993809359499,0.0004997501249375312
1.6,0.1,57,0.31997296240215517,0.3199729624021551,3.4390404273826758e-06,0.11070121175977685,0.16090355996963224,0.5197598897083333,0.6032309388181669,0.0004997501249375312
1.6,0.1,58,0.18666145865003114,0.1871216292965068,6.064072687898617e-06,0.07389869128707707,0.09837035993302037,0.4999941948047853,0.6170791650738066,0.0004997501249375312
1.6,0.1,59,0.7191004193472654,0.7191004193472657,3.400560886125315e-06,0.30566327419855094,0.23211748562063278,0.2094334584890559,0.8341098757620944,0.0004997501249375312
1.6,0.5,0,0.2628646457140887,0.2608934342484595,5.9615317186452516e-05,0.08485912400850429,0.10802927632781839,0.6079596345867023,0.5432142460469596,0.0004997501249375312
1.6,0.5,1,0.0,0.0,6.838752240407877e-05,0.0,0.2275892466859977,0.9446108300561219,0.3448575958933444,1.0
1.6,0.5,2,0.41126123385159447,0.4112612338515946,0.00023286705517272397,0.26928354154439416,0.16435456529966944,1.574898668565915,0.11527983605012349,0.0004997501249375312
1.6,0.5,3,0.2344273568347971,0.234427356834797,9.326864902302734e-05,0.09833508397103834,0.1336045513541986,0.5198259643354808,0.6031848808343097,0.0004997501249375312
1.6,0.5,4,0.31375579700937145,0.31375579700937156,0.0001874965225493666,0.17896947616620423,0.1884000194206609,1.2310220365237101,0.2183146225067767,0.0004997501249375312
1.6,0.5,5,0.6048285273793171,0.6048285273793169,6.828836692732794e-05,0.18790134832000416,0.14395257133984976,1.1440016905804269,0.25262293588785356,0.0004997501249375312
1.6,0.5,6,0.23235516035689005,0.23192466210728618,0.0011795743734772087,0.07893630556416788,0.12840480732819795,1.6366820177729746,0.10169692821326182,0.0004997501249375312
1.6,0.5,7,0.4775836616197772,0.47809747783627676,9.045161342969854e-05,0.28472298738937324,0.22989332364990753,0.9032611796081041,0.36638729459609465,0.0004997501249375312
1.6,0.5,8,0.876668129081358,0.8766681290813579,5.354855248764694e-05,0.40255506927745743,0.20958943452444637,0.8987886173592852,0.3687652641884409,0.0004997501249375312
1.6,0.5,9,0.31194345312687366,0.3119434531268736,0.0003330458898218125,0.2072270253913968,0.2136163516469901,1.4417027151089732,0.1493862573601521,0.0004997501249375312
1.6,0.5,10,0.412113301278475,0.41211330127847506,0.00033442526106194833,0.12962056431334495,0.1297028082606096,0.8984257629805801,0.3689586066054642,0.0004997501249375312
1.6,0.5,11,0.7240279857964913,0.7240279857964914,3.6308209968259e-05,0.31381453909197865,0.2996728889727639,0.14387636155999356,0.885598102196695,0.0004997501249375312
1.6,0.5,12,0.0,0.0,3.885620840805303e-05,0.0,0.2840848249544757,0.8535350249564861,0.3933626730934088,1.0
1.6,0.5,13,0.2911080776473852,0.2898271565896878,7.045253707390809e-05,0.09214408975267067,0.13637297041384483,0.42920268490746694,0.6677757292499393,0.0004997501249375312
1.6,0.5,14,0.0,0.0,2.0821506652130494e-05,0.0,0.1487550797121668,1.2549475250050857,0.20949780994188671,1.0
1.6,0.5,15,0.1398371163575889,0.1391977803818911,0.00011450413947994556,0.04898429425762588,0.14023704408135942,0.1874113718245417,0.8513381071416604,0.0004997501249375312
1.6,0.5,16,0.2017077375710001,0.20239670412017996,0.00014527234101740193,0.09750042306783549,0.12030322062290526,1.6390294556397476,0.101207125311221,0.0004997501249375312
1.6,0.5,17,0.21254126463769146,0.21254126463769138,0.0013867619052743885,0.07456257456508093,0.16838012654910342,0.014954804102098603,0.988068237447586,0.0004997501249375312
1.6,0.5,18,0.17172868348264198,0.17133439925632654,0.0014659834374262629,0.049137381676936986,0.08401565476766662,1.6622631712065052,0.09646001873368393,0.0004997501249375312
1.6,0.5,19,0.4656154215634624,0.4656154215634625,0.0007245251447597736,0.2285685000360079,0.24234860818430298,0.052780338857822254,0.9579069269805707,0.0004997501249375312
1.6,0.5,20,0.30918394240979086,0.3027774881761939,0.00025647404096324617,0.0933052291471462,0.10244106004687284,0.5777114223148497,0.5634589661780984,0.0004997501249375312
1.6,0.5,21,0.6301449206988985,0.6301449206988984,2.350319309670431e-05,0.19143646628446254,0.2847144420994527,0.8258914359268466,0.4088656791282852,0.0004997501249375312
1.6,0.5,22,0.30182779691962164,0.30182779691962164,0.00023880913551306047,0.1481199405671159,0.1292313950021944,2.445850863007085,0.0144510763303769,0.0004997501249375312
1.6,0.5,23,0.0,2.24873312656119e-16,0.0007319176752347734,7.439038224058705e-17,0.2211304067305984,1.178028824558288,0.23878511507672817,1.0
1.6,0.5,24,0.04484503231214046,0.046505487946459916,0.00026941207976282787,0.018636902954074393,0.11027092914302881,1.2803701764773012,0.20041497758590365,0.0004997501249375312
1.6,0.5,25,0.0,0.0,6.548852688192246e-05,0.0,0.22215682095803174,0.7978416952166658,0.4249623617157168,1.0
1.6,0.5,26,0.2457801115791578,0.24578011157915794,0.0001504796043347452,0.07435242628993845,0.1011677194883764,0.5623683227220261,0.5738650969817269,0.0004997501249375312
1.6,0.5,27,0.3490674040260807,0.3485781653493024,0.00041937714359966153,0.13046413740678903,0.1107444673339104,0.7247639283980473,0.46859686856963334,0.0004997501249375312
1.6,0.5,28,0.3387955875486724,0.3387955875486724,0.0009205789855569654,0.1358752456415466,0.14433737425613238,0.43291695546645437,0.6650751016140437,0.0004997501249375312
1.6,0.5,29,0.2896111943185965,0.28961119431859644,2.388443595079924e-05,0.0910123846765161,0.2677703021184088,1.2448704655749259,0.2131793688359931,0.0004997501249375312
1.6,0.5,30,0.5159878132813333,0.5249242908528973,0.00012488435632562584,0.15493647659820772,0.14144227834586542,0.9246333601223746,0.355156654039118,0.0004997501249375312
1.6,0.5,31,0.27434750355443865,0.2743475035544387,0.0005140532937536656,0.10799433891568964,0.15071655900109754,0.2886937842247985,0.7728157197421941,0.0004997501249375312
1.6,0.5,32,0.5210121894480474,0.5193046566291553,5.052697834333368e-05,0.25996748762489397,0.15552636935696648,1.5300532823723323,0.12600354071547093,0.0004997501249375312
1.6,0.5,33,0.3668273152346744,0.36682731523467443,0.00046793707759205244,0.22369574961166758,0.1868224702240209,1.3663693301573878,0.17182307015701048,0.0004997501249375312
1.6,0.5,34,0.3606887997379601,0.36068879973796003,8.664722068827204e-05,0.1552174863529076,0.1675370716744745,0.6334990277149491,0.526407815582123,0.0004997501249375312
1.6,0.5,35,0.6830800030730593,0.6830800030730592,0.0001320750212043063,0.35410071260829085,0.23627101717585433,1.293840906818589,0.19572037959918265,0.0004997501249375312
1.6,0.5,36,0.2256388125894652,0.22563881258946505,0.0043751716121934675,0.08020729702013014,0.10686059630243695,1.2405739010894479,0.21476319825899104,0.0004997501249375312
1.6,0.5,37,1.0111853076937611,1.0111853076937614,8.005397248389407e-05,0.3257275214720838,0.37518184121418097,1.0771617520949863,0.28140800921870146,0.0004997501249375312
1.6,0.5,38,0.45434837547490875,0.4543483754749088,0.00015357303778017496,0.1478352890795888,0.11876992702920346,1.9254494971144445,0.05417314834103082,0.0004997501249375312
1.6,0.5,39,0.18795647189611567,0.18692626369300905,8.91192256692323e-05,0.06739719499483952,0.15136473853076415,0.8059130298580676,0.4202929976981751,0.0004997501249375312
1.6,0.5,40,0.11694106924093728,0.12061677097037014,0.0016598095328684752,0.043125484130298604,0.16712753048356604,0.14820397564880472,0.8821817943544148,0.0004997501249375312
1.6,0.5,41,0.11062328635158954,0.10135570565416638,0.00023079858305195613,0.04648307134097109,0.16642908320276142,0.5877563174541472,0.556695868318076,0.0004997501249375312
1.6,0.5,42,0.2765866198461814,0.2765866198461814,0.00014367904294709897,0.09489630864466425,0.14187710309841295,0.12476797794356045,0.9007072391501365,0.0004997501249375312
1.6,0.5,43,0.6626735462130012,0.661013679691647,0.021588897613703455,0.21692752437062607,0.18704047242270697,0.391652291972673,0.69531514488907,0.0004997501249375312
1.6,0.5,44,0.4762627539774769,0.47626275397747697,0.00015028342476738356,0.21001496416529922,0.26543897505861336,0.7078580136036087,0.4790334355381125,0.0004997501249375312
1.6,0.5,45,0.502315219465821,0.502315219465821,0.0003602236673259393,0.23836269827134482,0.11039470093390147,2.0483811635325466,0.040522665755534426,0.0004997501249375312
1.6,0.5,46,0.0,0.0,0.00011590772960172887,0.0,0.10616290116346773,1.6896631317322088,0.09109242046902644,1.0
1.6,0.5,47,0.0,0.0,5.10541064270565e-05,0.0,0.23121551138752214,1.2991381137993547,0.19389653513688376,1.0
1.6,0.5,48,0.488442375737358,0.48844237573735805,0.0003126054859455657,0.22043912984095648,0.19558327530683633,0.4652860996258402,0.6417265878077041,0.0004997501249375312
1.6,0.5,49,0.0,0.0,4.857497756511356e-05,0.0,0.21951040683294143,1.2677014616818312,0.20490458262287392,1.0
1.6,0.5,50,0.4975610028599022,0.49794645537816157,0.0001071252619338742,0.15982551781784846,0.2386850046425175,1.2705005833384946,0.20390637519634147,0.0004997501249375312
1.6,0.5,51,1.0700587091490077,1.0700587091490081,0.00011427135129005624,1.003443039010807,0.25384541447605874,1.7241867730904352,0.08467413115443634,0.0004997501249375312
1.6,0.5,52,0.299063889112995,0.2990638891129948,0.0001315061887263136,0.11024433228257356,0.10823479580776561,0.38413248337860467,0.7008802567105354,0.0004997501249375312
1.6,0.5,53,0.7092109265439417,0.7092109265439416,0.00015979913167488561,0.2143666128730397,0.15233833726044407,2.172045706506068,0.029852215560541406,0.0004997501249375312
1.6,0.5,54,0.36995589343810337,0.36898474744649884,0.0005675115741815856,0.1206552981127584,0.11950861028902707,0.8863561776860096,0.3754256256380475,0.0004997501249375312
1.6,0.5,55,0.24913595671012195,0.249135956710122,8.941165741669456e-05,0.09346293269088854,0.15470591596745592,0.18206717303188885,0.8555300102501888,0.0004997501249375312
1.6,0.5,56,0.2646074337903113,0.2646074337903113,0.00013916617877477458,0.07167515825569648,0.24855084034648622,1.5645517970082075,0.11768803882763024,0.0004997501249375312
1.6,0.5,57,0.31997296240215517,0.3199729624021551,8.59760106845629e-05,0.1021406575757101,0.14514182560748412,0.48216064065690306,0.6296918345628812,0.0004997501249375312
1.6,0.5,58,0.18666145865003114,0.1889696987736889,0.00015160181719746612,0.06645125945216121,0.08948438801339152,0.41129763815783194,0.680854301225637,0.0004997501249375312
1.6,0.5,59,0.7191004193472654,0.7191004193472657,8.501402215312978e-05,0.281527169286465,0.21611203271346047,0.17025037081203892,0.8648132397142716,0.0004997501249375312
1.6,2.0,0,0.2628646457140887,0.2549889258142862,0.0009538450749832292,0.0633354622438573,0.08351674351655848,0.2309693945728709,0.8173385787990664,0.0004997501249375312
1.6,2.0,1,0.0,0.0,0.001094200358465262,0.0,0.1584231326308757,1.17526277633542,0.23988960184869756,1.0
1.6,2.0,2,0.41126123385159447,0.4112612338515944,0.001989291560951491,0.17655979823046292,0.12862609055177707,1.3285689269486738,0.18399022927659114,0.0004997501249375312
1.6,2.0,3,0.2344273568347971,0.234427356834797,0.0014922983843684307,0.07584762185773183,0.11335606144183759,0.40235493253039817,0.6874228323855462,0.0004997501249375312
1.6,2.0,4,0.31375579700937145,0.31375579700937145,0.0007137836465041298,0.13435751809285726,0.15357193697144103,1.0825970986332425,0.27898729568769776,0.0004997501249375312
1.6,2.0,5,0.6048285273793171,0.6048285273793169,0.0010926138708372479,0.14714928733187332,0.10915126496703598,1.0074668450191484,0.31371048272065094,0.0004997501249375312
1.6,2.0,6,0.23235516035689005,0.23075101008260115,0.002832620859018499,0.058638233051864455,0.09666152326253764,1.4927896006372459,0.13549227031545796,0.0004997501249375312
1.6,2.0,7,0.4775836616197772,0.47967662553782564,0.0014472258148751753,0.1855566425357907,0.15909430063733412,1.0698805162761635,0.2846730941481548,0.0004997501249375312
1.6,2.0,8,0.876668129081358,0.876668129081358,0.0008567768398023406,0.2635773018943808,0.14368669377407228,1.0361741543933316,0.3001209021169551,0.0004997501249375312
1.6,2.0,9,0.31194345312687366,0.31194345312687366,0.0022536114978653934,0.14004264461606214,0.1617688663503077,1.6013170915577988,0.10930670534578102,0.0004997501249375312
1.6,2.0,10,0.412113301278475,0.41211330127847506,0.0021173079549430636,0.0889636101330346,0.08322998971123072,0.7597043761690019,0.44743131233607425,0.0004997501249375312
1.6,2.0,11,0.7240279857964913,0.7240279857964913,0.0005809313594921505,0.23403020840248293,0.22276676860707537,0.12139133641902791,0.9033810786708731,0.0004997501249375312
1.6,2.0,12,0.0,0.0,0.0006216993345288451,0.0,0.23021018376251123,0.8665372221991723,0.3861956232724473,1.0
1.6,2.0,13,0.2911080776473852,0.28601284571997165,0.0011272405931825277,0.07048216640224177,0.11288861779618421,0.06625565920670473,0.947174284440943,0.0004997501249375312
1.6,2.0,14,0.0,0.0,0.00033314410643408594,0.0,0.10817090058273078,1.3211200079210594,0.18646135273032782,1.0
1.6,2.0,15,0.1398371163575889,0.13755864682781796,0.001845072589305416,0.03319051406648602,0.11408546730563132,0.004760244448579939,0.9962018887929898,0.0004997501249375312
1.6,2.0,16,0.2017077375710001,0.20456865543603267,0.002324357456278424,0.07147799219035512,0.09478436600416024,1.5325837784424843,0.12537844084915872,0.0004997501249375312
1.6,2.0,17,0.21254126463769146,0.21254126463769138,0.004981159819220829,0.050846771042177906,0.12218735255590822,0.16099056939377726,0.8721008282890974,0.0004997501249375312
1.6,2.0,18,0.17172868348264198,0.17034892739732904,0.0034914630773534862,0.03253234057078887,0.05982843895808993,0.4813942037706966,0.630236355416864,0.0004997501249375312
1.6,2.0,19,0.4656154215634624,0.4656154215634624,0.0020929781364278275,0.16701449752750994,0.177116426803577,0.008969049027490811,0.9928438302009734,0.0004997501249375312
1.6,2.0,20,0.30918394240979086,0.2839069738452632,0.0025149203396140937,0.0625468019267414,0.08226712888454372,0.14736870737487257,0.8828410037140351,0.0004997501249375312
1.6,2.0,21,0.6301449206988985,0.6301449206988984,0.00037605108954726904,0.1623806840777883,0.2361819409246976,0.8781944866315041,0.37983818350292653,0.0004997501249375312
1.6,2.0,22,0.30182779691962164,0.3018277969196219,0.0038209461682089632,0.09688140507946742,0.09633298607519102,2.401573348880723,0.016324735938974877,0.0004997501249375312
1.6,2.0,23,0.0,0.0,0.011710682803756419,0.0,0.19442038055605504,1.0051281219703485,0.31483516031565784,1.0
1.6,2.0,24,0.04484503231214046,0.05882094619072316,0.004319638325017554,0.0164454217861446,0.07910836387643208,1.671252151987411,0.09467188306371765,0.7626186906546727
1.6,2.0,25,0.0,0.0,0.001051905262045066,0.0,0.1686296957926901,0.6899236154123949,0.4902422240793618,1.0
1.6,2.0,26,0.2457801115791578,0.24578011157915777,0.0024076736693559152,0.05798749674356445,0.08361540016608494,0.44416101733708485,0.6569261740866206,0.0004997501249375312
1.6,2.0,27,0.3490674040260807,0.3471738278911896,0.0014508842782734292,0.10568581177930103,0.0922992932093212,1.1154159216480708,0.26467222981040717,0.0004997501249375312
1.6,2.0,28,0.3387955875486724,0.3387955875486725,0.002355754808827442,0.10522609316131694,0.11755292961742385,0.4458737548003515,0.65568844136135,0.0004997501249375312
1.6,2.0,29,0.2896111943185965,0.28961119431859644,0.00038215097521278785,0.0688823899819685,0.17987342609086404,1.2309137249224529,0.2183551337665952,0.0004997501249375312
1.6,2.0,30,0.5159878132813333,0.551414597855594,0.002012226095186409,0.11761070096569981,0.10012141340127662,0.4810217689636525,0.6305010270897795,0.0004997501249375312
1.6,2.0,31,0.27434750355443865,0.27434750355443854,0.002471113843604165,0.06713423713574027,0.1121648996916786,0.5372588477418323,0.59108882714261,0.0004997501249375312
1.6,2.0,32,0.5210121894480474,0.514194296058041,0.0008084316534933525,0.1753364616049751,0.12678826028632048,1.150137543537301,0.2500872253488673,0.0004997501249375312
1.6,2.0,33,0.3668273152346744,0.3668273152346743,0.0014116148568895212,0.14158312544510113,0.12236808547120157,1.7513588392433963,0.07988411835146914,0.0004997501249375312
1.6,2.0,34,0.3606887997379601,0.36068879973796003,0.0013863555310123475,0.10695137894634978,0.12096743446041774,0.6120680849260258,0.5404927121277785,0.0004997501249375312
1.6,2.0,35,0.6830800030730593,0.6830800030730594,0.002113200339268898,0.22920433667532134,0.16776443801311422,1.4030083145079926,0.1606143595851961,0.0004997501249375312
1.6,2.0,36,0.2256388125894652,0.22563881258946505,0.005279397603676783,0.05531136687013394,0.0803029646575884,1.3470068618837283,0.17797802270608365,0.0004997501249375312
1.6,2.0,37,1.0111853076937611,1.0111853076937614,0.0012808635597422885,0.2799856973233473,0.3007353215757215,1.061561980875923,0.28843458113581466,0.0004997501249375312
1.6,2.0,38,0.45434837547490875,0.4543483754749088,0.0024571686044828154,0.10692019875057221,0.08742929229948637,2.820823920772301,0.004790048675255454,0.0004997501249375312
1.6,2.0,39,0.18795647189611567,0.18400514980638785,0.0014259076107077256,0.05196160615211131,0.11822481409594082,0.6994210343446069,0.4842889463097324,0.0004997501249375312
1.6,2.0,40,0.11694106924093728,0.1333078800179071,0.0038331827101929575,0.030620733103658485,0.10800772331855375,0.4118610376794372,0.6804412800489201,0.0009995002498750624
1.6,2.0,41,0.11062328635158954,0.07546238456479418,0.003692777328831325,0.02757693290365364,0.1371582364124838,0.5189146467626788,0.6038202634103855,0.05997001499250375
1.6,2.0,42,0.2765866198461814,0.2765866198461814,0.002298864687153567,0.07507486329561386,0.11207423491653704,0.03240196675186814,0.9741514940718188,0.0004997501249375312
1.6,2.0,43,0.6626735462130012,0.6560363169839719,0.022734223004016525,0.15973289365286872,0.13705040139934505,0.21683180813280806,0.8283394223127547,0.0004997501249375312
1.6,2.0,44,0.4762627539774769,0.47626275397747697,0.002404534796278137,0.13167250376535863,0.1864018532256599,0.5566056032751417,0.5777969245795123,0.0004997501249375312
1.6,2.0,45,0.502315219465821,0.5023152194658209,0.005763578677215039,0.1604331966982441,0.0874630795129224,2.0700071811420773,0.03845167198004007,0.0004997501249375312
1.6,2.0,46,0.0,0.0,0.0018545236736276398,0.0,0.1092594770848294,1.4489295083772318,0.1473572694709422,1.0
1.6,2.0,47,0.0,0.0,0.000816865702832924,0.0,0.176812936345292,1.3255504846876478,0.18498863664176657,1.0
1.6,2.0,48,0.488442375737358,0.488442375737358,0.002678934427550706,0.1715289771120197,0.1527093952105995,0.47405416678348766,0.6354612812230591,0.0004997501249375312
1.6,2.0,49,0.0,0.0,0.0007771996410418109,0.0,0.17273217203204055,1.2464600161847503,0.21259555954136666,1.0
1.6,2.0,50,0.4975610028599022,0.4991455974799394,0.0017140041909419871,0.12320774956860266,0.16677835632464907,1.16651914085501,0.2434046143179045,0.0004997501249375312
1.6,2.0,51,1.0700587091490077,1.0700587091490081,0.001828341620640896,0.5609601918290535,0.17951671735742827,1.6167654138045964,0.10592892775252216,0.0004997501249375312
1.6,2.0,52,0.299063889112995,0.2990638891129949,0.002104099019621,0.07581592385397783,0.08735953228695784,0.63478743248504,0.5255670609100376,0.0004997501249375312
1.6,2.0,53,0.7092109265439417,0.7092109265439417,0.0025567861067981638,0.16697728005938506,0.12526683357075485,2.289583752694116,0.022045457725798467,0.0004997501249375312
1.6,2.0,54,0.36995589343810337,0.3661501876378459,0.009080185186905402,0.08889245372225182,0.09364956301313841,1.3424048862509157,0.1794647512729015,0.0004997501249375312
1.6,2.0,55,0.24913595671012195,0.249135956710122,0.0014305865186670951,0.06746911470153608,0.11737865438038077,0.01422333844264267,0.9886518004846403,0.0004997501249375312
1.6,2.0,56,0.2646074337903113,0.2646074337903113,0.0022266588603963708,0.052190431418941745,0.1656384060378688,1.5104719796218113,0.130923033982276,0.0004997501249375312
1.6,2.0,57,0.31997296240215517,0.3199729624021552,0.001375616170953014,0.0791795102726861,0.10763640701790013,0.325293281860251,0.7449591149303336,0.0004997501249375312
1.6,2.0,58,0.18666145865003114,0.1960002322184206,0.002425629075159469,0.04885080311483622,0.07931551637887509,0.10890868270472324,0.9132749198105414,0.0004997501249375312
1.6,2.0,59,0.7191004193472654,0.7191004193472654,0.0013602243544500764,0.21720907615378102,0.17254601365109362,0.022091612705062186,0.9823748769366603,0.0004997501249375312
