{
  "per_model": {
    "dnabert2": {
      "n": 2500,
      "mean_gsi": 1.1883055144667625,
      "median_gsi": 0.16658711433410645,
      "std_gsi": 15.870673184665087,
      "mean_gsi_normalized": 0.9950820642232895,
      "median_gsi_normalized": 1.0028250217437744,
      "frac_gsi_gt_threshold": 0.8144,
      "frac_p_lt_005": 1.0
    },
    "nt": {
      "n": 2500,
      "mean_gsi": 0.8748738714650274,
      "median_gsi": 0.14439477026462555,
      "std_gsi": 12.282212372616788,
      "mean_gsi_normalized": 0.9990330032348633,
      "median_gsi_normalized": 1.004785418510437,
      "frac_gsi_gt_threshold": 0.62,
      "frac_p_lt_005": 1.0
    },
    "hyenadna": {
      "n": 2500,
      "mean_gsi": 0.4524595551731065,
      "median_gsi": 0.06478750333189964,
      "std_gsi": 9.925996702864833,
      "mean_gsi_normalized": 0.9982530566692353,
      "median_gsi_normalized": 1.0049208998680115,
      "frac_gsi_gt_threshold": 0.3424,
      "frac_p_lt_005": 1.0
    }
  },
  "best_model_mean_gsi": "dnabert2",
  "best_model_median_gsi": "dnabert2",
  "per_dataset": {
    "agarwal": {
      "n": 1500,
      "mean_gsi": 1.7262592330748836,
      "median_gsi": 0.3282685726881027,
      "std_gsi": 20.31609418555851,
      "mean_gsi_normalized": 0.9959958588679632,
      "median_gsi_normalized": 1.0035545825958252,
      "frac_gsi_gt_threshold": 0.92,
      "frac_p_lt_005": 1.0
    },
    "inoue": {
      "n": 1500,
      "mean_gsi": 0.06734358789306134,
      "median_gsi": 0.04445141740143299,
      "std_gsi": 0.05803516075247343,
      "mean_gsi_normalized": 0.9980137559175492,
      "median_gsi_normalized": 1.004813551902771,
      "frac_gsi_gt_threshold": 0.3333333333333333,
      "frac_p_lt_005": 1.0
    },
    "vaishnav": {
      "n": 1500,
      "mean_gsi": 0.0805718427275618,
      "median_gsi": 0.0835447832942009,
      "std_gsi": 0.01898425730975328,
      "mean_gsi_normalized": 0.99937535293897,
      "median_gsi_normalized": 1.0050702691078186,
      "frac_gsi_gt_threshold": 0.12733333333333333,
      "frac_p_lt_005": 1.0
    },
    "jores": {
      "n": 1500,
      "mean_gsi": 0.1269567574808995,
      "median_gsi": 0.11811978742480278,
      "std_gsi": 0.06609070331721643,
      "mean_gsi_normalized": 0.9957523465156555,
      "median_gsi_normalized": 1.003223955631256,
      "frac_gsi_gt_threshold": 0.6193333333333333,
      "frac_p_lt_005": 1.0
    },
    "klein": {
      "n": 1500,
      "mean_gsi": 2.1916001473317546,
      "median_gsi": 0.6111980080604553,
      "std_gsi": 20.470858523233638,
      "mean_gsi_normalized": 0.9981428926388423,
      "median_gsi_normalized": 1.004181444644928,
      "frac_gsi_gt_threshold": 0.9613333333333334,
      "frac_p_lt_005": 1.0
    }
  },
  "strongest_dataset_mean_gsi": "klein",
  "strongest_dataset_median_gsi": "klein",
  "pair_stats": {
    "agarwal__dnabert2": {
      "n": 500,
      "mean_gsi": 1.3221198697090148,
      "median_gsi": 0.4871423691511154,
      "std_gsi": 6.528830439275591,
      "min_gsi": 0.1425020843744278,
      "max_gsi": 129.91372680664062,
      "q25_gsi": 0.3262370675802231,
      "q75_gsi": 0.8311120569705963,
      "frac_gsi_gt_010": 1.0,
      "frac_p_lt_005": 1.0
    },
    "agarwal__nt": {
      "n": 500,
      "mean_gsi": 2.579379096150398,
      "median_gsi": 0.3800286203622818,
      "std_gsi": 26.688787699767737,
      "min_gsi": 0.1308044195175171,
      "max_gsi": 578.6233520507812,
      "q25_gsi": 0.27452031522989273,
      "q75_gsi": 0.6415402442216873,
      "frac_gsi_gt_010": 1.0,
      "frac_p_lt_005": 1.0
    },
    "agarwal__hyenadna": {
      "n": 500,
      "mean_gsi": 1.2772787333652378,
      "median_gsi": 0.12548840045928955,
      "std_gsi": 21.997122560325543,
      "min_gsi": 0.038864538073539734,
      "max_gsi": 491.6451721191406,
      "q25_gsi": 0.10119359754025936,
      "q75_gsi": 0.17939674854278564,
      "frac_gsi_gt_010": 0.76,
      "frac_p_lt_005": 1.0
    },
    "inoue__dnabert2": {
      "n": 500,
      "mean_gsi": 0.14553204073011874,
      "median_gsi": 0.1447334811091423,
      "std_gsi": 0.017425932661323272,
      "min_gsi": 0.0984460860490799,
      "max_gsi": 0.20138129591941833,
      "q25_gsi": 0.13363827764987946,
      "q75_gsi": 0.15739211812615395,
      "frac_gsi_gt_010": 0.998,
      "frac_p_lt_005": 1.0
    },
    "inoue__nt": {
      "n": 500,
      "mean_gsi": 0.045201857216656205,
      "median_gsi": 0.04445141740143299,
      "std_gsi": 0.006787850834758626,
      "min_gsi": 0.03210696205496788,
      "max_gsi": 0.12410417199134827,
      "q25_gsi": 0.04150772653520107,
      "q75_gsi": 0.04816890601068735,
      "frac_gsi_gt_010": 0.002,
      "frac_p_lt_005": 1.0
    },
    "inoue__hyenadna": {
      "n": 500,
      "mean_gsi": 0.01129686573240906,
      "median_gsi": 0.011297818273305893,
      "std_gsi": 0.0018832293291719702,
      "min_gsi": 0.007281058002263308,
      "max_gsi": 0.019939415156841278,
      "q25_gsi": 0.010000018402934074,
      "q75_gsi": 0.012370037380605936,
      "frac_gsi_gt_010": 0.0,
      "frac_p_lt_005": 1.0
    },
    "vaishnav__dnabert2": {
      "n": 500,
      "mean_gsi": 0.09122569021582604,
      "median_gsi": 0.09087985381484032,
      "std_gsi": 0.01093713168017145,
      "min_gsi": 0.06375201791524887,
      "max_gsi": 0.1523301750421524,
      "q25_gsi": 0.08421620540320873,
      "q75_gsi": 0.09764694795012474,
      "frac_gsi_gt_010": 0.188,
      "frac_p_lt_005": 1.0
    },
    "vaishnav__nt": {
      "n": 500,
      "mean_gsi": 0.09139390920102597,
      "median_gsi": 0.08919519186019897,
      "std_gsi": 0.01399874397977056,
      "min_gsi": 0.06560530513525009,
      "max_gsi": 0.1868550181388855,
      "q25_gsi": 0.08255505748093128,
      "q75_gsi": 0.09657718427479267,
      "frac_gsi_gt_010": 0.188,
      "frac_p_lt_005": 1.0
    },
    "vaishnav__hyenadna": {
      "n": 500,
      "mean_gsi": 0.059095928765833375,
      "median_gsi": 0.05818169750273228,
      "std_gsi": 0.008593135407009385,
      "min_gsi": 0.03299369663000107,
      "max_gsi": 0.10644806921482086,
      "q25_gsi": 0.05408469308167696,
      "q75_gsi": 0.06290850788354874,
      "frac_gsi_gt_010": 0.006,
      "frac_p_lt_005": 1.0
    },
    "jores__dnabert2": {
      "n": 500,
      "mean_gsi": 0.16060764829814433,
      "median_gsi": 0.14691903442144394,
      "std_gsi": 0.05640459199449732,
      "min_gsi": 0.07316064089536667,
      "max_gsi": 0.4202998876571655,
      "q25_gsi": 0.11830178275704384,
      "q75_gsi": 0.19230861589312553,
      "frac_gsi_gt_010": 0.886,
      "frac_p_lt_005": 1.0
    },
    "jores__nt": {
      "n": 500,
      "mean_gsi": 0.1576941174119711,
      "median_gsi": 0.14449532330036163,
      "std_gsi": 0.056568510862177956,
      "min_gsi": 0.07868484407663345,
      "max_gsi": 0.4133552312850952,
      "q25_gsi": 0.11515069380402565,
      "q75_gsi": 0.18433864042162895,
      "frac_gsi_gt_010": 0.91,
      "frac_p_lt_005": 1.0
    },
    "jores__hyenadna": {
      "n": 500,
      "mean_gsi": 0.06256850673258305,
      "median_gsi": 0.0585150383412838,
      "std_gsi": 0.022460858397150996,
      "min_gsi": 0.021956205368041992,
      "max_gsi": 0.2523568868637085,
      "q25_gsi": 0.048683732748031616,
      "q75_gsi": 0.07076858915388584,
      "frac_gsi_gt_010": 0.062,
      "frac_p_lt_005": 1.0
    },
    "klein__dnabert2": {
      "n": 500,
      "mean_gsi": 4.222042323380709,
      "median_gsi": 0.9963453114032745,
      "std_gsi": 34.73020864967486,
      "min_gsi": 0.11963103711605072,
      "max_gsi": 747.7627563476562,
      "q25_gsi": 0.5666361004114151,
      "q75_gsi": 2.0532597303390503,
      "frac_gsi_gt_010": 1.0,
      "frac_p_lt_005": 1.0
    },
    "klein__nt": {
      "n": 500,
      "mean_gsi": 1.500700377345085,
      "median_gsi": 0.659063458442688,
      "std_gsi": 6.168818814305582,
      "min_gsi": 0.1473049521446228,
      "max_gsi": 127.02999877929688,
      "q25_gsi": 0.42343489825725555,
      "q75_gsi": 1.0418636798858643,