{
  "dataset": "agarwal",
  "best_val_r2": 0.010667383670806885,
  "final_metrics": {
    "mse": 0.27453291416168213,
    "pearson_r": 0.08446340905658964,
    "spearman_rho": 0.06059892918412099,
    "r2": -0.09796202182769775,
    "mean_alpha": 0.7361271381378174,
    "mean_beta": 0.2638729214668274,
    "std_alpha": 0.012756283394992352
  },
  "config": {
    "epochs": 10,
    "batch_size": 16,
    "lr": 5e-05,
    "orthogonality_weight": 0.1
  }
}