{
  "dataset": "agarwal",
  "best_val_r2": 0.010602891445159912,
  "final_metrics": {
    "mse": 0.2885134220123291,
    "pearson_r": 0.2231334633525362,
    "spearman_rho": 0.17632692074546424,
    "r2": -0.12755489349365234,
    "mean_alpha": 0.6713058948516846,
    "mean_beta": 0.3286941647529602,
    "std_alpha": 0.1525762379169464
  },
  "config": {
    "epochs": 30,
    "batch_size": 16,
    "lr": 3e-05,
    "orthogonality_weight": 0.1
  }
}