{
  "n_sequences": 500,
  "n_vocab_features": 282,
  "n_grammar_features": 6,
  "r2_vocabulary_gb": 0.08641656635149801,
  "r2_vocabulary_linear": 0.0,
  "r2_grammar_only": 0.0,
  "r2_vocab_plus_grammar": 0.03579706687424815,
  "grammar_information": 0,
  "model_r2": 0.0,
  "vocabulary_fraction": 2.4140683552390363,
  "grammar_fraction": 0.0,
  "unexplained_fraction": 0.9642029331257519
}