{
  "biophysics_r2": 0.06153497622972146,
  "biophysics_r2_std": 0.10026537279797747,
  "total_grammar_variance": 0.9962984534310035,
  "residual_variance": 0.9349912517814185,
  "biophysics_explained_fraction": 0.06153497622972146,
  "feature_importances": {
    "dinuc_CG": 0.21205362784951742,
    "shape_HelT_mean": 0.08295633264686808,
    "shape_MGW_mean": 0.061381727560292566,
    "shape_ProT_mean": 0.05856970288626724,
    "dinuc_CA": 0.050038736981430465,
    "dinuc_CC": 0.04357571110180091,
    "dinuc_TC": 0.04071979089183049,
    "dinuc_GC": 0.03812085454744967,
    "shape_Roll_mean": 0.03520163557725729,
    "dinuc_CT": 0.03275609528440523,
    "shape_ProT_std": 0.031527713117910375,
    "dinuc_TT": 0.030506725677164243,
    "dinuc_AT": 0.028947956896561208,
    "dinuc_GG": 0.02803547769273768,
    "shape_Roll_std": 0.02561853102067412,
    "nucleosome_poly_at": 0.02191657808111374,
    "dinuc_GT": 0.02145300004525317,
    "shape_MGW_std": 0.021283774857521483,
    "shape_HelT_std": 0.021214870063125373,
    "gc_content": 0.021151030509708794,
    "bendability": 0.020786364994439564,
    "dinuc_AC": 0.019159626855953456,
    "dinuc_TG": 0.017705642362937698,
    "dinuc_AG": 0.016637379222064298,
    "dinuc_AA": 0.007013154857394959,
    "dinuc_GA": 0.005919115636615773,
    "dinuc_TA": 0.005577013767277158,
    "shape_MGW_max": 0.00017182901442760245,
    "shape_MGW_min": 0.0,
    "shape_Roll_min": 0.0,
    "shape_Roll_max": 0.0,
    "shape_ProT_min": 0.0,
    "shape_ProT_max": 0.0,
    "shape_HelT_min": 0.0,
    "shape_HelT_max": 0.0
  },
  "n_samples": 500,
  "n_features": 35,
  "gsi_metric": "gsi_robust",
  "original_r2_raw_gsi": -9.560167286531442
}