{
  "biophysics_r2": -9.560167286531442,
  "biophysics_r2_std": 11.491431067567857,
  "total_grammar_variance": 140.96635343787287,
  "residual_variance": 140.96635343787287,
  "biophysics_explained_fraction": 0,
  "feature_importances": {
    "shape_Roll_mean": 0.30626383478778196,
    "dinuc_CA": 0.12471789552381443,
    "dinuc_AC": 0.10685553140312895,
    "dinuc_CT": 0.04626182322969616,
    "dinuc_AA": 0.03967969857618556,
    "dinuc_CG": 0.03836768655207983,
    "shape_Roll_max": 0.03561805323255619,
    "nucleosome_poly_at": 0.035031961747339475,
    "dinuc_TA": 0.03237529277744836,
    "shape_ProT_mean": 0.028932411289588053,
    "dinuc_AT": 0.028876432737432955,
    "shape_HelT_mean": 0.02310276789770054,
    "shape_ProT_std": 0.022963455915825652,
    "dinuc_TC": 0.021359564758612067,
    "dinuc_AG": 0.019361519189185192,
    "gc_content": 0.01466812541344983,
    "shape_MGW_mean": 0.014421949075355918,
    "dinuc_GA": 0.014397111121214974,
    "shape_Roll_std": 0.009902010455317448,
    "dinuc_TG": 0.00964585361485107,
    "dinuc_TT": 0.006830686671673481,
    "dinuc_GG": 0.006021408904928102,
    "shape_MGW_std": 0.004823509335006495,
    "shape_HelT_std": 0.00298588745812884,
    "dinuc_GC": 0.002477978143557589,
    "bendability": 0.0015695314200460707,
    "dinuc_GT": 0.0014085852740003389,
    "dinuc_CC": 0.0010784321877939332,
    "shape_MGW_max": 1.0013063005071811e-06,
    "shape_MGW_min": 0.0,
    "shape_Roll_min": 0.0,
    "shape_ProT_min": 0.0,
    "shape_ProT_max": 0.0,
    "shape_HelT_min": 0.0,
    "shape_HelT_max": 0.0
  },
  "n_samples": 500,
  "n_features": 35
}