{
  "biophysics_r2": -0.5727060223659349,
  "biophysics_r2_std": 0.45497118750086146,
  "total_grammar_variance": 0.004797230263097457,
  "residual_variance": 0.004797230263097457,
  "biophysics_explained_fraction": 0,
  "feature_importances": {
    "dinuc_CA": 0.17751588998217746,
    "shape_MGW_mean": 0.05752201324087377,
    "shape_Roll_std": 0.05222627880038859,
    "dinuc_GG": 0.0497670356973176,
    "nucleosome_poly_at": 0.04792695862425155,
    "bendability": 0.045380306178017936,
    "shape_HelT_mean": 0.0448656597891702,
    "dinuc_TG": 0.043091756185807996,
    "dinuc_TA": 0.041403220555259856,
    "dinuc_CC": 0.03967175672181736,
    "shape_MGW_std": 0.03966889605701997,
    "dinuc_CT": 0.039267317803916936,
    "shape_HelT_std": 0.0373226441277944,
    "shape_Roll_mean": 0.03625890215442625,
    "dinuc_TT": 0.030115262758081764,
    "dinuc_AA": 0.029869004915377258,
    "shape_ProT_std": 0.028709455948275713,
    "dinuc_AG": 0.026912244054738323,
    "dinuc_AC": 0.0230342958124513,
    "dinuc_AT": 0.018245143020631165,
    "dinuc_GT": 0.017618922671055356,
    "dinuc_CG": 0.017038193300582073,
    "shape_ProT_mean": 0.01375903743975952,
    "dinuc_GC": 0.012875396713309723,
    "dinuc_GA": 0.010985161437590032,
    "dinuc_TC": 0.007696961719459044,
    "gc_content": 0.007064380325092754,
    "shape_MGW_max": 0.004187903965356092,
    "shape_MGW_min": 0.0,
    "shape_Roll_min": 0.0,
    "shape_Roll_max": 0.0,
    "shape_ProT_min": 0.0,
    "shape_ProT_max": 0.0,
    "shape_HelT_min": 0.0,
    "shape_HelT_max": 0.0
  },
  "n_samples": 500,
  "n_features": 35
}