{
  "strength_grammar_correlation": -0.0011737388492826647,
  "strength_grammar_pval": 0.926195527040201,
  "quartile_stats": {
    "Q1_weak": {
      "mean_spacing_sens": 0.075377207320174,
      "mean_orient_sens": 0.08468095149837748,
      "mean_fold_change": 1.4925170024692784,
      "n_rules": 1566
    },
    "Q2": {
      "mean_spacing_sens": 0.07505176501802013,
      "mean_orient_sens": 0.08620093370053268,
      "mean_fold_change": 1.4976185895574345,
      "n_rules": 1557
    },
    "Q3": {
      "mean_spacing_sens": 0.07546254784243481,
      "mean_orient_sens": 0.08579705349112027,
      "mean_fold_change": 1.5053954853079996,
      "n_rules": 1551
    },
    "Q4_strong": {
      "mean_spacing_sens": 0.0756389644575965,
      "mean_orient_sens": 0.08756399365713521,
      "mean_fold_change": 1.497108087068042,
      "n_rules": 1557
    }
  },
  "n_rules": 6231,
  "interpretation": "Negative correlation = weak sites need more grammar"
}