{
  "biophysics_r2": -0.4876030554562075,
  "biophysics_r2_std": 0.3851525196495249,
  "total_grammar_variance": 0.004797230268343453,
  "residual_variance": 0.004797230268343453,
  "biophysics_explained_fraction": 0,
  "feature_importances": {
    "dinuc_CA": 0.17013271696868504,
    "shape_Roll_std": 0.08404540010951408,
    "shape_MGW_mean": 0.05215335472497804,
    "dinuc_GG": 0.051282104638907755,
    "bendability": 0.05058814776088768,
    "nucleosome_poly_at": 0.04799553580098267,
    "dinuc_TG": 0.047854455262423254,
    "shape_HelT_mean": 0.0444543829830982,
    "dinuc_TT": 0.04347430863508139,
    "shape_MGW_std": 0.04326574820701724,
    "dinuc_CC": 0.041918261224126424,
    "shape_ProT_std": 0.03768675998371944,
    "dinuc_CT": 0.03541368989366796,
    "shape_HelT_std": 0.03221134226373048,
    "shape_Roll_mean": 0.030648068185061956,
    "dinuc_AA": 0.02866112260538462,
    "shape_ProT_mean": 0.02468463766498128,
    "dinuc_GC": 0.0195399396394951,
    "dinuc_GT": 0.01853088685170574,
    "dinuc_AT": 0.017890382693727697,
    "dinuc_AG": 0.016032351618138024,
    "dinuc_CG": 0.015454473229546769,
    "dinuc_AC": 0.012978267830463757,
    "dinuc_GA": 0.012456112234725519,
    "gc_content": 0.006633412715434485,
    "dinuc_TC": 0.005910991411402427,
    "shape_MGW_max": 0.0041040873203948575,
    "dinuc_TA": 0.00399905754271819,
    "shape_MGW_min": 0.0,
    "shape_Roll_min": 0.0,
    "shape_Roll_max": 0.0,
    "shape_ProT_min": 0.0,
    "shape_ProT_max": 0.0,
    "shape_HelT_min": 0.0,
    "shape_HelT_max": 0.0
  },
  "n_samples": 500,
  "n_features": 35,
  "gsi_metric": "gsi_robust",
  "original_r2_raw_gsi": -0.5727060223659349
}