{
  "biophysics_r2": 0.7924020752951446,
  "biophysics_r2_std": 0.04358125718163919,
  "total_grammar_variance": 0.0017456955749515102,
  "residual_variance": 0.00036240277852638285,
  "biophysics_explained_fraction": 0.7924020752951446,
  "feature_importances": {
    "shape_Roll_std": 0.590701983935549,
    "shape_MGW_mean": 0.06590513106136747,
    "dinuc_TG": 0.05057814979144105,
    "shape_ProT_std": 0.03651114834343627,
    "dinuc_AA": 0.028914885092230388,
    "shape_HelT_std": 0.027690928069835623,
    "dinuc_GT": 0.024668235451040067,
    "dinuc_GC": 0.022172350576014518,
    "dinuc_TT": 0.02032505666163679,
    "nucleosome_poly_at": 0.013892716896726793,
    "dinuc_GG": 0.012831258831984802,
    "dinuc_CT": 0.01157110621207566,
    "shape_Roll_mean": 0.00997696298888576,
    "dinuc_TC": 0.009098195494896835,
    "dinuc_CC": 0.009025310678351824,
    "dinuc_GA": 0.008766821119335024,
    "dinuc_TA": 0.006726590368249393,
    "dinuc_AG": 0.006720839604724762,
    "shape_HelT_mean": 0.0064740299456383646,
    "shape_ProT_mean": 0.006039729824984006,
    "shape_MGW_std": 0.005738169266577472,
    "dinuc_CG": 0.005568993009078509,
    "bendability": 0.005483649567843278,
    "dinuc_AT": 0.004430522607450839,
    "gc_content": 0.0037528948309922465,
    "dinuc_AC": 0.0036215805198200344,
    "dinuc_CA": 0.002763314790177849,
    "shape_Roll_max": 4.4337659575017093e-05,
    "shape_MGW_max": 4.580384501407152e-06,
    "shape_HelT_max": 4.279257548380863e-07,
    "shape_MGW_min": 9.84898240640821e-08,
    "shape_Roll_min": 0.0,
    "shape_ProT_min": 0.0,
    "shape_ProT_max": 0.0,
    "shape_HelT_min": 0.0
  },
  "n_samples": 500,
  "n_features": 35
}