{
  "biophysics_r2": 0.7889851599805116,
  "biophysics_r2_std": 0.040438132873371155,
  "total_grammar_variance": 0.001745695583621332,
  "residual_variance": 0.0003683676743005829,
  "biophysics_explained_fraction": 0.7889851599805116,
  "feature_importances": {
    "shape_Roll_std": 0.585872535728313,
    "shape_MGW_mean": 0.06507319582778119,
    "dinuc_TG": 0.05135931533018124,
    "shape_ProT_std": 0.040867254253524755,
    "dinuc_GC": 0.02835299634490303,
    "shape_HelT_std": 0.02754050772906563,
    "dinuc_AA": 0.02588491132445465,
    "dinuc_GT": 0.0235355891757699,
    "dinuc_TT": 0.021300330983360163,
    "dinuc_GG": 0.014553832593968188,
    "nucleosome_poly_at": 0.01395972046534281,
    "shape_Roll_mean": 0.012817931753670127,
    "shape_HelT_mean": 0.010364137912678392,
    "dinuc_CT": 0.009490782539765161,
    "dinuc_TC": 0.008904934023588617,
    "dinuc_GA": 0.00699101347987905,
    "dinuc_CC": 0.006904478260363019,
    "dinuc_CG": 0.006638930628751252,
    "shape_ProT_mean": 0.0061727053807178805,
    "dinuc_AG": 0.006151884217653343,
    "bendability": 0.006041351285747241,
    "shape_MGW_std": 0.005375512851524653,
    "gc_content": 0.0036818574665260463,
    "dinuc_TA": 0.0035649058173704753,
    "dinuc_AT": 0.003404689412356293,
    "dinuc_CA": 0.003385216113777337,
    "dinuc_AC": 0.0017953516414313843,
    "shape_Roll_max": 8.79144137882661e-06,
    "shape_MGW_max": 5.336016156346902e-06,
    "shape_MGW_min": 0.0,
    "shape_Roll_min": 0.0,
    "shape_ProT_min": 0.0,
    "shape_ProT_max": 0.0,
    "shape_HelT_min": 0.0,
    "shape_HelT_max": 0.0
  },
  "n_samples": 500,
  "n_features": 35,
  "gsi_metric": "gsi_robust",
  "original_r2_raw_gsi": 0.7924020752951446
}