{
  "biophysics_r2": -19.135064822362317,
  "biophysics_r2_std": 22.854231016706805,
  "total_grammar_variance": 139.016567502169,
  "residual_variance": 139.016567502169,
  "biophysics_explained_fraction": 0,
  "feature_importances": {
    "dinuc_CA": 0.28966771041605016,
    "dinuc_AA": 0.2354849499671913,
    "dinuc_TG": 0.13904155730032547,
    "shape_ProT_mean": 0.05212549147150093,
    "dinuc_CG": 0.039310322369241875,
    "dinuc_GT": 0.03257775447316494,
    "shape_Roll_mean": 0.02842646866705729,
    "dinuc_AC": 0.023136901196206924,
    "shape_MGW_std": 0.022900267066429236,
    "gc_content": 0.018771077175385825,
    "dinuc_CT": 0.018508269363384636,
    "dinuc_TC": 0.014421396349805951,
    "nucleosome_poly_at": 0.011894308940199992,
    "shape_MGW_mean": 0.01098770636119328,
    "dinuc_AT": 0.010112560349483003,
    "bendability": 0.008451545856495915,
    "dinuc_TT": 0.007961410941356294,
    "dinuc_GG": 0.006892533684623568,
    "shape_ProT_std": 0.006673058265389448,
    "dinuc_GC": 0.005341793449556777,
    "shape_Roll_std": 0.004654637755369873,
    "shape_HelT_mean": 0.0034163042233639794,
    "dinuc_AG": 0.0024534576416494706,
    "dinuc_CC": 0.001960864569327404,
    "shape_HelT_std": 0.0017991089654415826,
    "dinuc_GA": 0.001280466588800655,
    "shape_MGW_max": 0.0012076820646101391,
    "dinuc_TA": 0.0005403945273940862,
    "shape_MGW_min": 0.0,
    "shape_Roll_min": 0.0,
    "shape_Roll_max": 0.0,
    "shape_ProT_min": 0.0,
    "shape_ProT_max": 0.0,
    "shape_HelT_min": 0.0,
    "shape_HelT_max": 0.0
  },
  "n_samples": 500,
  "n_features": 35
}