{
  "biophysics_r2": 0.3752324338871773,
  "biophysics_r2_std": 0.12661691070805822,
  "total_grammar_variance": 1.597414779183845,
  "residual_variance": 0.9980129436633429,
  "biophysics_explained_fraction": 0.3752324338871773,
  "feature_importances": {
    "shape_MGW_mean": 0.15806094668987528,
    "shape_ProT_mean": 0.1402424968502504,
    "gc_content": 0.07464997494998285,
    "dinuc_CG": 0.05561682562525655,
    "dinuc_AT": 0.0549245239062776,
    "shape_MGW_std": 0.05282374308439665,
    "shape_ProT_std": 0.0410352997873647,
    "shape_HelT_std": 0.039206804245230764,
    "dinuc_GG": 0.03633288713728247,
    "shape_Roll_mean": 0.035727512231213655,
    "dinuc_TG": 0.032918412675216925,
    "dinuc_TT": 0.03201645862420747,
    "bendability": 0.028888594978901998,
    "dinuc_CT": 0.025469626780830253,
    "dinuc_GC": 0.022626278678574804,
    "shape_HelT_mean": 0.02174131027750858,
    "shape_Roll_std": 0.02054994943662495,
    "dinuc_CA": 0.019678633966057263,
    "dinuc_AG": 0.01915548245101926,
    "nucleosome_poly_at": 0.015163213360506335,
    "dinuc_AA": 0.013890084456007635,
    "dinuc_CC": 0.013205448848585993,
    "dinuc_GT": 0.012783686814801621,
    "dinuc_GA": 0.012405777228777741,
    "dinuc_TC": 0.009785706010695635,
    "dinuc_TA": 0.004808121389772127,
    "dinuc_AC": 0.004333360803871421,
    "shape_MGW_max": 0.001957364004957079,
    "shape_Roll_max": 1.4747059521189736e-06,
    "shape_MGW_min": 0.0,
    "shape_Roll_min": 0.0,
    "shape_ProT_min": 0.0,
    "shape_ProT_max": 0.0,
    "shape_HelT_min": 0.0,
    "shape_HelT_max": 0.0
  },
  "n_samples": 500,
  "n_features": 35,
  "gsi_metric": "gsi_robust",
  "original_r2_raw_gsi": -19.135064822362317
}