{
  "biophysics_r2": 0.19714810023034351,
  "biophysics_r2_std": 0.14630212265582684,
  "total_grammar_variance": 6.730311612268867e-05,
  "residual_variance": 5.40344346395184e-05,
  "biophysics_explained_fraction": 0.19714810023034351,
  "feature_importances": {
    "dinuc_CG": 0.1605332787179463,
    "gc_content": 0.10341512296590553,
    "shape_MGW_std": 0.06535576783905193,
    "bendability": 0.06441956238418109,
    "dinuc_GT": 0.05779798086908829,
    "shape_ProT_std": 0.046218895913464925,
    "dinuc_TG": 0.04607796040531196,
    "shape_HelT_mean": 0.045612156737798594,
    "shape_Roll_mean": 0.041766571040561085,
    "dinuc_TT": 0.03758413072046341,
    "shape_Roll_std": 0.03531464580367761,
    "shape_MGW_mean": 0.03341183886922176,
    "dinuc_AA": 0.0269367471289237,
    "dinuc_TA": 0.02506374070363907,
    "shape_HelT_std": 0.023316793137248184,
    "dinuc_AT": 0.020737344420487632,
    "dinuc_GC": 0.020405489103135027,
    "dinuc_CT": 0.019180063691755653,
    "dinuc_GG": 0.018215463351534553,
    "dinuc_GA": 0.016599371744468214,
    "shape_ProT_mean": 0.01595733191060115,
    "nucleosome_poly_at": 0.015169673074577518,
    "dinuc_CC": 0.014865057943525386,
    "dinuc_AC": 0.013995650156527059,
    "dinuc_CA": 0.01316657481201076,
    "dinuc_TC": 0.01210149545555647,
    "dinuc_AG": 0.006781291099337066,
    "shape_MGW_min": 0.0,
    "shape_MGW_max": 0.0,
    "shape_Roll_min": 0.0,
    "shape_Roll_max": 0.0,
    "shape_ProT_min": 0.0,
    "shape_ProT_max": 0.0,
    "shape_HelT_min": 0.0,
    "shape_HelT_max": 0.0
  },
  "n_samples": 500,
  "n_features": 35
}