{
  "biophysics_r2": 0.21808673318958469,
  "biophysics_r2_std": 0.14152284272400842,
  "total_grammar_variance": 6.730311442071734e-05,
  "residual_variance": 5.262519806321827e-05,
  "biophysics_explained_fraction": 0.21808673318958469,
  "feature_importances": {
    "dinuc_CG": 0.15973559714662613,
    "gc_content": 0.09928785966516908,
    "shape_MGW_std": 0.0650816480209974,
    "bendability": 0.06484870716125288,
    "dinuc_GT": 0.0605323632825796,
    "shape_ProT_std": 0.052575237030054664,
    "shape_MGW_mean": 0.0471587960402856,
    "dinuc_TG": 0.04535736253206626,
    "shape_Roll_mean": 0.04383983670443355,
    "dinuc_TT": 0.037721151511120585,
    "shape_HelT_std": 0.03151757466397095,
    "shape_Roll_std": 0.02988392671035445,
    "dinuc_AA": 0.029201593106976106,
    "shape_HelT_mean": 0.028296560969182476,
    "dinuc_TA": 0.023389466265966267,
    "shape_ProT_mean": 0.020846332133191977,
    "dinuc_GA": 0.019331811989896336,
    "dinuc_GC": 0.018585931398107724,
    "dinuc_AT": 0.017695979499905982,
    "dinuc_GG": 0.017600793655060225,
    "dinuc_CT": 0.016347870578522918,
    "nucleosome_poly_at": 0.014701213731292994,
    "dinuc_TC": 0.012696735717206918,
    "dinuc_CC": 0.012659407554364548,
    "dinuc_AC": 0.012607035368319554,
    "dinuc_CA": 0.00995864392996135,
    "dinuc_AG": 0.008540563633133666,
    "shape_MGW_min": 0.0,
    "shape_MGW_max": 0.0,
    "shape_Roll_min": 0.0,
    "shape_Roll_max": 0.0,
    "shape_ProT_min": 0.0,
    "shape_ProT_max": 0.0,
    "shape_HelT_min": 0.0,
    "shape_HelT_max": 0.0
  },
  "n_samples": 500,
  "n_features": 35,
  "gsi_metric": "gsi_robust",
  "original_r2_raw_gsi": 0.19714810023034351
}