{
  "experiment": "helical_periodicity",
  "model": "dnabert2",
  "motif": "GATAAG",
  "spacings_tested": [
    5,
    6,
    7,
    8,
    9,
    10,
    11,
    12,
    13,
    14,
    15,
    16,
    17,
    18,
    19,
    20,
    21,
    22,
    23,
    24,
    25,
    26,
    27,
    28,
    29,
    30,
    31,
    32,
    33,
    34,
    35,
    36,
    37,
    38,
    39,
    40,
    41,
    42,
    43,
    44,
    45,
    46,
    47,
    48,
    49,
    50
  ],
  "n_per_spacing": 20,
  "mean_predictions_by_spacing": {
    "5": -0.041416555643081665,
    "6": -0.0022239864338189363,
    "7": 0.027262311428785324,
    "8": 0.04569412022829056,
    "9": -0.002650926122441888,
    "10": -0.00010383035987615585,
    "11": 0.014183498919010162,
    "12": 0.017827872186899185,
    "13": 0.0053443582728505135,
    "14": -0.017581723630428314,
    "15": -0.039376579225063324,
    "16": 0.011474157683551311,
    "17": 0.016103113070130348,
    "18": -0.0021092784591019154,
    "19": 0.05575064942240715,
    "20": -0.02169022336602211,
    "21": 0.0014218783471733332,
    "22": -0.032609619200229645,
    "23": -0.01341256033629179,
    "24": -0.006187993101775646,
    "25": 0.014999124221503735,
    "26": 0.006179243326187134,
    "27": 0.03612443059682846,
    "28": -0.0334370955824852,
    "29": 0.021994218230247498,
    "30": 0.014540163800120354,
    "31": 0.030005842447280884,
    "32": 0.01236601360142231,
    "33": 0.016781095415353775,
    "34": -0.018439430743455887,
    "35": 0.013687752187252045,
    "36": 0.027565112337470055,
    "37": -0.020624171942472458,
    "38": -0.021285157650709152,
    "39": 0.014005142264068127,
    "40": 0.01646789349615574,
    "41": -0.021095050498843193,
    "42": -0.03811076655983925,
    "43": 0.03436022251844406,
    "44": 0.0020187324844300747,
    "45": -0.027151232585310936,
    "46": 0.04301292449235916,
    "47": 0.01570740155875683,
    "48": -0.010750514455139637,
    "49": -0.002784735057502985,
    "50": -0.011862161569297314
  },
  "std_predictions_by_spacing": {
    "5": 0.11426487565040588,
    "6": 0.11462027579545975,
    "7": 0.08911940455436707,
    "8": 0.09582196176052094,
    "9": 0.12436128407716751,
    "10": 0.06920673698186874,
    "11": 0.09104419499635696,
    "12": 0.08952382206916809,
    "13": 0.088194340467453,
    "14": 0.08515453338623047,
    "15": 0.13498392701148987,
    "16": 0.10841525346040726,
    "17": 0.10416071861982346,
    "18": 0.07820883393287659,
    "19": 0.10610129684209824,
    "20": 0.141604945063591,
    "21": 0.08846059441566467,
    "22": 0.12783561646938324,
    "23": 0.09890137612819672,
    "24": 0.10390783846378326,
    "25": 0.08512368053197861,
    "26": 0.10584243386983871,
    "27": 0.10984642058610916,
    "28": 0.07123922556638718,
    "29": 0.10939499735832214,
    "30": 0.10271836817264557,
    "31": 0.08674369752407074,
    "32": 0.10483049601316452,
    "33": 0.11877041310071945,
    "34": 0.09944833815097809,
    "35": 0.07908076047897339,
    "36": 0.08345058560371399,
    "37": 0.0917675569653511,
    "38": 0.1168140396475792,
    "39": 0.10157077014446259,
    "40": 0.1384139358997345,
    "41": 0.10354867577552795,
    "42": 0.09825102984905243,
    "43": 0.12369748204946518,
    "44": 0.09375687688589096,
    "45": 0.10483735054731369,
    "46": 0.1158844605088234,
    "47": 0.1015881597995758,
    "48": 0.07776080816984177,
    "49": 0.09890316426753998,
    "50": 0.12293803691864014
  },
  "helical_analysis": {
    "helical_spacings": [
      10,
      11,
      21,
      22,
      31,
      32
    ],
    "non_helical_spacings": [
      15,
      16,
      26,
      27,
      36,
      37
    ],
    "helical_mean": 0.004210629966109991,
    "non_helical_mean": 0.0035570324398577213,
    "t_statistic": 0.04830155019990574,
    "p_value": 0.961516427033426
  },
  "interpretation": "Model does NOT detect helical periodicity"
}