{
  "CRF2_RAP2-3": {
    "spacing_range": 1.377000331878662,
    "spacing_fold_change": -10790779590.60669,
    "orientation_range": 1.664560079574585,
    "best_orientation": "+/+",
    "order_effect": 0.06798076629638672,
    "helical_phase_score": 1.165217831230248,
    "grammar_potential": 3.041560411453247
  },
  "CRF2_Os05g0497200": {
    "spacing_range": 1.0937283039093018,
    "spacing_fold_change": -14690845012.664795,
    "orientation_range": 0.6599268913269043,
    "best_orientation": "-/+",
    "order_effect": 0.1863422393798828,
    "helical_phase_score": 0.007351888055439812,
    "grammar_potential": 1.753655195236206
  },
  "Os05g0497200_RAP2-3": {
    "spacing_range": 1.2180771827697754,
    "spacing_fold_change": -14240238666.534424,
    "orientation_range": 1.4287662506103516,
    "best_orientation": "+/-",
    "order_effect": -0.27412164211273193,
    "helical_phase_score": 1.4041522145980536,
    "grammar_potential": 2.646843433380127
  },
  "ERF1B_Os05g0497200": {
    "spacing_range": 1.2256513833999634,
    "spacing_fold_change": -14644502401.351929,
    "orientation_range": 0.9660946130752563,
    "best_orientation": "+/+",
    "order_effect": -0.3444925546646118,
    "helical_phase_score": 0.5253886706319362,
    "grammar_potential": 2.1917459964752197
  },
  "RAP2-3_ERF109": {
    "spacing_range": 1.5950291752815247,
    "spacing_fold_change": -9966842532.157898,
    "orientation_range": 1.6322970390319824,
    "best_orientation": "+/+",
    "order_effect": 0.008797109127044678,
    "helical_phase_score": 1.1072561699789536,
    "grammar_potential": 3.227326214313507
  },
  "ERF1B_CRF2": {
    "spacing_range": 1.1933372020721436,
    "spacing_fold_change": -16477515697.479248,
    "orientation_range": 1.1212401390075684,
    "best_orientation": "+/+",
    "order_effect": -0.9515573978424072,
    "helical_phase_score": 0.7853585284825084,
    "grammar_potential": 2.314577341079712
  },
  "ERF1B_RAP2-3": {
    "spacing_range": 0.9057154655456543,
    "spacing_fold_change": -16848206520.080566,
    "orientation_range": 1.5051243305206299,
    "best_orientation": "-/-",
    "order_effect": -0.12172424793243408,
    "helical_phase_score": 0.45347275301070444,
    "grammar_potential": 2.410839796066284
  },
  "RAP2-6_ERF5": {
    "spacing_range": 1.9171857833862305,
    "spacing_fold_change": -18087565898.895264,
    "orientation_range": 0.8042057752609253,
    "best_orientation": "+/-",
    "order_effect": -0.5182390213012695,
    "helical_phase_score": 0.16630296717308776,
    "grammar_potential": 2.7213915586471558
  },
  "DOF3.6_DOF3.6": {
    "spacing_range": 1.3944777846336365,
    "spacing_fold_change": -9268396496.772766,
    "orientation_range": 1.3758442401885986,
    "best_orientation": "+/+",
    "order_effect": 0.01041477918624878,
    "helical_phase_score": 3.5942660797054025,
    "grammar_potential": 2.770322024822235
  },
  "CRF2_ERF109": {
    "spacing_range": 1.475768268108368,
    "spacing_fold_change": -9878879189.491272,
    "orientation_range": 1.6563231945037842,
    "best_orientation": "+/+",
    "order_effect": -0.0087968111038208,
    "helical_phase_score": 0.783662080402113,
    "grammar_potential": 3.132091462612152
  },
  "ERF1B_ERF109": {
    "spacing_range": 1.0364294052124023,
    "spacing_fold_change": -17656877040.863037,
    "orientation_range": 1.8694888949394226,
    "best_orientation": "-/-",
    "order_effect": -0.29207873344421387,
    "helical_phase_score": 0.4767924670802859,
    "grammar_potential": 2.905918300151825
  },
  "Os05g0497200_ERF109": {
    "spacing_range": 1.4407298564910889,
    "spacing_fold_change": -12875850200.653076,
    "orientation_range": 0.5163412094116211,
    "best_orientation": "-/+",
    "order_effect": -0.7730393409729004,
    "helical_phase_score": 1.680805144522564,
    "grammar_potential": 1.95707106590271
  },
  "abi4_RAP2-3": {
    "spacing_range": 1.6558340787887573,
    "spacing_fold_change": -14707416296.005249,
    "orientation_range": 0.8749779462814331,
    "best_orientation": "+/+",
    "order_effect": -0.2657252550125122,
    "helical_phase_score": 2.4425732495439263,
    "grammar_potential": 2.5308120250701904
  },
  "CRF2_RAP2-6": {
    "spacing_range": 1.3898859024047852,
    "spacing_fold_change": -15385601520.53833,
    "orientation_range": 0.30719447135925293,
    "best_orientation": "+/-",
    "order_effect": -0.3981196880340576,
    "helical_phase_score": 1.0934435660801172,
    "grammar_potential": 1.697080373764038
  },
  "ERF109_RAP2-6": {
    "spacing_range": 1.1752054691314697,
    "spacing_fold_change": -17945022583.007812,
    "orientation_range": 1.2911536693572998,
    "best_orientation": "-/-",
    "order_effect": -1.2636208534240723,
    "helical_phase_score": 0.4999213629443575,
    "grammar_potential": 2.4663591384887695
  },
  "BPC5_BPC1": {
    "spacing_range": 0.881196141242981,
    "spacing_fold_change": -12677310705.184937,
    "orientation_range": 1.5263711214065552,
    "best_orientation": "+/+",
    "order_effect": -1.2932430505752563,
    "helical_phase_score": 1.0819043603173708,
    "grammar_potential": 2.407567262649536
  },
  "abi4_CRF2": {
    "spacing_range": 1.7056448459625244,
    "spacing_fold_change": -15344457626.342773,
    "orientation_range": 1.3441340923309326,
    "best_orientation": "-/+",
    "order_effect": -1.592036247253418,
    "helical_phase_score": 2.0368533621665885,
    "grammar_potential": 3.049778938293457
  },
  "RAP2-3_RAP2-6": {
    "spacing_range": 1.3353592157363892,
    "spacing_fold_change": -16955813169.47937,
    "orientation_range": 0.7250242233276367,
    "best_orientation": "+/+",
    "order_effect": -0.5575615167617798,
    "helical_phase_score": 0.7974364528015665,
    "grammar_potential": 2.060383439064026
  },
  "PI_AP1": {
    "spacing_range": 0.9765841960906982,
    "spacing_fold_change": -15202744007.110596,
    "orientation_range": 1.1091420650482178,
    "best_orientation": "+/+",
    "order_effect": -0.5781481266021729,
    "helical_phase_score": 1.0888548134621563,
    "grammar_potential": 2.085726261138916
  },
  "TSO1_TCX2": {
    "spacing_range": 1.3346540927886963,
    "spacing_fold_change": -10041637420.654297,
    "orientation_range": 1.6010106205940247,
    "best_orientation": "+/+",
    "order_effect": -1.2164604663848877,
    "helical_phase_score": 2.850354775431987,
    "grammar_potential": 2.935664713382721
  }
}