{
  "agarwal": {
    "n": 200,
    "r": 0.19786925326753435,
    "p_value": 0.004976100351757984,
    "direction": "positive",
    "gc_mean": 0.514525,
    "gc_std": 0.10019805075449323
  },
  "jores": {
    "n": 200,
    "r": -0.2791674250924362,
    "p_value": 6.25026277705451e-05,
    "direction": "negative",
    "gc_mean": 0.46047058823529413,
    "gc_std": 0.11515772244214578
  },
  "de_almeida": {
    "n": 200,
    "r": 0.07270444370520612,
    "p_value": 0.30625773691865127,
    "direction": "positive",
    "gc_mean": 0.526225,
    "gc_std": 0.08970855240722592
  },
  "klein": {
    "n": 200,
    "r": 0.2429787416425905,
    "p_value": 0.0005266924356589846,
    "direction": "positive",
    "gc_mean": 0.479765625,
    "gc_std": 0.09187827360357434
  },
  "vaishnav": {
    "n": 200,
    "r": 0.033984958106896904,
    "p_value": 0.6328314392427627,
    "direction": "positive",
    "gc_mean": 0.4476831743186685,
    "gc_std": 0.05704392046274177
  }
}