{
  "n_sequences": 2000,
  "n_vocab_features": 282,
  "n_pairwise_features": 5,
  "n_higher_features": 4,
  "r2_vocabulary": 0.11056147865385187,
  "r2_vocab_plus_pairwise": 0.10691661871867801,
  "r2_vocab_plus_all_grammar": 0.09904937682494648,
  "r2_full_model": 0.0,
  "eta2_vocabulary": 0.11056147865385187,
  "eta2_pairwise_grammar": 0.0,
  "eta2_higher_order_grammar": 0.0,
  "eta2_model_features": 0.0,
  "eta2_unexplained": 0.9009506231750535,
  "grammar_total_eta2": 0.0,
  "vocabulary_dominance": 1.0
}