{
  "observed_effect": 0.013644685493204078,
  "n_samples": 2000,
  "alpha": 0.05,
  "power": 0.9995121431342702,
  "minimum_detectable_effect_80pct": 0.003912835896115231,
  "adequately_powered": true
}