{
  "observed_effect": 0.001,
  "n_samples": 2000,
  "alpha": 0.05,
  "power": 0.29299837512845606,
  "minimum_detectable_effect_80pct": 0.003912835896115231,
  "adequately_powered": false
}