{
  "n_sequences": 500,
  "n_grammar_rich": 25,
  "n_grammar_poor": 475,
  "gsi_threshold": 0.20079669716457524,
  "gsi_distribution": {
    "p5": 0.07563641344507535,
    "p25": 0.09640298256029685,
    "p50": 0.11885080114006996,
    "p75": 0.1510474719107151,
    "p95": 0.20079669716457524,
    "p99": 0.2676008725663026
  },
  "gsi_mean": 0.1269567574808995,
  "gsi_std": 0.041781521931967845,
  "gsi_skewness": 1.1771708105381085,
  "gsi_kurtosis": 1.8639474339893805,
  "feature_comparison": {
    "seq_length": {
      "rich_mean": 170.0,
      "poor_mean": 170.0,
      "difference": 0.0,
      "mannwhitney_p": 1.0
    },
    "gc_content": {
      "rich_mean": 0.30400000000000005,
      "poor_mean": 0.482266253869969,
      "difference": -0.17826625386996897,
      "mannwhitney_p": 1.7323593034324422e-12
    },
    "expression": {
      "rich_mean": -0.9220106036262371,
      "poor_mean": -2.477565839711468,
      "difference": 1.555555236085231,
      "mannwhitney_p": 2.141270732243846e-07
    },
    "n_motifs": {
      "rich_mean": 10.08,
      "poor_mean": 10.153684210526317,
      "difference": -0.07368421052631646,
      "mannwhitney_p": 0.5087710481231512
    },
    "n_unique_motifs": {
      "rich_mean": 6.08,
      "poor_mean": 6.926315789473684,
      "difference": -0.8463157894736844,
      "mannwhitney_p": 0.8310952730774025
    },
    "motif_density": {
      "rich_mean": 5.929411764705883,
      "poor_mean": 5.972755417956656,
      "difference": -0.043343653250773606,
      "mannwhitney_p": 0.5087710481231512
    },
    "motif_coverage": {
      "rich_mean": 0.3141176470588235,
      "poor_mean": 0.2611393188854489,
      "difference": 0.05297832817337461,
      "mannwhitney_p": 0.04413931643302243
    },
    "mean_motif_distance": {
      "rich_mean": 19.60094530306295,
      "poor_mean": 17.43483759104481,
      "difference": 2.166107712018139,
      "mannwhitney_p": 0.6535811884141515
    },
    "min_motif_distance": {
      "rich_mean": 6.84,
      "poor_mean": 6.069473684210526,
      "difference": 0.770526315789474,
      "mannwhitney_p": 0.6770742544185687
    },
    "motif_clustering": {
      "rich_mean": 16.35816895339046,
      "poor_mean": 15.648148624446552,
      "difference": 0.7100203289439087,
      "mannwhitney_p": 0.7518521724340839
    },
    "dinuc_AA": {
      "rich_mean": 0.15242603550295858,
      "poor_mean": 0.08312675179071942,
      "difference": 0.06929928371223916,
      "mannwhitney_p": 1.7981758076522437e-09
    },
    "dinuc_AC": {
      "rich_mean": 0.05727810650887574,
      "poor_mean": 0.0588352538150109,
      "difference": -0.0015571473061351607,
      "mannwhitney_p": 0.7077657671029898
    },
    "dinuc_AG": {
      "rich_mean": 0.044733727810650895,
      "poor_mean": 0.055235129243226405,
      "difference": -0.01050140143257551,
      "mannwhitney_p": 0.06090237992652021
    },
    "dinuc_AT": {
      "rich_mean": 0.11644970414201182,
      "poor_mean": 0.06527561507318592,
      "difference": 0.051174089068825895,
      "mannwhitney_p": 3.977890939950571e-11
    },
    "dinuc_CA": {
      "rich_mean": 0.060118343195266266,
      "poor_mean": 0.07065711616318904,
      "difference": -0.010538772967922772,
      "mannwhitney_p": 0.03826409894016589
    },
    "dinuc_CC": {
      "rich_mean": 0.03834319526627219,
      "poor_mean": 0.0766116474618499,
      "difference": -0.03826845219557771,
      "mannwhitney_p": 3.266883399757021e-05
    },
    "dinuc_CG": {
      "rich_mean": 0.021301775147928997,
      "poor_mean": 0.054487698536281534,
      "difference": -0.03318592338835254,
      "mannwhitney_p": 1.4810378277341529e-06
    },
    "dinuc_CT": {
      "rich_mean": 0.056568047337278105,
      "poor_mean": 0.06454064154469012,
      "difference": -0.007972594207412018,
      "mannwhitney_p": 0.1376448278719597
    },
    "dinuc_GA": {
      "rich_mean": 0.043076923076923075,
      "poor_mean": 0.0543755839302398,
      "difference": -0.011298660853316725,
      "mannwhitney_p": 0.01582935212784432
    },
    "dinuc_GC": {
      "rich_mean": 0.02130177514792899,
      "poor_mean": 0.06376829648084709,
      "difference": -0.042466521332918096,
      "mannwhitney_p": 2.5257684891113584e-10
    },
    "dinuc_GG": {
      "rich_mean": 0.024615384615384615,
      "poor_mean": 0.047960137028962936,
      "difference": -0.02334475241357832,
      "mannwhitney_p": 2.9030172150801276e-05
    },
    "dinuc_GT": {
      "rich_mean": 0.03857988165680473,
      "poor_mean": 0.04964185611958891,
      "difference": -0.011061974462784181,
      "mannwhitney_p": 0.0027381821402427905
    },
    "dinuc_TA": {
      "rich_mean": 0.11455621301775148,
      "poor_mean": 0.0541139831828091,
      "difference": 0.060442229834942386,
      "mannwhitney_p": 2.2562975889394682e-13
    },
    "dinuc_TC": {
      "rich_mean": 0.060355029585798824,
      "poor_mean": 0.06814076611647463,
      "difference": -0.007785736530675803,
      "mannwhitney_p": 0.10528649090376181
    },
    "dinuc_TG": {
      "rich_mean": 0.036923076923076927,
      "poor_mean": 0.05762690750545002,
      "difference": -0.020703830582373094,
      "mannwhitney_p": 7.876645847556732e-06
    },
    "dinuc_TT": {
      "rich_mean": 0.11337278106508876,
      "poor_mean": 0.0756026160074743,
      "difference": 0.03777016505761446,
      "mannwhitney_p": 0.0001521237395458134
    },
    "cpg_ratio": {
      "rich_mean": 1.00135026243141,
      "poor_mean": 0.8709594878519606,
      "difference": 0.13039077457944925,
      "mannwhitney_p": 0.4541779842946585
    }
  },
  "predictor_r2_cv": 0.705293637875364,
  "predictor_r2_std": 0.10906843823279169,
  "feature_importances": {
    "gc_content": 0.3771513199251607,
    "dinuc_TA": 0.321062705736522,
    "dinuc_TG": 0.0676157052518934,
    "dinuc_AA": 0.03829811836759437,
    "motif_coverage": 0.019507516340002105,
    "dinuc_GC": 0.016734438295560795,
    "expression": 0.015988674919485513,
    "dinuc_AG": 0.012655757776382328,
    "dinuc_CC": 0.01231515498556665,
    "dinuc_AT": 0.011993925550516284,
    "dinuc_GA": 0.009868995126126245,
    "dinuc_GT": 0.009346282663531932,
    "dinuc_TT": 0.008850639891729824,
    "dinuc_GG": 0.008629786499793067,
    "mean_motif_distance": 0.007690300310720057
  },
  "grammar_types": {
    "high_density": 10,
    "moderate_density": 11,
    "sparse": 4
  }
}