{
  "n_sequences": 500,
  "n_grammar_rich": 25,
  "n_grammar_poor": 475,
  "gsi_threshold": 0.0948495864868164,
  "gsi_distribution": {
    "p5": 0.06926472733418147,
    "p25": 0.07534965127706528,
    "p50": 0.08006975054740906,
    "p75": 0.08435472411413988,
    "p95": 0.0948495864868164,
    "p99": 0.10154692349334557
  },
  "gsi_mean": 0.0805718427275618,
  "gsi_std": 0.008203847641362477,
  "gsi_skewness": 1.9711047983025327,
  "gsi_kurtosis": 11.687182261183654,
  "feature_comparison": {
    "seq_length": {
      "rich_mean": 109.24,
      "poor_mean": 109.81052631578947,
      "difference": -0.5705263157894791,
      "mannwhitney_p": 3.2489021018753476e-05
    },
    "gc_content": {
      "rich_mean": 0.3883998900920914,
      "poor_mean": 0.46092727273573814,
      "difference": -0.07252738264364672,
      "mannwhitney_p": 1.7279055213785699e-09
    },
    "expression": {
      "rich_mean": 9.68543691886287,
      "poor_mean": 11.312047654733837,
      "difference": -1.6266107358709672,
      "mannwhitney_p": 0.0020134461532879686
    },
    "n_motifs": {
      "rich_mean": 3.6,
      "poor_mean": 3.7073684210526316,
      "difference": -0.10736842105263156,
      "mannwhitney_p": 0.3606891886543463
    },
    "n_unique_motifs": {
      "rich_mean": 3.44,
      "poor_mean": 3.5410526315789475,
      "difference": -0.1010526315789475,
      "mannwhitney_p": 0.3589563911566389
    },
    "motif_density": {
      "rich_mean": 3.2902170951040057,
      "poor_mean": 3.374955946258271,
      "difference": -0.08473885115426505,
      "mannwhitney_p": 0.7721375165367065
    },
    "motif_coverage": {
      "rich_mean": 0.2757549443017696,
      "poor_mean": 0.2869686129640987,
      "difference": -0.01121366866232909,
      "mannwhitney_p": 0.3672743102647994
    },
    "mean_motif_distance": {
      "rich_mean": 30.128571428571426,
      "poor_mean": 31.683616693248272,
      "difference": -1.5550452646768456,
      "mannwhitney_p": 0.8312912309062921
    },
    "min_motif_distance": {
      "rich_mean": 21.44,
      "poor_mean": 20.34526315789474,
      "difference": 1.094736842105263,
      "mannwhitney_p": 0.7779728552776181
    },
    "motif_clustering": {
      "rich_mean": 7.857844063489438,
      "poor_mean": 11.484992050947065,
      "difference": -3.6271479874576276,
      "mannwhitney_p": 0.1161874870781754
    },
    "dinuc_AA": {
      "rich_mean": 0.04950349983010534,
      "poor_mean": 0.03789252733598047,
      "difference": 0.01161097249412487,
      "mannwhitney_p": 0.0011543326091188906
    },
    "dinuc_AC": {
      "rich_mean": 0.04835256540944614,
      "poor_mean": 0.04927902848781482,
      "difference": -0.000926463078368682,
      "mannwhitney_p": 0.9559709796896604
    },
    "dinuc_AG": {
      "rich_mean": 0.04925844376486579,
      "poor_mean": 0.04660173914562829,
      "difference": 0.0026567046192374974,
      "mannwhitney_p": 0.38016670825961385
    },
    "dinuc_AT": {
      "rich_mean": 0.08243452259599049,
      "poor_mean": 0.06680511899436506,
      "difference": 0.01562940360162543,
      "mannwhitney_p": 0.00011136070111334984
    },
    "dinuc_CA": {
      "rich_mean": 0.060979680598029225,
      "poor_mean": 0.06290702736137357,
      "difference": -0.0019273467633443495,
      "mannwhitney_p": 0.9623229581483481
    },
    "dinuc_CC": {
      "rich_mean": 0.022516887529731563,
      "poor_mean": 0.029735049476837368,
      "difference": -0.007218161947105804,
      "mannwhitney_p": 0.11665849990667108
    },
    "dinuc_CG": {
      "rich_mean": 0.033259123343527014,
      "poor_mean": 0.05441600239879714,
      "difference": -0.021156879055270125,
      "mannwhitney_p": 4.9497947638016e-07
    },
    "dinuc_CT": {
      "rich_mean": 0.050128168535507986,
      "poor_mean": 0.05207079248830695,
      "difference": -0.0019426239527989622,
      "mannwhitney_p": 0.9304831732473788
    },
    "dinuc_GA": {
      "rich_mean": 0.04476833163438667,
      "poor_mean": 0.043419311639905284,
      "difference": 0.001349019994481386,
      "mannwhitney_p": 0.4688021475913603
    },
    "dinuc_GC": {
      "rich_mean": 0.04142235813795447,
      "poor_mean": 0.0604162006215478,
      "difference": -0.018993842483593336,
      "mannwhitney_p": 1.7812171816294858e-06
    },
    "dinuc_GG": {
      "rich_mean": 0.05989140332993545,
      "poor_mean": 0.08331323270060818,
      "difference": -0.023421829370672734,
      "mannwhitney_p": 0.000565167014279537
    },
    "dinuc_GT": {
      "rich_mean": 0.07363302752293578,
      "poor_mean": 0.07863490651610855,
      "difference": -0.0050018789931727675,
      "mannwhitney_p": 0.3654172309476562
    },
    "dinuc_TA": {
      "rich_mean": 0.07393054706082229,
      "poor_mean": 0.05635954762652933,
      "difference": 0.01757099943429296,
      "mannwhitney_p": 7.176026971272493e-06
    },
    "dinuc_TC": {
      "rich_mean": 0.05459204892966361,
      "poor_mean": 0.059717907480013155,
      "difference": -0.005125858550349548,
      "mannwhitney_p": 0.35865432664645935
    },
    "dinuc_TG": {
      "rich_mean": 0.07767312266394835,
      "poor_mean": 0.0814333628922381,
      "difference": -0.0037602402282897462,
      "mannwhitney_p": 0.7036960512693239
    },
    "dinuc_TT": {
      "rich_mean": 0.16371131498470948,
      "poor_mean": 0.1366119580159836,
      "difference": 0.02709935696872587,
      "mannwhitney_p": 0.00361130871306031
    },
    "cpg_ratio": {
      "rich_mean": 0.9374007329884221,
      "poor_mean": 1.0514652913111733,
      "difference": -0.1140645583227512,
      "mannwhitney_p": 0.10361354444557054
    }
  },
  "predictor_r2_cv": 0.24124732506017513,
  "predictor_r2_std": 0.09695509376098306,
  "feature_importances": {
    "dinuc_CG": 0.20805393137840283,
    "gc_content": 0.10919704154916622,
    "dinuc_GT": 0.10563490431710654,
    "dinuc_TG": 0.05516800603263475,
    "cpg_ratio": 0.049897329443862465,
    "expression": 0.04010462424928347,
    "dinuc_AT": 0.0378310513987483,
    "dinuc_GC": 0.03682551745213248,
    "dinuc_TA": 0.03602819027868866,
    "dinuc_TT": 0.034738152672800865,
    "mean_motif_distance": 0.026875596013455214,
    "motif_coverage": 0.024904116255495948,
    "dinuc_GA": 0.023795840582493073,
    "dinuc_AA": 0.021663423140378706,
    "dinuc_GG": 0.02139490428473214
  },
  "grammar_types": {
    "high_density": 3,
    "moderate_density": 6,
    "sparse": 16
  }
}